2659136894
2667451486
2667511886
2684158046
2675770719
2642245503
2650792573
2644435676
2644374236
2631717596
2623338461
2623339901
2623469933
2623461743
2640234782
2640141646
2684188638
2667570110
2663375807
2662846877
3065283756
3061089444
3073684644
3174470980
3040260868
3022168580
3043074580
3043013157
3072652838
3055975958
3190696502
3190753830
3195800038
3204188326
3199731870
3198889118
3215598734
3216663694
3182097549
2649421004
2632576380
2624122668
2557242940
3094097436
3094160940
3094287916
3102082668
4175824743
4226550118
3664529446
1513637926
1513703430
1513777158
440069126
440066054
507138055
511329287
510283207
401296279
367872671
367872671
367386559
367383551
367391743
350593879
350593879
350593623
351122134
284006038
1349361302
1349508022
1350556070
1350428838
1885202598
1885268374
1971248527
2003162959
2003104277
4150583844
4150583844
4150583845
4117100071
4117060918
3028114742
3036666230
3168718278
3168718278
3166688706
3166561267
3165971425
3170165472
2633265888
2632995440
2624672336
2624811856
2507236192
2507170148
3044136293
3052652917
3086145607
3069425750
3060906230
3056711878
3056835654
4130504782
3996287438
4000493823
3983712493
3965973740
3965830508
3961570092
3961578020
3961741876
3966968372
3966772771
3966774818
3966773538
3966900306
3975547074
3988146307
4021733505
4004961665
4004706176
4008940416
4006843280
4017197408
3979650336
2904859936
2753883424
2753882913
2754079265
2774727203
2908937779
2950876691
2934032242
2929771346
2800800082
2792415586
2788188642
2804949478
2771518902
2771518870
2758938006
2762082198
3836872582
3853596550
3853526431
3887082943
3882891487
3878750431
3877771487
1734486239
1709337807
1688395919
1822666895
1822523855
1710268925
1701880292
1731244004
1731308260
1714600676
3877821156
3877787332
3844567749
3844502519
3857170790
3852780582
3853289510
3886843926
3802966018
3807160323
4063159297
4130271489
4130230545
4146987377
4112975777
4100411297
3835841461
3835873671
3852704135
2812325255
2816519639
2803937143
2770382623
2770447935
2753668655
2753599023
2753610287
2753679935
2770727486
2774857262
2808399654
2800046071
2800045559
2800077301
2732935413
2724682965
2741468357
2741462213
2742445509
2708894165
2717275543
2717218215
2783215079
2783206631
2812300390
2812695622
2800103494
2808553799
2804162919
2770605543
2754026935
2766286743
2762095495
3030519687
4104324495
4104135055
4120928415
4158677247
4129312895
4129354783
4146326847
4146261309
4116970269
4125346333
4125605405
4125533709
4159156749
4160016975
4143236063
4140876206
4132487343
4134589679
4151540967
4151470279
4151470277
4143082949
1995595125
1986085943
1981890583
1981894711
1445158966
1449320710
1449317126
1440989702
1424082518
1424350935
1961220855
4108704439
4108696231
4109740965
4109680101
4118083061
4118143957
4151697941
4147339799
4130550335
4130419247
4134551406
4142938606
1991248110
2125531374
1605504143
1608662159
1566729423
1566757967
527693085
527541549
519153469
1583589149
1583584541
1466012989
1970373949
4096885885
4096890365
4097293805
3832979437
3833040621
2758250207
2766519935
2766513703
2758074919
2753880615
2753884711
2770655015
2770650919
2808466773
2816630213
2799852997
2799830215
2791380215
2791321767
2787123367
2808161703
2766286239
2762096519
2763136919
2763251095
2763062405
2763041989
2784013381
2803940373
2787228724
2787355941
2787288885
2787291671
2787295767
2787230262
2803913254
2686468710
2690975462
2699497398
2695302550
2695173526
2695897246
3785367774
3823312975
3815125003
3815121163
1667703097
1906582824
1889801512
816122888
816659464
283909384
276598024
272403720
813468953
820874521
888116312
938381512
909021324
1982763148
1982763149
1982771605
1714336439
4012307110
3961942690
3974370982
3970177766
3971250918
2897505222
2931255750
3203853767
3202868679
3194343895
3195322597
2926887141
2927002749
2918620509
2767630141
2763304493
2767498797
2775879229
2771686973
2771703405
2770653805
2804270055
2804367863
2791784950
2800025830
2791575782
2791317734
2808160438
2774672534
2766286214
2762087302
2762083207
3030464903
3030395031
3047189653
3047216325
3051410629
3043008517
3043206149
3043140917
3076693796
3077021216
3060252208
3060176385
3060171265
2791817749
2791625511
2787435878
2804184102
2770619438
2758102062
2758171982
2766562830
2767644174
2768102918
2768041526
2768035367
2809978151
2793199911
2793209175
2793336135
2791237575
2808014839
2776549367
2759837079
2893399477
2900673701
2917418209
2951042289
2934333633
2925666369
2921406549
3189772391
3173056743
4234293719
4243730247
4239526469
4239592005
4239407941
3702532871
3702549767
3697659142
3748119622
3727152454
3727675718
1585443286
1585439206
3739083747
3738559457
3754292213
3746022100
3746022084
1577542356
1577395924
1577396165
1581716957
1581581807
1606694127
2110024938
1960111322
1960312266
1960281482
1440188362
1440060890
1431622906
1431617662
1427460222
1427579950
1410737198
1414931814
1423849191
1436419765
1436354180
1469904516
1457305476
1448916372
2115876276
2120201685
2122294069
2129961511
2145690151
2137371183
2099565101
4248074029
4231359789
3698735141
3707111460
3640068149
3633780741
3637918979
3637933314
1490505986
1498890514
1499353458
1532903890
1541294034
1532956050
1532763570
1531735474
1531733427
1531802035
1540116913
1590452645
1590453236
1583310708
1583177012
1583110452
1599924532
1566436629
1549727493
1549698823
1549697302
1548517670
1548526630
3712787750
3708597622
3746469714
3746478035
4291733153
4287623840
3180189344
2646918820
2638499492
2668580580
2669026900
2669096708
2673159957
2681480487
2677814566
2577138734
2577142822
2610713702
2606548070
2602337494
2602407106
2601428354
3641615747
3645302403
3720795779
3720790673
3720757905
3720692369
3712250849
3713331237
3698644005
3698625573
4234451005
4251363341
4247169037
4280727821
4281700109
4283729453
4283757293
4283785961
3143049967
3143045855
3109356222
3100901806
3100910830
3096739046
3096959174
3184974918
3219057735
3193939015
4267680071
4263506263
4263506295
4280112103
4280121319
4284442343
4288640743
4287975909
3214262485
3218391237
2673132613
2669007940
3206016260
3175546644
4258717476
4258780964
4241810260
4243972676
4235612741
4235608646
4231399134
4248117230
4248059886
4285800430
4293213646
4293357006
4289062351
4290048511
4294242815
4294230495
4283814239
4267112255
4267108159
4267108159
4267140407
4267561255
4284272741
4250751357
4250751325
4250755401
4250886921
4250826553
4292763449
4276046651
4275849755
4275329546
3730622986
3730624330
3730621898
4278042842
4261331098
4240363706
4240371898
4244566203
2088755359
2088755389
2082336941
1964826797
2002576621
2002085357
2002072573
1968509645
1968517852
1951871704
1951871704
1347892953
1358307289
1370949977
1404897563
1388083211
1388112907
1387068507
1458361435
1458565577
1450103241
1466876377
1429127657
1412338155
1412411775
3563954494
3563888958
3563888958
3563889470
3564938814
4101877294
4108167790
3034577510
3036666471
3036536423
3052193125
2976727349
2540568837
2519077125
2519080964
2540056628
3086318692
3048491301
4119972213
4120042823
4124222791
4149323079
4145057887
4128276575
4261520509
4261667965
4265796709
4267111789
4267067391
4284434398
4286519262
4286266718
4118486078
4118363198
4151917630
2012816670
2007523646
2007523647
2007523644
1974170900
1441428548
1466582212
1446659284
1444627876
1980265380
1984746148
1993130661
1976555197
1959722637
1952377485
4099926669
4099795613
4099205807
4099206910
4101301886
4126466926
3081040174
3081039918
3081077038
3086320942
3077883710
3040726559
3024027149
3024022285
3161352989
3186457391
3181993519
3219849759
3211330079
3194491485
3194508269
3202928872
3202927848
3198721260
3203180620
3212815436
3179193613
2906564365
2906568253
2771748399
2771689327
2805464943
2805387263
2805911503
2772336519
2776590231
2776455079
2774861223
2774816167
2808370597
2817873397
2800874773
2796610581
2796610567
2799821831
2791564294
2808542486
2774990630
2758200935
2759773943
2768162757
2768100805
2768039253
2783767925
2783241575
2774852967
2770727654
2771841750
2769811142
2773809110
2782199270
2815745382
2811743542
2801157895
2792847111
2787403527
2804180839
2805421541
2775993556
2767603844
2768160964
2763971028
2784885108
2818370868
2801591572
2801655812
2793398343
2792222950
2804732134
2771207334
2754497702
3827981718
3832159894
3840611990
3836220118
3836224326
3840418055
3832291335
1684869143
1686045751
1694370095
1690179887
1706507135
2007317071
1990557391
1994643151
1987298255
1987166703
1985012079
2001789295
2001789293
1976821101
1978859373
1979043565
4160079615
4160145359
4149666639
4149592911
4149539646
4149540654
4149540655
4157892399
4124402541
4108284249
4108277193
3571402201
3562423773
3562462685
3562536957
3579180671
4124374655
4124370527
4157928029
4149605247
4149735807
3609096703
3609084383
3613262334
4150137310
4158617054
4158619134
4057857262
4057790590
4040996955
1910291529
1901896776
1646044360
1646063832
1646129400
1646153961
1646149865
1650327659
1633617262
1625235034
1625233994
1893677774
1895766750
1891441374
1906136734
1939633038
4154253774
4158447998
4124873006
4106060079
4106204469
4106202421
4110281061
4097633124
4114604020
4145958532
4129166981
4133425885
4141290493
4141158893
4159983981
3589558335
3589628943
3581279242
3581729050
3615287594
3598712106
3607002395
3741283595
3741012233
3740864795
3749269818
2637780282
2642042682
2623196954
2493173274
2493036090
2509809534
2543362525
2530783676
2522382764
2518466988
3592372652
3525194668
3541967292
3508412924
1880498521
4034806537
4043263769
4038908441
4043090441
4126976523
4146899483
4146902539
4146889226
4113072714
4100555114
4105080939
3836649579
3836652587
2783881245
3074353229
3057577293
3055478223
3057570254
2789130750
2810069423
2784969647
2765959855
2761712301
2761713324
3029083836
3050122956
3041734348
3076276060
3011251556
3002868773
2997707799
2997841990
3064918102
3018772598
2972632182
2955856982
3024018630
3024023494
4102022854
4099794551
4099916535
4116529911
3044898407
3036444455
3032241189
3032223789
3052937276
3212517384
2658809096
2654621448
3195784760
3204053736
3065572073
3065573307
3065808266
3015476106
4060009370
4047397562
4047381178
4080940986
4080939434
4064092334
4068286638
1941770446
1908146186
1891581962
1353638921
3501173016
3501042488
3501042201
3567823385
3572021787
4101541579
3040379595
3040707226
3040772794
3078529451
3076448429
3076284653
3075764437
3071762567
4145438871
4149617047
4116058519
4124508663
4160492007
4156301807
4122748269
4126961501
4127025929
3581897481
3581901593
3615346489
3622620985
2532103481
2532102425
2533146649
2533179423
2550132799
2516574254
2516509742
2516513134
2550055894
2550121366
2482292630
2482304935
2473917861
3507776941
4045171613
4028509837
4028505741
1883115165
1882719935
1886922431
1911038398
1911042302
1906839678
3517452318
3517722654
3517935642
3248846106
3248782618
3248782106
3282434874
3248683835
2242026297
2241891096
2381352728
2370864472
2400486873
2399506938
2400170238
2668536046
2634981606
2634715302
2622136726
3704267653
3700074116
4257914564
4279814740
4263037748
4263303460
4129155108
4133481516
4141863964
3873423372
3863969884
3860771036
3843991252
3827220164
3826961109
2757483254
2759408246
2960665206
2960927270
2960932390
2976648230
3014396966
2544634918
2545753142
2512270406
2543772870
2543826055
2543096964
2278850708
2266268052
2234811316
2486669988
2484532900
2484498100
2484497108
2486529012
2486462948
2490689765
2514942277
2548489669
2527511493
2527445703
2531570278
2520032046
3056919342
3073701166
3042241838
3042241582
3033988367
3050757453
3084305868
3059206140
3059073780
3059204661
3059073845
3077895461
3052725543
3036146967
3036605703
3162431238
3179269718
3172812646
2669434870
3206361430
3193381190
2681611350
2681680998
2677302374
2660525167
2681525343
2681656655
2673276685
2639705613
2648159837
2631251556
2631202412
2622801772
2619098493
2619164125
2619221493
2640192999
2648319479
2677749237
2677749141
2644079765
2650305684
2650301588
3716015252
3716084884
3713986965
3608662453
3610625957
4113942517
4114014037
4118195733
4160073247
4143226687
4143230271
4135363647
4129157182
4129148990
4146053183
4097753407
4101948191
4100867599
4109323781
4109228565
4109228917
4125940709
4160548285
4133348749
4129124749
4145496477
4116136877
4116140975
4124406255
4124341551
4157895999
4159989007
4118112015
4118214415
4101955359
4101950765
4127186045
4118770765
4135470285
4135452877
3598647517
3607040429
3619633071
3586078638
3569098670
3573317566
3564959674
3560830622
3577651918
4118782478
4126974494
4126978598
4126975783
4117538599
4113542453
4147838261
4147829813
4131048564
4135470324
4068409556
4085186965
4051645365
4101972903
4099879599
4108129263
4108064255
4057216335
4057214223
4090985487
4091476253
4154390812
3602766108
3602775836
3604871004
3613384972
3613356052
1562316821
1545404467
1413283874
1417552162
1417552738
1425933046
368968390
402593414
385687431
374891957
370697389
386687209
319611385
857600329
861832969
872319545
855411307
1929161323
1929166666
1920829258
1920958730
1736343834
1702798106
3850281787
3850282283
3850282031
3850367023
3843879023
3843846383
2904371422
2757636598
4110292710
4106096230
4122807894
4122750534
3053217350
3086575175
3084514135
3084506101
3084502741
3084490461
3008945885
3004759773
3004755709
4078567133
4078587901
4082763693
3009353148
4124905916
4108136668
4108132604
4110366068
3573429524
3571328261
3571201303
3566474614
3566540018
3585488018
3623249042
3621090450
3344298387
3344429441
3344363968
3346453252
3346387476
3345281588
1197762084
1197762356
1432745268
3588611109
3589790823
3556150494
3556150414
3556215950
3530929598
3526731182
3526731774
4063724382
4080501534
4083528510
4050510638
4058898735
4060082471
4051682645
4051682645
3780498805
3776771429
3810325861
3809803765
3814055413
3814088149
3814088149
3814094805
4082579447
4090967798
3017219798
2984058582
2984001270
4057743286
4040963510
4039062678
2965255318
2964812951
3031790837
3035919717
2490430773
2486232853
2485186327
2502029078
2541055254
3556211014
3535231447
3533098151
2459356325
2459358357
2532832389
2457121941
2452919797
2434839925
2955065143
4028802837
4033001237
3773030165
3773037332
3773037364
3764476708
3777044260
3777302821
4045746471
4028895542
1881477398
1886721846
1893022514
1887710018
1887713602
1888274754
1401867458
1386123459
1386123328
1392148736
1920700720
1916510496
1933290544
1931455600
1931323488
1645000929
1712114913
1712278759
1712194775
1716393463
1715958759
3888603749
3839190645
3834996245
3835029013
4103403061
4120180325
4085573221
4131709815
4127515479
4144419703
3842425127
3762734375
3771190583
3772242207
3838703887
3847084111
4128069838
4128201950
4128117982
4132319454
4158591470
4259255278
4237763310
4237764318
4237651670
3163881206
3163871142
3184842230
3171202263
3171333581
3038164300
3042359052
3025655612
3027564076
3044304428
3078043196
3061200428
3069646441
3203663851
3203401194
2664498330
2681345162
2648061130
2648136910
3717717246
3587695855
3587564639
3579094349
3608454413
3575101253
3577126773
3581329396
3589709781
2549452789
2538899429
2538919911
2534928887
3071766998
3038081398
3027505510
3036090726
3030847846
3030742502
3047488742
3051677943
3072637127
3040118853
3040250884
3027681028
2766579204
2779226644
2783228468
2804721204
2805841452
2805971748
2805832484
2772290349
2755644222
2755579406
2754606606
2754471486
2892788270
2909012590
2942567406
2942571510
2942767550
2942767518
2917471382
2917414070
2913221822
2913417374
2914400414
3216386189
3214305484
3214403788
3218533836
2683737932
2675344972
2675299916
2641683197
2500879087
2484105967
2488488935
3025621479
3050784215
3084242391
3084246357
3067407701
3059019205
2522197447
3054941639
3075921351
3042362823
3042166135
3025192293
3035686693
3035686693
3052660533
3044235029
3044362037
3044361525
3027588407
3036108087
3036108086
3170204982
3170204982
3178528630
3211814750
3071375310
3058791838
3075728830
3084054943
3079860621
3079837068
3083896732
3075528684
3071338472
4113622888
4096976696
4095890745
4100080927
4100413214
3026679614
3026712382
3051672958
2784269598
2817828110
2815927310
2815933726
2815803199
2809505325
2805380668
2805368376
2805450360
2804205160
2787432168
2787427945
2791621993
2791589227
2799989882
2799984734
2816942174
3882234974
3865457758
3873848446
3873778799
3874763887
3870692447
3868591183
1721115663
2006410255
1972763919
1956117775
1956618063
1960808399
1952419791
1948098446
3826100158
3825575590
3829786278
3846494118
3846489526
2772760038
2772821222
2774002806
2782321942
2780204855
2780268068
2813629988
2817847828
2775900740
2805262036
2788646628
2788626148
2786398181
2790591726
2801079422
2796892182
2797019142
2813747206
4109787142
4109821190
4109819398
4109879831
3027618359
3021265526
3038015046
3071635138
3076290034
3084666082
3046985958
3047052502
3030283458
3034545619
3034414577
2967240161
2984080544
4091376800
4091486384
4067897472
4063494292
4061397172
4061622500
4065748453
1935144439
1942282198
1908730454
1908714070
1908709911
1884658501
1884733253
4048987460
4046889284
4114056180
3809838052
3814062053
3797280743
3796959206
3813735910
3815822710
3765916946
3832960274
4100338994
4108795171
4108795169
4108786993
4126612753
4160097601
1996363075
1994339139
1994208082
2144957426
2111332834
1557684707
1557684707
1549295863
1549333975
1415241047
1434110277
1467665157
1409010437
1392369421
1391253277
1391249212
1944863548
1937527596
1933340972
1900015917
1904144701
1937699101
1944057343
1942811807
1934412959
856443039
856639647
856586399
860237246
1900422078
1909920702
1912034270
1911026462
1907221310
1907139374
1908187950
1891415855
4038888236
4036856636
4036664124
4043221820
4034833884
4114597325
4148150671
4147528078
4147516318
4147520446
1985422254
2127898094
2126321006
2126320958
2126016522
2126013450
2130240778
4285130011
4251512107
4234735403
4234796841
4243312249
4255764184
4293433048
4276663032
4268352248
3191599836
3191509981
3212477421
2952430447
2917110382
2900211230
2887575054
2887575070
2889414190
2889369130
2910340970
2910328314
2952279194
2952279227
2952266923
2952332441
2918847625
3170526409
3165316184
3165381656
3165376776
3169382664
3160989980
3173770540
3207263532
3212506429
3212467549
3078561117
3076330877
4116657653
4116583413
4108190677
4108272597
4108145109
4041044437
4032684485
4049462741
4045270517
1930287573
1930283975
1930285015
1918361303
4067940215
4076851511
4143837239
4143767607
4143767607
4143771767
4135571927
4133409759
4133381886
4150159086
4116543215
4115955183
4099175679
4099175647
4099273805
4099404825
4107777305
4107771449
2763495997
2763504189
2784341532
3077875229
3071603261
3071562493
3071541933
2803184303
2807501231
3084189870
3014986927
2980383927
2963740807
4038469767
3572902022
3564465606
3564437494
3581202790
3623272790
3623264518
3605442822
3605500215
3613700391
3580147493
4112826148
4096241204
4097224221
4118211101
4151757341
4133473055
4133244191
4128535862
4132769910
4132765910
4149608694
4099281062
4040577186
4040606898
4036138371
4036148673
4040406465
4056989136
3780161056
3813715488
3809656352
3809906228
3809850932
3811893812
3811861285
2704736613
2771845607
2759262375
3840216231
3835955367
3852732583
3887560847
3870746767
3870813583
3875001550
3866607838
3862286591
4130631919
4130627951
3861340527
3865457518
1717965662
1709642590
1692874590
1961312222
1961303002
1961319370
1961196235
1952804555
4117001949
4150293501
4151366508
4142977837
4155568941
4155565885
4159760157
4126404415
4109557046
4109552950
4107455798
3033779510
3042041639
3075532597
3192973076
3188844288
3188974864
3193066800
3066185008
3066250528
3078968672
3079108579
3080026082
3084146086
3061073318
4147430582
4114076822
4095145094
4095141254
4095108998
4099305094
4107763350
4107755254
4103362534
4103361639
4124336167
4159762485
4134793236
4134728988
4134731548
4151483228
4149386076
4157847900
4157651277
4149255245
3071328477
3073499629
3039978477
3044156143
3035759271
3031630502
3031450278
3031455462
3051417574
3038834134
3072572750
2804071694
2809308175
2817762317
2817635612
2804974876
2804995900
2788292392
2788325161
2788308843
2788296174
2801222846
2796897470
2813773210
2778133963
2778178889
2782179085
2773790268
2771711532
2704655916
2687850237
2755089325
2768192431
2768192942
2784839102
2784844958
2809457886
2809523247
2792877117
2801255692
2791698700
2788516620
2805424652
2771792445
2775974510
2767521518
2763261678
2763280382
2763283918
2763385294
3036014798
3027565759
3025534367
3021464973
3038175693
2803356125
2807547757
2790651693
2801139492
2734030628
2734028628
2734155716
2725767109
2742409125
2742403495
2707898790
2686931126
2686537910
2686669054
2686603550
2690856206
3764465439
3831507743
3856673593
2812754233
2795968793
2795834569
3065790665
3082568153
3051352441
3051340601
3026178585
3026052669
3028151871
4097829695
4097825070
4252879214
4269755726
4269688142
4278075406
2130591774
2122126382
2122065006
2117870830
2115838094
2132680838
2145256086
2141061798
2139882150
2106352310
1976328798
1422714398
1423882015
1421778207
1421774111
3573386559
3563885871
3564944751
3581709823
3615411679
4152285663
4152289759
3086920191
3084890077
3084892109
3075973837
3042226941
3025441389
2756744044
2767300396
2758917420
2758854445
2754663213
2771636799
2771538463
2771539582
2775781102
2775583726
2783985087
2783982749
2817724557
2817675404
2817708236
2800939228
2813586748
2817567032
2817567544
2808331064
2808331032
2808192792
2808185400
2792473144
2792477209
2792452395
2792382762
2792359022
2791574766
2787380414
2787515550
2792766606
4134940046
4126547854
4109834894
4105247631
4104208263
4108414343
4108412375
4108444151
4108378597
4125155813
4125156221
4109558367
4109563399
4101086743
4101044783
3023108655
4097047070
4100184591
4117093951
4160014191
4134912477
4135022733
4134883485
4132787372
4132920492
4134952173
4143340765
4142292045
4142396693
4142264639
4142195007
4133856039
4150702903
4112945943
4096235271
4096236871
4096235863
4096232279
3966226231
3966226215
3974616631
3991233335
4024721703
4024721511
4017377509
3979625645
3977671837
3964824717
3964829069
3989984975
3855828687
3889190494
3882903098
3882905146
3882938154
3857800490
4126560058
4125509134
4117120590
4118102606
4285813758
4283790846
4157957358
4153763054
4153794815
4137677277
4154323404
4124964292
4099798996
4099858420
4118728676
4118793828
4148028981
4131251991
4135384439
4269659494
4286477790
4236137678
4235609294
4235546110
3161742830
3170172782
3165712174
3165712174
3180373294
3213927742
2945495822
2949747469
2807136988
3071394476
3038167720
3038134952
3021277096
3021280664
3023256984
3027445945
3035719917
3030480957
3030506764
3030443276
3030442765
3043205893
3043414295
3039215926
3073818918
3074413858
3073375522
3078614307
3078610227
3078475009
4133342533
4133475653
4133418437
4141807045
3068130807
3067999655
3067998630
3059601830
3076280742
4116476838
4099352246
4099288726
4032182935
4034202295
4034137075
1885609410
1885420610
1365320706
1373843474
1474523154
1457774610
1453580563
1457693443
1457952259
1457950209
1466354369
1416481681
1412225953
3560764833
3564691879
4118405543
4261147063
3220955607
3186222878
3169365566
3169364526
3169380910
3169381947
3186447882
3186381338
3211018730
3195289771
3195355307
3193390235
3210112207
3176556751
4260817023
4260821119
4259765327
4251317327
4248068110
3711197206
3711332646
3715519270
2629194278
3031777815
3031750165
3053245980
2549997084
2548021852
2547890940
2531048444
2522676732
2518482044
2518537308
2518073367
3054944294
4134990118
4143370278
4159078486
4125528262
4108751046
4100441286
4096120279
4096097773
4096224236
4112988780
4129634876
3865860668
3874250540
4137975101
4138198303
4138131470
2011619406
2003267782
2000027782
3610640822
3598057894
4134606246
4159985126
3052695526
3031789510
2495080135
3568694983
3568685781
3569218293
2499569316
2624874148
2620686240
2620677280
2641414372
2675100868
2666720325
3597853699
3613648130
3580096770
3563319570
4100052258
3026310498
3026245474
3036010482
3086407619
3061216067
3061125953
3054774117
3056871271
3061137383
3082034671
3082554862
3049020846
3046954382
3051156879
3076370831
3072242127
3057562061
3057562973
3057558844
3061689660
3061623084
3074226492
3040860476
3044466492
3027686765
3036139903
2784350591
2784351087
3050783591
3084210743
3084216087
3050598195
3025480995
3027574049
4095018259
4095149315
4095086851
4099801363
4108206387
4104049987
4127129027
3607092675
3598551939
3598551954
3598573490
3598579634
4135380390
4133283302
4133250542
4143735919
4143834239
4127188023
4110345239
4110349317
4108227909
4108289349
4099905013
4116559072
4150244576
4146042321
4246652353
4248755793
4248239667
4248262179
4280636962
4012651042
4263780918
4268045142
4294250822
4256634071
4239858935
4239858933
4237638869
4241779957
4242335205
4250723317
4284474311
4133393351
4133389254
4135552470
4135435646
4152143150
4152225071
4135450415
4135416365
4147982893
4152169020
4118217597
4101308797
4109702637
4105640061
4103477581
4103497999
4120176927
4157910303
4141131021
4141134093
4131688797
4127495149
4144792237
4111303341
4094609077
4094621317
4116117143
2773808615
2952062055
2952061991
4025872407
4294369287
4252393479
4235617031
4231403047
4231335655
4235476711
4260641703
4260723127
4292299141
4292234629
4292179845
4292141701
3084182199
3084215014
3050402534
3075560422
3077591398
3085979942
3086012478
3081891870
3086083343
3086331165
3010830109
3006697245
3006697229
3812527885
3812591373
3776677725
3760179069
3764377453
3764250477
3764184364
3764187436
3779915820
3779912060
3814716757
3814610885
2740870871
2740903655
2749194215
2749124566
2749121990
2793230662
2793304902
2801689446
2801787750
2801656167
2801595767
2817842269
2809518173
3847731533
3847679309
3877044173
3877106685
3793023917
3860095917
3883233711
3790947759
3773236670
3773173190
3773177158
3764860166
4100203574
4108592167
4104397927
4155909477
4155922373
4137043909
4141172679
3612636503
3612636214
3612632102
3579175974
3581862966
4118740230
4118732038
4127117063
4127170389
4160600053
4158428917
3076379285
3042308757
3038212821
3040301813
3040154597
3044808679
3078366575
3086826815
3080535135
3080485983
3080481887
3047023823
3030185423
3034437023
2489305023
2485044926
3038729918
3038607294
4150076862
4158071198
4160098766
4155986399
3623178621
4126438717
3564398397
3563448092
3563450172
4117100348
4125618972
4151833357
4135010573
2119516445
2119520557
2136986989
4292869481
4259314025
4261272025
4252294601
2138363337
4147429768
4130849160
4129735064
4134982584
4160157352
4122406636
3031887596
3031821916
3027562252
3023316749
2419339579
2435060010
2481197354
2477130026
2477654314
2477719562
2444759114
2511872218
2230850810
2222595465
2218417032
2217400969
2486155979
2486025163
2502929739
3614417994
3606950091
3606884537
4139360424
4141605032
4133478572
4131205292
4147970220
4113973676
4100346285
4100117295
4108370490
4116770314
4112574987
4112575241
4112575241
4112709945
4117133625
3051750665
3048538441
3082228731
2543260650
2526356074
2526290474
2547267114
2505313838
2484538910
2488680138
2497523146
2496419006
2223554733
2240331948
2241458332
2379866508
2407049092
2670313108
2653597412
2657790821
2657789990
3194861606
3194260502
3206978566
3206980614
4247166978
4231450898
4229383139
4095152802
3829727907
3838247591
3834053253
4124522373
4158006669
4141236173
1993805661
1995708223
1475356479
1441817371
1961944345
1962073369
4109551897
3723921691
3757480202
3732323598
3728704846
4264329678
4264395214
4285186462
3186283438
3183141550
3183010479
3220759469
3210273165
2920866956
2920916188
2942145768
2908724584
2908683609
2908153099
2908153147
3977516330
4011066682
4010880282
4245824890
4233242410
4237427246
4103537215
4103406349
3566479109
3565972804
3570198852
3293362628
3309996928
3335165568
3332014720
3336209024
3747594928
3745269408
3711712929
3711708643
1564355683
1601840179
1593442307
1593450496
1584996416
1601757408
1576576228
1555605924
4239956916
4240087732
4290484951
4273708742
3068827142
3056239158
3056304678
3056435750
3057034022
3057049895
3078087975
3075954021
3042332117
3027635589
3028159877
3036552599
3052215463
3052149927
3085712567
4159450295
4142738598
4142728422
4159378774
4125843718
4126007558
4109148934
4109148967
4100761125
4097615396
4097617460
4095000068
4111924804
4111924933
4145466871
4132949478
3067473382
3063348598
3197566214
3203841286
3220545047
3169103396
3160780324
3169822228
2893018692
2893861612
2910609828
3179020455
3161718950
3036086434
3036020914
3036030418
3034983874
3034851666
2506365010
2523809987
2532231363
2532224067
2532222274
2524227330
2524227126
2536896038
2502844198
2507087142
2507086886
2516517950
2549875758
2549888046
2533102639
2526877052
2526959356
2543574684
2543376004
2513998468
2501415572
2503717620
2503647836
2503648012
2541397775
3061504890
4135439338
4129082282
4145338794
4111849866
3826482314
3826335882
3829645722
3839030186
3973178090
3975176827
3832554009
1697653305
1696743208
1700927848
1709508840
1743063176
1642408072
1642540169
1643520139
867569819
867647642
870629594
862249018
841261098
841257003
1915131179
1919328043
1923516987
1923516955
1990502922
1994697482
4133857034
3610690314
3610690330
3608560442
3574993770
3713410559
4258684383
4258711775
4254517327
4257188943
4240223567
4242319199
3160187455
3156189757
3155923572
3021591268
3025729504
3024676832
2764629984
2765705888
3050979968
3042595457
3076141699
3071869874
4145807778
4145807590
4150005990
4160042238
4160109646
4160629838
2145331214
2111055886
2111134078
2094353262
1549098558
1574725134
1608348430
1591701838
1591664966
1583247574
1448493270
1448427702
1465183655
1976953253
1955064804
1959058412
1883561788
1879356940
1897181708
1628885509
1612108309
1616823847
1633472231
1632160487
1648921253
1649122229
1649065348
1649128644
1648984180
1649967140
1650163764
1732173837
1681842189
1680761631
1685988911
1828589166
1828065002
3975416570
4243851930
4244384666
4244384219
4244445401
4240268540
3720180956
3753664844
3753714444
3758039556
3757978165
3724415783
3717677350
3583328366
3717485678
3721685246
3478407390
3474442446
3474385038
3458197646
3726632138
3743334730
3753820954
3752772139
3752702504
3719078440
3719081512
3715955240
3694971432
3709783848
3711878525
3711877246
3711262938
3724304606
3719086302
3702243807
3702162909
3585785820
3589975036
3623398296
2540220296
2519318472
2519631832
3056517849
2988884601
4062691899
4083438123
4091832170
4054183402
4054253034
3790068906
3782005930
3778855066
4081041610
4080976090
4085178490
4085211198
4051509518
4034863630
4034802222
4042916398
4036693549
4036512301
4038621981
3500697869
3513314316
3542799372
3542762509
3542746125
3546940477
3521840429
3522705391
3554158319
3529110189
3537621661
3536425613
3532424076
3532423612
2458685868
2454497196
2468259500
2434704108
2434720460
2487116492
2417362509
2421624365
2424248623
2431387694
2431392814
3500942350
3568242702
3567976462
3299409966
3295150382
3291075102
3307906567
3593120581
3593189701
3593243109
4264332453
4264330655
4268725198
4269716174
4269711966
4265517870
4128563502
3054788910
3071685758
4132832511
4141814975
3080656285
3031842188
3036036492
3036106124
4101328828
4099163893
4101273205
3077858837
3069470231
3065505335
3065435942
3069676839
3069480231
3059057687
3059061767
3210059783
3210060053
4246200613
3155612455
3155575591
3155562359
3155638774
4233370086
4187228582
4220852638
4288102287
4288100239
4259054479
4242289583
4242284973
3705479597
3583865279
1440510175
1473536461
1448404253
1444412729
1444346169
1377212697
1381468937
1381271817
1389727049
1922471113
1926673629
1926672637
1935052909
1899925549
1883148381
1882190021
1881563332
1881538788
1881539812
4033154532
4042268388
4052758244
4051709492
2977973812
2962440756
2427634183
2426528262
2493834790
2246364966
2267302886
2250509222
3593357718
3593390470
3593132163
3530155153
3538657408
3555369088
3521806528
1911128080
4117278753
4096566563
4029459750
4029525798
4029603622
4029597494
4029498118
4030468870
4101776182
4127007526
4122813230
4156372782
4156364046
4160576782
4118629647
4101983519
4235872527
4235880463
1551521807
1551596599
1546200118
3626508342
3630706710
3689628662
3668624038
3735732898
3735811762
3735613059
3731418771
3743999921
3694846849
3694817728
3694809168
3562602528
3562803232
3564965924
1467901188
1384015116
1383008012
1382878924
1382813320
1391200954
1390746282
1404378026
1374968234
1442108858
3581210762
3581714570
1441767626
1420800362
3568148970
3568149482
3589253103
3580801005
3610159060
3610677700
2541125972
4151808276
4150636852
4150654260
4150650165
4150650157
4150721839
4133934382
4268737854
4286434590
4286446870
4286315862
4286242175
3212498397
3212563916
3212571084
3177968460
3178190420
3161413172
3103610404
3099340324
3116117540
3132892719
3132897070
2590508094
3660121142
3660207126
3660210182
3660505094
3678330886
2036260934
2026878158
2018294990
2018289854
2018306222
4165920958
4174306718
4174269854
3705229310
4244133870
3170396078
3170465726
3170587326
3168654015
3030184621
3034358444
3034096316
3025712892
3021782876
3021773116
2755500348
2755639324
2771364892
3861898268
3861835804
3862839580
3867017596
4152297444
4133298148
4135399397
4143263223
4143783382
4138665174
4138669254
1991139526
1387193798
1391457990
1408075478
1366070878
3509163614
4029544222
4029543743
4100846895
4109229359
3035479597
3035610685
3035606553
2759171609
2759106109
2759114285
2759114541
2759237436
2692144908
2688018205
2687788909
2704619501
2737242541
2725052847
2734489791
2734490782
2747217086
3787404478
3770643631
3770537183
3787248651
3791432713
3816598541
3812206636
3777669420
3845040428
3833511709
3833517837
3850367813
3846140247
3879539175
3862168039
3862233511
3881898406
3856805782
3835829126
3835825030
4104341894
4037078406
4037076359
4108379591
4100047303
4100051415
4116832615
4116832295
4150386735
4150383679
4150381855
4158905151
3085089343
2812451389
2795608636
2799736092
2787422476
2787479820
2788606332
2805388004
2771841765
2775995047
2766425766
2766429094
2766428646
2762234086
2779602134
2817422534
2792251462
2787975286
2787905894
2770674022
2755012566
3036032726
3030780550
2963410566
2963279767
2963287959
2980062613
2481001861
3547550853
3547586709
3547439333
4083197157
4083201111
4079074311
4079139847
4079138823
3882003767
3881942311
2783033125
2774762021
2804322876
2787611188
2787497780
2787434276
2925854500
2935349028
2935480100
2935484180
2943870292
2905985364
2753937748
2754003925
2758177525
2766567159
2766503862
2766174630
2766166502
2782943462
2816677078
2799841478
2791448774
2787189247
2803970479
2770548671
3840031391
3835828879
3835824775
4104134022
4120929422
4155564190
4158709982
4146312414
4146242582
4112690199
3038948631
2774708023
2766313013
2766373397
2783412757
2783302197
2774823461
2771657575
3039831015
3023111591
3023113639
3026390439
3030588823
3031641479
4122158469
4122178695
4154578055
3613496519
3592535127
2518920215
3055723543
3055723783
3059921431
3076969013
3018248757
3018282597
4058259109
4083433141
4083428773
3009748391
4083418287
4083482814
4050059406
4050018766
3521569614
3504662302
3504645950
3516968254
3516972062
3521289246
3512894494
3512894494
2976027679
3051525181
3051468076
3034691388
3043202588
3039270428
3039270428
2804258364
2792724077
2792740845
2792674733
2792670381
2788476141
2805320925
2804350159
2808541015
2816894807
2818003798
2809402230
2805215734
2771661286
2754028982
2766286263
2762083223
2762099335
3836989063
3853578119
3891326935
3865095543
3860958503
3861101622
3861031990
3861110806
3861114886
1713819670
1714843702
1731596342
1631519031
1618805031
1617498919
1625884455
1621690151
1688802869
1689871877
1687809541
1687809797
1976433989
1997528517
1981730245
1981730005
1983858151
1988040103
2004693479
2010915303
1973232629
2006790845
2006390429
4153884317
4157942413
3579079325
2505370557
2496986540
2497037308
3029713485
2981937677
2981945901
3015484015
3065832299
3068980714
3056388586
3057502702
3074345422
3074353486
4148096014
4152124431
4134813759
4135010415
4134957295
4134953199
4132889773
4132894101
4116111237
1960238725
1960304197
4109753879
4118083382
4151600422
4146340902
4146406694
4147516774
4101382102
4109770438
3031830214
3166162630
3165965911
3165957685
3035932453
3044320549
3075781924
3075781924
3059000164
3053970413
3053859565
3070628541
4145420221
4044754351
4057402799
4036298991
4036303055
4038929487
4043140111
1895687183
1887285567
1904055167
1901954911
1935443319
1935512934
1931470055
4145997047
4145997143
4116673879
4116137527
4124526117
4124401189
4124927541
4116473365
4150032221
4141629789
4141629951
4271849983
4270806526
4270613758
4291585262
3746313326
3713991726
3709732110
3697152782
3696915214
3707421967
4242050332
4242050076
4242057228
4258835804
4249396860
4283085404
4284142172
4280206044
4280173311
4145947374
3042786734
3036416174
3036432558
4108155022
4124993678
4150191246
4133474703
4129145759
4135572479
4135514991
4151239487
4126008614
4125945126
4126014502
4285520950
4268612630
4268545046
4269798455
4267364389
4275761445
4275794276
4274739028
4284172228
4263069636
4284014580
4284018661
3992580069
3975856085
3839533005
3831205581
3843656413
3842878045
3876432509
3876372333
3842823533
3826106429
3827200023
3829297271
3828220135
3832480994
3840347106
3836021474
3836021490
3886496450
4139200194
4143409090
4143936962
4141864403
4141478371
4137219553
4158191073
3856246224
3967528256
3963329296
3963591508
3963615572
3963091316
3984059749
4017476965
4006921061
4015309397
4014236247
3976684279
3960940262
3830781414
3841199334
3840150742
2766604422
4109778050
4124978626
4120784850
4154334931
4156491457
4156359233
3622052417
3622117969
3622138484
3581227636
3581230836
3581222644
3562036196
2488335205
2488335957
2488399429
2505307719
3579040327
3587424854
3518349670
2478068966
2461295855
2528404637
2532830364
2457337068
2452999404
2453001468
2470442316
2483020108
2478625565
2461811502
2533193582
2532275566
2540641582
2674854958
2640972830
2632594446
2632672526
2632574734
2632513038
2625173022
2625156671
2572726061
2589703533
3134895484
3134829660
3126377548
3121135068
3122367853
2870906735
2904465007
2893456991
2899752527
2891298383
2890966637
2886776429
2903558124
2941439468
2924660220
2926822781
2926597493
2926794101
2943776021
2909156629
2892438801
2900626737
2901155120
2767154452
2783870276
2817148228
2935739588
3204048020
3204146324
3195757701
3193533589
4149810599
4116649382
4101912486
4110303126
4110358422
4110227350
4109973399
4109969301
4109903829
3590088533
3589039893
3589105429
3614274832
3597499648
3597630736
3597015088
3597010992
2523335696
2549028112
2515480832
2495501056
2495595381
2495398886
2495394214
2495386022
2549910694
3597437094
3593246934
3594434774
3594431622
3594446214
3594445190
4147560839
4118200726
4109849526
4109722262
4109705878
4109832958
4109715311
4108607277
4125126445
4125125437
3588254493
3588550175
3564437023
3564488414
3579102206
3587490294
4126523814
3086413991
2549543063
2548494535
2507665491
2507494707
3560187186
3576966950
3509595942
3547413350
3539143654
3535145862
3535162759
3533174145
3533037952
3553927568
3545535380
3509961684
3508990964
4029148644
4028919268
4028917988
4045764837
4050050549
4059481973
4055205439
4054094359
4054098439
4037321479
4041515319
4033131559
4029010983
4045917223
3039222871
4113989062
4151721862
4118155142
4118089398
4118023846
4118029990
4116980655
4125303759
4121063887
4154577237
4154511653
4154519845
4150321463
4150306062
4112688398
4116897054
3043151166
2506313022
2648784158
2641575198
2641823038
3748987694
3757314858
3719574331
3719639864
3720336184
3703419672
3707284744
3694696712
3692595544
4229544776
4229606088
4246384328
4282045129
4265493194
4269736702
3203728366
3203666286
3220451438
3182755886
3166573582
3165529099
3703401481
3707528456
3715949896
3711726408
3711255496
3711390168
3709294072
3696645609
4258463211
4254330299
4119983498
3620792202
3612382090
3612705690
3579286462
3579285934
3588223406
3588223982
3623805950
3623871871
3614438703
4134395183
4134337599
4133809207
4133872695
4134989847
4134719495
4134719558
4145139926
4111593974
4111663078
4099046054
4124203703
4120075959
4124071671
3620741749
3587187509
3578802485
3570475319
3572637735
3568709671
3568779319
3570746703
3570758991
3579246415
3579219469
3579809373
3579617069
3613175081
3747407129
3747471371
3743305739
3713941882
3713925994
3571384938
3567195882
3567218411
3571281645
3588022237
3613181388
3614802380
3598160332
3596071420
3591741948
3608667645
3575051773
3575043495
4111848871
4111758758
4099241366
4124497302
4120302550
4153865814
4155962903
3070096919
3060569655
4134318887
4066947877
4067029861
4080760788
4080741764
4078513556
1935476900
1937705124
1946094756
1911502013
1903042703
1886265550
1894647566
1353010734
1352990246
3567578662
3584093758
3584094734
3617772302
3617772351
2643648871
2643650023
2648036711
2639566183
2642195765
2503849237
2503931141
3577668932
3581863364
3615423964
2541673980
2541669884
3074412028
3073875292
3078070109
3078069789
3061095967
3061102207
3059021566
3059021550
3059151342
3077992942
3052798438
3052798422
3051823607
3051364711
3588239671
3571462167
3563134983
3563201550
3697424414
3698509854
3698505742
3698567438
4116822286
4158954766
4142171470
4142236125
4142301356
4277575844
4264976548
4147585204
4097249460
4097184164
4101191653
4105177701
1974475365
2008033861
1995532868
1450372357
1446233157
1446035669
1444012263
3591562743
3612526038
3622981622
3585167350
3585373926
3585106662
3568394982
3572650726
2633196262
2633097958
2624648934
2624649206
2635130334
2635130206
2672862495
3201545277
3067270205
3067530301
3069541500
2524736636
3615382748
3615362524
3581808029
3581740991
3564908478
3560779454
3564599006
3522648006
3522549702
3518297030
3551899991
3551887669
3602153509
4142182436
4133789732
4129612836
4146523180
1998985276
1965430877
1966479823
1949698703
1962282655
1957955246
1955869358
1955881663
1972691663
4120240845
3583287901
3621043759
3614747439
3610552622
3610638638
4114012542
4111912270
4116071886
4124459487
4157764605
4155761661
3622953981
3622889341
3612405117
3608181055
3574618430
3581049918
3572659238
3585490966
3584442375
3589619719
3614765109
3608473964
3591751020
3594700237
1447224781
1472390607
1438772702
1413611006
1413611518
1414659966
1414765182
3570899551
3589775199
4143285525
4143747093
4068257813
4064125013
4064260469
4078875492
4045337572
4028518132
4028587700
4050993060
4084546980
4092859812
4090762741
4086576597
4053038359
4053234967
4109840646
4109705479
3571720455
3564447607
3564519398
3564522422
3562163078
3570622342
3589404102
3622891974
3606114646
3606115127
3597722413
3614500396
3614565932
3581044540
2496812828
2631025948
2496988189
2496987167
2497000734
2497127742
2516023086
2513913710
2547337214
2547275726
2656102350
3746688462
3746801118
3713250430
3578901630
2488374286
2497152271
2513933631
3084301615
3075979045
3054876468
3189106516
3189757653
3206431477
3072213985
3076330403
3084719011
3086815634
3070174594
2684232834
2679518386
2645902498
2629062130
2633039171
2624646979
2619387411
2619387411
4284659473
3068299009
3069413137
3195056929
3058738977
3054544677
3054740773
2803037557
2805128437
2805351636
2805417108
2773828029
3847561645
3855950829
3856103133
3839196765
3841227645
3858004349
3858036989
3891652861
3891770877
3891626397
3849704333
3845513869
3828736735
3827823471
3827554094
3827325222
2757847334
2774739206
2816621831
3890349383
3802333511
3802202621
4091548669
4092601247
4092667327
4092673450
4092664234
4059125946
4059125898
4159757515
4158690635
4125135115
4158763803
4150305307
4146176799
4146242879
4129467695
4133674021
4133997605
4142253157
4142355933
4133909965
4147516365
4080408223
4046788271
4034139823
2964588205
2964588477
2964600732
2964333020
2427462104
2431672632
2422493496
2422540088
2422675256
2431020313
2510810426
2510617642
2514801706
2506407978
2489696346
3564552266
3564545102
3564545038
3562531855
3560766495
3560766773
3560832869
3577669349
3615412949
3604398725
3600138884
3604337540
4141134244
4141130149
4134904229
4135036319
4130837918
4145513918
4111570362
4094945242
3828606923
3827561307
3831550763
3831554345
3839942953
3839971641
3831715133
3831758141
3831954717
4108778767
4108736271
4252305231
4252303951
4281795167
4269217583
4276434735
4290000175
4289996095
4289799439
4291944527
4275413215
4265971871
4265907359
4265911487
4265913519
4014320813
3846614445
3854999485
2782299828
2776090292
2704328436
2704332516
2805004005
2788288359
2799953719
2795763478
2799949590
2791400710
2787140886
2803954726
2774615078
2766292022
3840017679
3848680719
3849790735
4160038189
4159976749
4159978620
4124515804
4107667340
4107667084
4107687564
4107650700
4103390860
4103403517
4120175597
4124369775
4252263710
4248123166
4248248094
4231404318
4248177470
4252962094
4294468926
4273528862
4273508366
4273569870
4273504606
4275614191
4275613679
4266180589
4127916013
4129191917
4129162237
4078305757
4049011149
4032115871
4031012095
1891945727
1891945691
1891950041
1975909709
1977017677
2010572109
3595761503
3595687791
3595625326
4132497262
4149401438
4158048094
4158051134
4288131903
4254901013
4242318108
4234014988
4229821788
4229955068
4229946861
4250818991
3210629030
3084339094
3075790214
3084187030
3084252390
3084297335
3084362823
3086329109
3086264117
3085280037
3085431333
3177694005
3156558693
3157529061
3023320551
3023519207
3036028407
3031834007
3031916423
3031916421
3050698629
3075794821
3075778453
3084167140
3067451236
3069544229
3061155605
3055940357
3056067079
3072778774
3043410806
2783429094
2762228966
2767473894
2759088366
2754931022
2771839246
2809588494
2800127519
2800076301
2800079373
2808467981
2804273789
2771710572
2771706477
2771678949
2776047607
2809597319
2792697239
3874761895
3874753703
3887334583
3819312263
4054201473
4041614465
1894126721
1893801457
1893740001
1893739489
1910516593
1906327413
1906319125
1944131333
1944090373
1398829879
1398829862
1399116582
1399095590
1399162150
3555034406
3550846214
3550780678
3550846214
3618020630
3618024725
2515445508
2507056644
2507076116
3559846436
3559806564
3559872356
3560918388
3560950868
3562929237
3579636743
3613385735
3613320198
3596534790
3529393159
3529393463
3556663143
3556671079
3552532211
3619509971
3585921751
3585921973
3588027045
3579638437
2501768949
2501899989
3608663765
3612669941
3612665205
3612730453
4149732375
4116050999
3176461359
3159751983
3170107182
3186884150
3184768535
3184783943
3042169671
3071329223
3037746615
3037951399
3037871527
3050446247
3046577575
3046441375
3079942605
3084149069
2547278109
2507502893
2507505453
2506451757
2514877733
2493906215
2495444278
2499760390
2505966854
2501772742
2537440742
2524931555
2524931571
2533323219
2541704131
2505955266
2505950658
2236466674
2513303010
2514281954
2505958899
2539577809
2539643860
2539513844
2505897444
2508053988
2508049780
2508168468
2508039444
2537420053
3594384151
3598676822
3613291510
3588192166
3588038054
3571191206
3562822838
3579696278
3575108038
3608662279
3591692551
3530858775
4076183871
4093048095
4093041695
4059482127
3514255455
3514649967
3510449519
3510374783
3514569086
3514577759
3506402175
3516888685
3516780156
3499949780
3520917204
3512598340
2503931717
3577664261
3611247111
3615445542
3598676582
3607062502
3602872278
3602865622
3621539238
3613183143
3574388147
3574457795
3575637313
3575575297
3581596433
3590038289
3585728817
3589927217
3589920035
3711550835
3711915218
3711919250
3711841426
3713995958
3718067623
3717998565
3718014837
3721687828
3707032332
3564433692
3564430653
3577064749
3581279359
3612727775
4149529054
4131770302
4131899326
4132893375
4149732095
3084382957
3052794605
3052795637
3042244309
3042244309
3038044885
3037061847
3041391511
3042366455
3051279863
3086898663
3086441831
3068484919
3068417343
3085202751
3085198655
3051644191
3051877663
3052330269
3045055789
3078411581
3077948687
3073765647
3206017311
3205951807
3172389183
3176580415
3175609663
3217417535
3200640379
2932139515
2932143595
2933740779
3084731579
3051249051
3036577178
3027656090
3023310842
3037992442
3008656730
3017236863
3015078205
3015168317
3018322205
2984768333
2960651213
3023553501
4095035069
4099692221
3026001599
3026140863
3036098559
3052742127
3052671290
3051618586
3051647258
4125384986
4126466347
4109690667
4107788057
4099329881
4229877209
4246654427
4280257931
4148141451
4131358091
4134983131
4134986235
4143440125
4143313069
4143247788
4160086444
4118110652
4101071805
4097012653
4101133221
4100113253
4041457943
4041339142
4032848134
1881171254
1881171238
1898083622
1902269478
1928478918
1991378063
1989549197
1995905421
4135008701
4151798765
4151671789
4159985407
4154741327
4154733134
3584315998
3584127598
3568558958
3572884334
3570726382
3579108830
3612663263
3595958493
3596081629
3596082652
3614529484
3610456780
3576832716
3564253725
3572699695
3572503854
3572530478
3589302334
3614730270
3598022670
3606496526
3600204046
3600204110
3733373166
3733250282
3737448571
3746361401
3713918249
3692947241
3697276728
3697210888
3697014600
3691575240
3691548088
4228615608
4245326248
4245401000
4283428811
3755927242
3755885258
3755410170
3755214570
3754964974
3721668526
3717608862
3717616015
3718234269
3718025461
3722227956
3709640788
3709640724
4229735444
4231833652
4232030245
4248746277
4282288935
4268674823
4269721351
4277961541
4277973861
4001145709
4015841644
2908743036
2908739068
2757219756
2757186988
2757166524
2773943708
2775662524
2784050856
2817529512
3824157417
3807392459
3823116874
4091552522
4058079546
4032970794
1885488170
1881164858
1881438218
1612998666
1613162507
1617349835
1643629769
1675482505
1658844059
1658844091
1658319803
1649800107
1649734635
1649734511
1649731375
1652024879
3824610877
3824608796
3824670492
3822884140
2740757804
2707207204
2706146357
2714535253
2706147319
2706149351
2706344679
2705758822
2739321446
2739841590
2807950902
2803754550
2770334294
2772292310
2772193974
2772189631
2691171519
2699631807
2699761919
3773380735
3790551071
3857590303
3857591311
3891160079
3891159311
3875492687
3864875975
3859034501
3863216573
3879993773
3888519085
4119211967
4119211663
4119211663
4123356831
4156847807
3084173983
3084239758
3080188814
4057331166
4050974062
4046779438
4046779438
4046844991
3005641759
3009836319
3018218782
3018742302
3018770974
3018837534
2984891934
2985849374
2969100814
3032015166
3032072429
3032006828
3048787116
3044559036
3040397716
3040598420
3038673300
3038670212
3042862469
3075830167
3612692983
3614929207
3614793747
3614794007
3589628183
3589760279
3585537301
3585527061
3590311701
3581726549
3581736757
3615287103
3579701023
3587699999
4099396926
4099789871
4095530031
4095597631
4112512095
4116637007
4160672479
4160733917
4160602845
4158505693
4116510461
4116506349
4124895215
4123915775
4124046799
4115640783
4111306846
4145926206
4145935406
3877631022
3881827390
3881819438
3890214190
3890210175
3858690511
3839869389
3839706509
3847706541
3846656493
4148511213
4148441213
4131659800
4158070792
4158002440
3858124632
3858160232
3858209513
3858078297
3853826633
3851725835
3855908890
3878981738
3879198954
3879100650
3879084458
3878564526
3882747566
3886812838
3886566118
3887914582
3887918854
3887967495
3883902213
3879703829
3879640885
3843987236
4016043812
4016034164
4015902813
4015870205
3978121471
3982300399
3831436719
3839237551
3839299518
3973389982
3973328782
3990122382
4019515279
4019711455
4002936159
4273321791
4277450527
4268012317
4263875381
3996119349
3996115253
3997163813
3997127719
4013835495
3982378391
3858630022
3841918350
4109702559
4109712831
4109709245
4109852349
4107620092
4107564668
4107559436
4109656580
4109722117
4109780823
3036040567
2491239910
2489087206
3579667606
3588190407
3587928263
3590025413
3623613909
3598710263
3598712183
3598712150
4135449878
4135360310
4160534326
4160205366
4118196998
4152263447
4152214837
4145866021
4145833317
4145882348
4145952237
4116059613
1960182220
1962346484
1962350181
1960140341
1960106517
1960094469
1976870933
4141131829
4135042049
4130779137
4129718659
4129735299
4129702562
3878040226
3856933538
3835699874
2761961894
2761969830
2762010695
3022053391
3022185741
4095928077
4095929869
4100094493
4104276781
4120923503
4289744090
4275334218
4269079562
4265071642
4134982682
4134957146
4134953434
4143395834
4160181162
3049243561
3049243560
3032318904
3035938808
3044321912
4113869336
4147555096
4147556124
4147556636
3810971661
3844554783
1697054975
1680213231
1613105583
1634081719
568736391
602286726
601955974
866189974
933233334
933237678
933241838
899686702
899736862
903916830
1977662750
1436587294
1470206734
1470272014
1608942110
3749155374
3709185583
3691489837
4232485693
3167132133
3162934501
3179791541
3050164356
3612328140
3609149900
3609133565
3609077101
4147522861
4147588397
2004303197
2012708173
2008405965
2012534732
3623126732
3589572348
3713320684
3696547436
3696588348
3713492508
3721814845
2643878719
2643685670
2677063974
2609960230
2613097590
2663490630
2663621702
2655102294
3187782934
3187908437
3187855188
3204898356
3204939300
3175423588
3167032932
3162846932
2626106053
2626098134
2626945446
2626945190
2629042342
2627993774
2628079774
2632347790
2619532686
2619600271
3694377867
3694308233
4229081481
4245924297
2136055240
2138277208
1987412248
1986392120
1982160924
1982279805
1982202095
1982203055
1986409646
2011575726
1974670990
1974539914
1437610634
1571824586
1576018938
1576018282
1575166762
1554195242
3701560874
3433154106
3584067082
3621819915
3605048841
3596664585
3596926840
3597967208
4134899688
4149712632
3575042904
3558273880
4095140396
4095136300
4095132204
4095008572
3829701438
3838089518
3850876966
3872831574
4006776006
4000481414
3996238214
3994055599
3926991535
3926991535
3931316910
3935372270
3937403183
4004511771
4272955403
4268778505
4264616968
4265012232
4285978632
4244031944
4241935240
4244491912
4235511449
4101292731
4109750954
4109722538
4109722026
3035915690
3035981210
4034358666
4034346906
4050982842
4051440555
4152107433
4152107513
4127027289
4109332505
1961750585
1953293371
1953294650
1952951098
1952889658
2003213066
1986518346
2121647562
2119549147
2119430379
2136170859
2087940395
2096247353
4242691609
4243742264
4243619432
4243613432
4249904840
4283519688
3738370760
3755147992
1607668712
1607475561
1592795499
1592865051
1592869898
1593132058
1609946171
1597371435
1563812923
1564270603
1564336395
1566228811
1603977675
1587202042
1591320554
1582870186
3726159786
3726419898
3726422410
3755970954
3718152602
3718160794
3718177179
2648502763
2503763439
2503239023
2502296879
2506491199
3571860831
4108834127
4104519117
4108556749
3034814933
3027352021
2771430869
2771498775
2805174807
2804126231
2787226166
2787173158
2787172655
2787177773
2799815980
2799881516
2799880988
2816735752
2783046168
2766204456
2758073912
2775045645
2804413197
2788549437
2787439471
2787951087
2808989078
2708460934
2700008838
2699484630
2699483342
2699491534
2691033294
2707745918
2741298543
2724716909
2724623229
2791797628
3865334636
3865330028
3856941180
3840373780
3840306452
3840306436
3840342277
3840006919
3841194775
2767387158
2773745158
2786193926
2786124374
2788488038
2788442599
2791589349
2799979941
2816806308
2812690324
2812686212
2817994372
2784312983
2784458390
2784454550
2783213494
2774844902
2774848550
2774920214
2783243270
2812341271
2812410916
2816660796
2805134092
2805129740
2769445612
2769442540
2769356461
2773749183
2782137535
2782137534
2780241054
2780183694
3048613070
3052806598
3052740935
4109639943
4109721879
4105654589
4105622837
4105688853
4109692437
4101303815
4111793935
3071590270
3054804462
3059195390
3059123678
3067528670
3059208671
3059078101
3059204853
3078017781
3040237301
3023402999
3023332838
3157550310
3161551078
3186774102
3182608454
3182608661
3046503700
3184832380
3209997180
3205802860
2920656892
2923347964
2923332989
2927592575
2809102462
2808524830
2808542494
2804413758
2804414318
2805464679
2771736423
2771666421
2758033877
2758111701
2766627285
2767611861
2767613941
2763382629
2780089189
2780088661
2784361735
2776098055
2809585927
2805330230
2805224294
2805810030
2805863294
2776503294
2783777790
2766931834
2762741082
2767011147
2902404171
2910727243
2919181387
2919070843
2914831483
2780613707
2780621898
2916986186
2774510938
2782827899
2818475899
2818474521
2817360408
2808935016
2938921704
2938905324
2905408232
2905408168
2892761000
2901153197
2896706735
2896772286
2829663486
3098361054
3116117198
3116117326
3149686606
2610750270
2610688302
2577125678
2581315882
2574893882
2553856539
2552876553
2573822472
2582342424
2582276408
2573932856
2603157592
2587446473
3665523931
3673940123
3667648698
3667583162
3670732990
3658141854
1578026142
1578030486
1594877319
1548674949
1552868228
1553913748
1553254388
1490349668
1484024340
1480030732
1550281245
2087546415
2104063791
2146128173
2146124157
2121815548
1584983452
1579740572
1579735965
1579702941
1449811679
1199210191
1174038350
1153062150
1287603222
1287390263
1287392295
1287461941
1224686645
1211968549
1211972913
404696368
404696944
403463889
403498645
944547479
978101895
449689221
1582077845
1582077861
1577893863
3726425638
3749641766
3622727486
3584431902
3584951614
3350136110
2276148270
2243646702
2180713935
2167097743
3240844173
3240704909
3240635277
3244829631
1135095226
1136271786
1136267454
1139409150
1126694974
1126712382
1126749486
1097395502
1101643070
1168803102
1202357534
3333063950
3471357214
3471354991
3471353967
3463170269
3479832780
3446278540
1156201100
1156463292
1156386476
1080299164
1076111004
1075848876
19945388
321941924
305160628
309354972
66318812
65179928
23232792
6720825
275024185
300714298
313305370
380348442
380285962
2125107211
2120908809
2117763097
2050663544
1799007736
1746579160
1813690040
1813758648
1813562040
1815892665
3961262827
3965530858
3973934954
3969153322
3969177642
3969177626
3971270666
3975449611
3967123529
3978723529
2904986111
2939610095
2926765031
2924667879
2932991842
2932997986
2933237554
2933237298
2943734327
2776089111
2771899079
2771674869
2771677093
2754890149
2759149989
2763476439
2763513287
2763517703
2716331543
2741497397
2737301045
2720396821
2737100629
2737099767
2770649575
2774910382
2774877678
2816859630
2800089454
2800085310
2800216349
2800150796
2808605964
2775045388
2753975068
2753983356
2770695149
2774807471
2808350126
2808941990
2817395126
2947422614
2947497414
2947513670
2930730310
2934923527
2927059215
2927058975
2943709303
2893369463
2899793022
2899723358
2899725390
2891405663
2891246463
2916477567
2950159965
2947991501
2931802572
3204301132
3195847036
3208438125
3208470829
3208602413
2940168045
2944362351
2950528863
2916966367
3181207007
3168749007
4244521423
4236198223
4236067199
4236005743
4241776943
4241777711
4241777725
4233624653
4233551309
4099333575
4099309447
4116074375
4118235014
4151822246
4143306150
4142968999
4067471493
3799101893
3866272516
3866272292
2791416356
2791354917
2791351071
2803950910
2770468142
2754009390
2758724590
2767114174
2766915230
2766721695
2766725821
2776425149
2809979887
2809980775
2789076791
2788126487
2787536135
2791800087
2791658871
2816820709
2816951797
2817935252
2817947532
2818041228
2817912284
2817916284
2817914941
2808478749
2774920221
2774920495
2758276910
2766590518
2900775446
2892321366
2892264166
2942588390
2926855414
2935246038
2935313494
2935452758
2935907398
2952684870
2892916686
2892963806
2902265342
2902203822
3183224318
3216979166
3204330702
3204396110
3078366238
3053200703
2495555455
2495493853
2511754973
2511619805
2549401599
2538919421
2534909181
2539039997
2513869853
2497086732
2497631748
2625593860
2621252100
2621190708
4231795244
4164686636
4175167533
4169671807
4169743435
2039158859
2076829786
2051582170
2047388875
2047648971
1779216585
1779216601
1796190681
1762046969
3892753016
3892753977
3892753965
3909522991
2836828719
2937438763
2922660395
2925807467
2925790713
2934179257
2934181016
2952215704
2952146072
2947949784
2948015576
2914476537
2914513245
2897736719
2895639822
2899684638
2891296062
2891427630
2757140014
2776023582
2771894798
2771669598
2770621294
2770617327
2753906151
2758102391
2766493783
2762332215
2779248661
2813257989
2800675588
2792291844
2788086340
2788152020
2787963620
2787955436
2808923116
2942616041
2942631401
2942626025
2951080043
2951080063
2917656638
2917595422
2893477646
2910249742
2910249598
2774848238
2774811630
2808365990
2808567222
2791789982
2791644574
2799704478
2799704511
2799778207
2799840669
2799838685
2796709325
2797037005
2813781325
2780228685
2763455501
2767715359
2767568175
2759105837
2759182125
2755117849
2755129865
2754998811
2753851951
2753906543
2892432383
2900820943
2901743055
2901685727
2918460798
2949983518
2950113294
3218487310
3218544654
3184999446
3184997382
2643861510
2627088454
2627080262
2643923138
2375811282
2415658227
3481030113
3480964577
3479853552
3488251120
3488310352
3479711936
1294536896
1294676160
1294606800
1294623472
1298818768
1298849408
1340856960
1206491776
1206492816
1206425232
1206432432
3555238580
3521688247
3513619126
3509516214
3509583334
3509442790
3542997094
4067294326
4075611214
4142719054
4143771743
4143313261
4160222189
4124570604
4099405564
4099276540
3158637164
3155225196
3155226236
3159451228
3176363549
3184742943
3184595486
3184533870
4291829998
4291892462
4254403822
4120317142
4123471046
4115082438
3574021582
3574994270
1427248478
1964137822
1901198686
1909501918
1640017887
1635825661
1673566204
1673824124
3812984444
3808728616
3810309928
1662817596
1662878780
1662944300
1664545836
1630954541
1701188653
1709573167
1709637759
1709642847
1743205455
1744254414
1744119518
1744123647
3887550207
3888074383
3852294799
4120668815
4108086943
4108113839
4108146606
4099888030
4099371919
4101469151
4126499823
4109657447
4101252471
4100203895
3580307286
3581024006
3589410566
3589606774
3589553254
3585354854
3619060742
1471599879
1459586373
1451077909
3598561556
3594368052
3593835568
3593765920
3073422368
3039997200
3023224580
3022179844
3026437684
3027333860
3052483237
3052679847
3048477350
3047424430
3047424174
3034842286
3026459806
3022404814
2485545038
3559288078
4117131023
4125587279
4154745165
4158939485
3581178105
3710992488
2081509432
2083643704
2083644729
1953627945
1953623867
1976691531
1993464651
1993575375
4143091614
4134704574
4134642158
4134576638
4134568447
4149465967
4115849775
4111688239
4111541821
4111482413
4149229869
4140832879
4153411821
4153559245
4120038605
4258451661
4258501069
2102440797
2101392229
4244677415
4244693798
4244694822
4244895078
4248991086
4257371519
4254221791
4254189021
4253087132
3183536092
3183597532
3183607804
3176202236
3176267628
3211982652
3073791517
3073851919
2540769886
2539856510
2548175870
2549285886
2549350894
2549351662
2515819774
2516057294
2515986639
2507647183
2507517391
2503851471
3040711647
3038610143
3042935549
3045061357
3052790509
3051742061
3051741997
3085026621
3068382493
3068251165
3060852799
3211848751
3178364031
3174224991
3161637215
3161637135
3178419470
3176391710
3176457278
3210011951
3218466607
3218535999
3218495037
3201631853
3193177837
3193710575
3193709806
3193902334
3210085534
2639664334
2622371022
2630755790
2626577870
2627721038
2644367119
3718037261
3757879101
3749494380
3749492588
3747002204
3709252940
3709179348
4246046180
3172373988
3172398580
3172390341
4246132677
4283955157
4275561189
4275426020
4271198836
4275335701
4269028157
4285805871
4285805615
4252324906
4235609146
4243997770
4244002250
4241751498
4241555418
4241547179
4233166313
4249937401
4245741784
4279288024
4015227000
3880947752
3880969512
3881037593
3881238029
4149665309
3075986988
2815817324
2807355260
2807354844
2740311548
2740377596
2731987901
2729890463
2729792190
3807663022
3811836330
3778281898
3760657898
3760613726
3764545806
3772999950
3768645662
3785419790
3890274382
3874746830
3866251727
3880940463
3880985263
3050514095
3180543727
3182497519
3215986303
3220189711
4268761871
4285620495
4284993561
4293378089
4259683368
4260866072
4260800776
4250319177
4246051801
4244952730
4279292570
4279353994
4262609882
4266803694
4138882157
3065082916
3065046036
3086279684
3044401412
3023495764
2489766645
2498151142
3030861478
2432438178
2424049074
3493083538
3493145042
3491048946
3512018294
3554088214
1404502023
1404376068
1404310528
1374954512
1344021808
270350132
269238836
273465908
281921076
298761749
324972293
324906773
308068117
308053845
307202005
307155845
323412375
1397220519
1397052582
1472484518
1472492718
1438741694
1438840222
1438836174
1438820303
1439803295
1431350957
1431351021
3612454652
3595736908
3595732236
3595670812
4134646076
4130451756
4133984045
3076953647
3051804191
3036040798
3027718143
3027504623
2484346351
2484352363
3025477935
3046531391
3048632607
3048534302
2511647034
2511639850
2515836267
2675415547
2671167705
3174484185
3174451659
3174958539
4248707531
4252640139
4235928234
4243288746
3975731114
3967344554
3984107915
3982010763
4011371979
4011765579
4015953417
3883308557
2788660797
2787223085
2787353132
2804056620
2804073020
2770585149
2754926125
2754989677
2759249895
2759249863
2784354247
2817842519
2800024949
2791699765
2791797077
2791789013
2792837589
2792780183
2776048063
2767532222
2767519934
2768176286
2764004506
2763877627
2763384955
2762467595
2766662409
2784340489
2809510457
2792654377
2922431321
2922435417
2922500921
2922627373
2926723375
2926727471
4000522287
4017102887
3983873143
3975547974
3975551046
3971361238
3969268694
3969326726
3985979014
4294207366
4294304647
4277649828
4273456548
4021798372
2918307076
2775688452
2909840669
2905646381
2905990447
2939673902
2939309374
2924697406
2933068591
2949710703
3218145759
3218157981
3184734653
3180551597
3180546493
3180419487
3183503759
3175116189
2635096541
2484293965
2484273429
2490577204
2490573092
2498963252
2494721908
3568566129
3566329329
4107308531
4115695043
4111504322
4145525318
4130780758
4130780774
4133936742
4134526262
3865957718
3862778967
3862786141
3879035388
3832899564
3841292012
3835000493
3835000511
3838861958
4107362950
4115776918
4115907750
4157850806
4159952086
4159168967
4150387525
4150321693
4150359613
4150484540
4150337085
4150345533
4150603639
4159121239
4159115590
4293198278
3757375734
3753209974
3719816246
3702975491
3702713347
3706824003
3698439507
3694244721
4248015729
4279402865
4283662673
4268995857
4268864817
4134647585
4147246885
4147377719
3073726007
3077836391
3077834343
3086288871
3086292439
3086300375
3086312661
3046503669
3046503541
3046634580
3048651780
3052837892
3044523285
3044392241
3040319027
3023554130
3023553138
3022344802
3022336610
3022336754
4096201538
4100395330
4108652915
4108596259
3701812273
3701942273
3702925569
3702996225
3707067649
3589600513
3614831873
3598038097
3606549745
3606557937
3602355345
4143416467
4143416499
4132811939
4128285859
4144014499
3036796387
2768492531
2803103315
2803099155
2790516247
2801008151
2800868915
2800786994
2792406822
2943399206
2943456039
2943533879
2943537687
2907759127
2905629543
2905626599
2906064295
2889221526
2892301702
2900692406
2913013166
2913151422
2946640014
3215075470
3215146126
3215144070
2646024398
2645778654
2628907486
2626982270
2643765102
2681513519
2664803901
2656484892
2656536380
2652145436
2654307612
3208102956
3208043564
3145104428
3153489196
3147185452
3147111788
3147058557
3120367071
3091071374
3091071886
3089527486
4231488174
4243911342
4241810110
4240761742
4240762254
4232113615
4233287917
4252129516
3589409016
3613526220
3613531340
3613525453
3613459167
3621876478
3617678062
3618759278
3618693742
3589313263
2515637957
3572934341
3564611268
4101289572
4097086308
4113879340
4147593276
4147511325
4046852157
4045878319
4117181486
3581230138
3581230362
1976794634
1435753994
1468255754
1468042762
1452314186
1452312010
1448207530
1578115242
1580282026
1563558078
1546781102
1559376559
1555182319
1555116573
1555063309
1567662621
1601217341
1599119657
1573953835
3699422507
3703676271
3703740798
3691174746
3691171706
3707916158
2672973790
2681370062
3740423566
3734193566
2681291183
2681520557
2656362940
2664817564
2664866492
2664932076
2667357740
2657926716
2653732636
2536351516
3077563197
3043942703
3052294442
2515403242
2507998698
2507934955
2541041917
2541168861
3598134360
3598004232
3606081801
3618763023
3585257486
3568480302
3564213286
3560211494
3560222998
3559301638
3559305799
1881589319
1885783751
4049913495
4083476134
4091865006
4075087342
3807696383
3799373259
3799508427
4067812681
4067737880
4068294952
4068413736
4068417833
4068286841
4134875499
4160172395
4126545258
4105588554
4105588298
4105623054
4109755918
3564954398
3564953978
4101825002
4101534122
4101722539
4101637547
4118501291
4152194985
4135351705
4135351689
1987433865
1987568969
1987503416
2003166504
1969549608
1969611064
1952964888
1952903432
1953906956
1951744317
1960071533
1959028011
2094365995
2094488858
1976977738
2004307402
1467293594
1450447771
1987334555
1993691577
1989661113
4137152936
3600151016
3621053224
3579111208
3715427880
3577081625
3581075209
3614625033
3614608473
4159866107
4157838555
4157703387
3086057818
3052646778
3052642618
3027476782
3021070382
3020976174
3020959790
3037933614
4115796270
3851831086
3851830811
3851767371
3852233291
4158449995
4149016697
4144847981
4144829533
4279185484
4279119948
4284363628
3751162476
3750172396
3750051509
3749981845
3481287317
3451914929
3439333041
3439413137
3355697537
3359891905
3368263873
3364073555
3364991026
3369120802
3385899042
3386095650
3411187762
3406993714
3407010066
2299780931
2572277569
2605831792
2673055328
3755194080
3738416848
3738285761
3729893057
4262700739
4262631378
3188884962
2920516963
2924584227
2790309155
2789256977
2785061393
2785066549
2801896997
2801983013
2769481253
2903735843
2886799203
2890927587
2893024499
3840937203
3837205715
4105581763
4055245955
1941054595
1454518403
1454518402
1452351618
1183916178
126951826
97853830
1089942854
1089325326
1089243422
1085057326
1084795182
1088989486
1105832974
1135255566
1202356238
1190821910
1113243751
3277504871
3276464481
3242869745
3226163137
3226039745
3225972117
3226004917
3234724276
3234848180
3318652820
3349124740
3332216516
3338466004
3330073204
2252104484
2268947236
2269066020
2273276192
2281664801
2277470481
2275406151
2413293894
2413269318
3486877142
3478494710
3440754670
3440770478
3440700862
3709101247
3709084831
3742638223
3743363215
1331565055
1333659646
1174276094
1156525766
1156411078
1155917398
1291121398
3455353846
3488908246
3478499799
3730284887
3730224501
3732389221
3732254052
3732253796
3732255828
3732377796
3742744797
3709190637
4229424103
4233520103
4235612903
4244063221
4109636469
4109644565
4101252365
4118029581
3577031999
3581290798
3581287742
3556183390
3556050910
3551855610
3550245594
3550245834
3281799002
3269216042
3261032234
2187256634
2480857882
2545852698
2545918251
2545721704
2528941560
2524745208
2520550904
2520751608
2520691912
2503406792
3023496408
4097209832
4118241260
4151835372
4139248380
4139118333
4139038189
4134842479
4130705422
3073802254
4247175182
4230139950
4099958062
4100992814
3035708974
3052539422
3052539470
3050376910
3033542366
2495626734
2625645822
2491755727
2491887052
2492407244
2227980284
2245837812
2245841876
2514264564
2514264484
2497683621
2497683623
2489165030
2505415910
3071707382
3071711302
3054942478
3057040654
3074348303
4114501967
4114489807
4231996926
3162312686
3170705134
3183419118
3216848606
4273824334
4273758470
4143735047
3598475317
3598659644
3594466620
3610130284
3614314220
3580495596
3573171853
3573172111
3573106122
3573341690
3573345386
3564955754
3564955754
3581406410
4151809482
4160193498
3062993642
3079779049
3079770796
3012596396
3016800172
3006314468
3073433316
3055802084
3055743717
2787304007
2791498246
2812395782
2812343590
2778786862
2762075182
2783108479
2774683101
2775009161
2770617753
2770621865
2770797993
2774994344
2783276428
2783208909
2779112765
3836213044
3840399109
3840276229
4100060419
3827422482
3844264994
3877819426
3861037138
3865231554
3866288326
3866350678
3866229783
3866224925
3865180476
3873561388
3848589100
3764770392
3833033289
2755089097
2759152607
2692039663
2699347439
2695155053
2695155565
2696203781
2700602885
2776032773
2805391877
2805293879
2804184166
2787394662
3865398502
3865451766
3873846486
3869651142
3888001094
2013204551
1952198919
1948000565
1948002101
1415458353
1423841841
1421740595
1354566162
1086070338
1102855746
1136203586
1119438146
1119568146
1119605042
1119482145
1119412512
1140384032
1194971440
1195016528
1192920512
1192924624
1192932560
1197188304
1205581264
1205450224
1197061617
1163525619
1163657203
1165754338
1165750258
1199171058
1199175122
1182355922
1182355955
1182495731
1199272947
1199273971
1165719507
1148843475
1148842451
1172959441
1206505552
1206505744
1189737744
3346659120
3346658864
3313071665
3296556599
3296540278
3296540534
3296529894
3304918502
3304918518
3321658566
3355207110
3489423815
3489358293
1207857617
1174294993
1174327777
1157624289
1149100529
1149101393
1166011719
1166015815
1166003538
1165874546
1165792630
1199411542
3346895319
3346773975
3346769847
3598431927
3598440119
3606823863
3623470007
3622368183
3613942246
3614007654
3614007590
3614139686
3622660407
3622787383
3622787383
3622698327
3589051725
3581711309
3581707101
4118253933
3075973484
3075973420
2807543100
2807534876
2803349260
2769659484
2769676012
2769643245
2769753775
2773746350
2784232366
2780037626
3852734938
3856998602
3857130698
3832948954
3858114811
1708591323
1708329099
1741880715
1725149643
1720811865
1720746360
4002455592
4015038504
4010845240
3977358648
3843211112
2752708200
2752700141
2773632751
2783986415
2817540718
2812298046
2812285718
2812355334
3085377798
3076924694
3076916598
3043429494
3085241462
3085374550
2548445190
2549489670
2650087430
2650087694
2625053470
2631276318
2362903098
2364869178
2377456442
2408856858
2408845626
2408579386
2408579162
2375037275
3448844601
3432083752
3436238120
3293613416
3291515384
3291986312
3306666376
3574963592
3574695304
3612574104
3608318136
3591549112
3591545016
3593642232
3597836652
4143113516
3069306668
3086018092
3084998205
3044229749
3044475511
2507477862
2488533862
2488537406
2488607006
2488672526
3570802970
3566407962
3566277914
3566287898
3448781882
3452975162
3440397579
3476082121
3476131273
3480259977
3488649113
3484520377
3488716713
3486757803
3344147371
3612516793
3611472312
3611467944
3611533736
3611534764
3607271356
4144141964
4145189516
4130378316
3793782332
3797980717
3819023919
2749607470
2707598894
2703400494
2686617114
2753742410
2753812218
2753873642
2774845291
2816755051
2800054651
2791661915
2791596123
2791646330
2800161914
2800092218
2795899930
3886431243
3886427147
3891670107
3891621371
3858071547
3841416859
3841379979
2767638155
2767701903
2767501247
2767496191
2759697215
2759697215
2775360302
2808914735
2808931119
2741817647
2705146157
2688369725
2753449020
2757626220
2766014956
2760842236
2777627612
2812111564
2812112588
3080480732
3084649455
3076260334
3078358510
3078558830
3078501414
3085841462
3081655574
3049192710
2545938182
2663165702
2665266998
3193752934
3189294182
2654523638
2654621918
2654613710
2621051022
2621059470
2625250255
2633896666
3703386746
3702797866
3702797866
3702796059
3717213451
3478137931
3476048971
3476079819
3308373195
3312566731
3295921483
3304314203
3321034106
3318998827
3352404795
3335631387
3335631449
3352408825
3285243624
2177945256
2169625256
2165406633
2165518251
2266183130
2266116426
2278691082
2274496826
2274455850
2274402346
2240847914
2508239129
2495714568
2495714648
2512502744
2638323640
2634256296
2534576056
3054673820
3054698396
3054695916
3056793068
3069343213
3065074158
3082122206
3086443470
3078087134
3077947750
3212100974
3212139870
3212209486
3178655502
3174968846
4248714783
4231994909
4235794205
4235735357
4244123757
4177015021
4177027325
4166639821
2035869135
2044241375
2077800415
2076882767
2076882703
2076888383
4194913582
4194839598
4211680282
4211811354
4211750202
3653900154
3649705722
2559121114
2559062682
2357732250
2357752730
2357772729
2363277752
2220134328
2220198360
2237110744
2268588377
2251810875
2251783194
2251752458
2255946058
2278699386
2240963562
2224219114
2223215611
2491454409
2513483724
2547038204
3067133948
3060907756
3056712444
2805178332
2771557836
2771557756
2771563564
2771578916
2771578916
2737008948
2741379877
2808493607
2816937574
2783251190
2783775478
2783780758
2818377158
2818507206
3070169414
4139610454
4139606375
3871335783
3875400823
3875396725
3883699325
3883769053
3849776335
3845582286
3828774350
3826713582
3826521070
3826267118
3830526958
4038263790
4038132714
2964591979
2964597881
2494834697
2509514761
2547324937
2270510363
2264151834
2259944970
2274624010
2274367018
2274371114
2245010218
2245021994
2278813962
2412965963
2413023433
2379268344
3444625640
3440432616
3440629112
3423796552
3423759624
1544711432
1410495816
1410594120
1410446793
1953535433
1962182025
1961201049
1961336729
1961279385
1961342873
1701163449
1696969145
1696969657
1663235000
1663181736
1663181736
1667377064
1676881832
1676742024
1676686728
1676682696
1672488264
1637899545
1637928251
1939926826
1944088346
1918898954
1395065610
3543532346
3509989678
3512099182
3516282302
3515107767
3515108277
1401179828
1384268420
3531747980
3268551309
3274715567
3240111342
3223332910
3223382058
3491801114
3521161226
4087459082
4087526666
2996994827
2729607977
2729607724
2817766956
2804985388
2804989548
2771427052
2905775852
2939606764
2938521324
2938390509
2942633983
2917611485
2783391197
2783784412
2783718620
2783190236
2896565501
2896572639
3971358799
3975618574
3975487502
3975226382
4107484174
4124252190
4119026014
4119021903
4119218631
4119263173
4123521925
3713397653
3713331893
3746886309
3747082919
4283880119
3210147798
3210602326
3210536230
3212633382
3219977254
3069047838
3069113615
3069113613
3069166908
3221079340
3218954092
3042801148
3042792924
3038594300
3042788605
3042923775
4124988670
4158576078
4158059982
4133479246
4133479182
4135449374
4135441727
4152214843
4152186139
4118773019
4118768987
3577704443
3579672538
3579664282
3588048315
3584016831
3584021501
3617583965
3617444668
3552432956
3556565804
4114408749
4097697149
4097799679
4095628767
4099802527
4049408447
4082971579
1935480731
1935480761
1935482809
1943826425
1912369113
1912399323
1912398331
1909841995
1903677451
1367162891
1399668778
1399809066
1408132394
1403944250
1471073546
1475267850
1476382474
1467594571
1467520971
1450738585
1582924697
2119930811
4284195771
4250575801
4234065405
4236161405
4100821293
3827609901
3827606333
3963068957
3962742333
3981704751
2941639982
2924795950
2924804142
2924792878
2950022190
2952184670
2952155854
2943836830
2943705774
2940171966
2910805654
2908577430
2916900790
2919004134
2918999550
2909037662
2909041742
2909230175
2918607933
2914444413
2947741052
2945565132
2932921292
2924536668
2920408428
2937322860
2907806060
2899417404
2899548429
2756894476
2756899340
2754794013
2771735151
2804154990
2804155118
2741240814
2707754494
2976266462
2985765086
2981439742
2981379326
2981122250
3014906058
3014766794
4088444105
2995896168
3000216108
2786179628
2786106940
2788201020
2788336188
2938561068
2904973868
2904965677
2893349231
2901426415
2897235183
2895497467
2895640667
2912414155
2950147019
2924980939
2924979914
2920661706
2923217898
2805744618
2776437227
2759799275
2754028027
2754031098
2758220010
2766604522
3047622778
3082094682
3065328650
2528387082
3599769610
3348107546
3347083562
3313561899
3300970760
3426997256
3422731272
3422746712
3422746712
1276378312
1293024712
1299305928
1601389464
1601258424
527520760
494171128
494236536
492266360
488040440
488026104
490057625
1597808521
1602002571
1600951963
1533837979
1542423195
1508803323
1567003387
1551295337
1551819113
3699171624
3696813352
3713654056
3755726140
3738923804
3755569672
3757584905
3719828250
3703247146
3300793386
2231306346
2228553834
2236680426
2270365898
2253591882
2261779210
2259698458
2259702058
2257641770
2257641770
2274418795
2243989721
2243985608
2227278232
2218914232
3292780520
3289571304
3306348152
3306356488
3306319688
3289474376
1141925193
1142183241
1142244681
1146602969
1148704761
1165473529
1466410713
1458026441
1458016649
1458016665
1457893561
3613693115
3613758715
3614883051
3610684650
3610682858
3610420202
3597898746
4138894171
4138894205
3063124780
3067126564
3054546724
3054549536
3071466016
3071475248
4114015760
4147574289
4151755715
3892232643
3892298883
3875394707
3892165811
3858607267
3833457841
3830971601
3826762817
3845506069
3778343973
3810812965
3798229029
3806724405
3819307591
1625686725
1617298125
1614086797
1614025405
1882462185
1895054377
1890859049
1890854969
817114121
280243209
297014347
24986827
25057163
16389791
16389791
16388822
16454358
16462710
16474931
7037203
7041299
23851283
57401619
124515377
107725841
107726096
107730192
258724656
258569072
258569072
200110928
200103765
201283447
184383350
184379174
184296230
175649086
175665470
175661114
175697978
173600826
182171002
182107514
467320282
419151050
486053082
352092346
351060154
279756987
279860408
1357804968
1399750312
1382969000
1378841240
1378644616
1378636424
1395421707
1345086010
1349316394
3505186858
3517769770
3551456266
3333345290
3332817162
3332866842
3333784106
3331645994
3335578411
3309331241
3288356184
3422704712
3422711032
3691146488
3691216072
3709164744
1595165768
1599456584
1601683833
1568142297
1568138201
1551229913
1557508859
1557635819
1548199915
1548199915
1543874523
3708141259
3742736075
3726089947
4262633210
4262631402
3056767402
3058806970
3067121834
3079770287
3078787501
3078791588
3083068404
3040993988
3042046676
3023296229
3040233063
3039174247
3005620054
4066778567
4066843789
4075043996
1927560380
1919233180
1932862604
1897341324
1347891615
282460606
280429018
279183674
279191850
279716138
11285817
15669512
65932040
40782664
36592328
36600712
36501384
36471176
304906648
309100728
854434280
854565224
867148328
569356840
611292712
606574120
1814405688
1814422040
1747214856
1746936376
1751131433
1760572457
1753300011
1770216474
1770247178
1770509322
1799852362
1795527258
1795527419
1795274475
1795270395
1761736443
687985403
687960827
692155386
692130298
700514682
734205034
717454378
709060666
1782836251
1782833225
1791070408
1791201416
1791201688
1841542040
1824695960
3829574296
3829578424
3829570216
3770849960
3821247145
3797124763
3798319819
3798319882
3798790186
3798523946
1718116394
1713983530
1714033726
1714060350
640318526
778729502
787110158
804874574
802777542
794552774
1062919638
1062980822
928765142
928765126
928764374
930824702
930694126
905462510
888697598
1891197662
1354445518
1353384654
1357845198
1357853274
1420764794
3567730282
3567590010
3501472346
3505679066
3503615706
3511998106
3545547418
3537159066
3537191835
3537326523
3528942505
3528860665
3541443160
1362507288
1362433848
1365521704
1357145384
1373926457
1373950985
1365562377
1432735753
1432731929
1433387323
1433391419
1466946874
1466946938
1466954858
1432839274
1432839642
3580319178
3588708298
3321320154
3350663930
3333763818
3331601002
3348394858
3348459883
3314868585
3301240168
2219174232
2215098824
2231876553
3473391307
3457406666
3461595850
3465659386
3465646314
3734020331
2680529129
2648154312
2639769800
2636101016
2636101544
3708726968
3708743320
3708741272
3713917881
3722277369
3704967419
3707175035
3564241019
3560059961
3559008568
3291618072
3245493016
2482104920
2461069000
2460005064
2460254920
2460320392
2460975852
2465043180
2435625709
2955715303
2955912950
3022497526
3022513918
3022387134
2753881534
2753883566
2770664682
2791823482
2791758090
2724653322
2724719882
3798262810
3798229083
3794563275
3794678153
3777893305
3765044905
3773435561
3769256891
2695485918
2695428158
2712448062
2746000446
3085214750
3043467534
3026646798
3022419742
3156358950
3156215078
3161457766
3169916006
3180549207
3180557383
3213976901
3218206149
3176328901
3209879239
3084046231
3067142055
3067149735
3058750887
3058811302
3071529982
3071537998
3040011022
3040011022
3026444574
3034838062
3035094063
3034963007
3160759325
3160767757
3157679437
4113979341
4151711645
4149548989
4141103005
4140901789
4140897725
4157670845
4126344637
4125242831
4125304271
3588317471
3567284527
3567280447
3571474703
1424044301
1415787293
1416700201
1416652073
3564369193
3587624201
3589721417
3589574603
3589586907
3613441978
3613497242
3609297562
4133520058
4133524218
4133745386
4142064234
4074955371
4134007403
4134008665
4150683592
4150750664
4150655224
4134389864
4142778408
1995394104
1450136588
1449992204
1462640661
1429082161
1412038945
1416237857
1424700001
1424626305
1353335425
1353433729
1374278272
1374271120
1374272144
1407822481
1391049393
4075395749
4066941607
4062770870
4062765806
4062765806
4079546986
2741760874
2716459306
2712200298
2712464506
2712530137
2716853464
2976769096
2972505416
2955691336
2955835256
2691591721
4041637419
4037365291
4058271514
4083442954
4066861326
4062605326
4066787407
4066529647
4143182191
4159952750
3052527198
3052461774
3052466126
4117818878
4151436527
4151407855
4160045293
4093051125
4092010709
4058456221
3513852317
1345532925
3492960255
3509734239
3512912655
1398917391
1935718687
1365290287
1373742367
1893901069
4041392845
4033004236
4049781676
4050732972
4084229540
4092618148
4075840477
4092683213
4092715279
4084454687
4083664174
4083666238
4083668238
4059014926
4050495038
4033647150
4034757150
4097823246
4095730254
4095723086
4095725023
4101822701
3857995949
4126439597
4160100495
4277542030
4269151438
4269216078
4265554742
4268433958
3219792422
3115000614
3114824502
3098047031
3098080821
3098080829
2557017645
2569592429
2569633389
2569764463
3110860271
3152671981
3148468476
3148583132
3148591244
3187388556
2642121884
2619004060
2619014285
3155062175
3037604254
3041270702
3042315950
3086421758
3085960926
2480936654
2464180046
2464408846
2464669982
2464534574
2464469102
3001328746
3001328874
3002512639
3010888909
2977400268
2956952924
4030640508
4029604220
4029636956
4096598356
4113445204
4114494308
4118677092
4127131173
4109647389
4243861007
4244072975
4244044302
3707231774
3723874078
3757885199
4277981471
4277981495
3732533541
3732664677
3730469221
3747312101
3742967287
3709347314
3709547986
3743028674
3747219394
3722053458
3717797714
3700960594
3432541522
3298356594
3298348390
3318254950
3603531607
3603601093
3600459460
3604719236
3596396196
3594294948
4131161764
4128555940
4145472404
4111884676
4044779911
4032108006
4032046318
4040436974
4040633454
4041096526
1895766282
1912150795
1945652025
1928908585
1928125755
1928181003
1919782922
1916567578
4064055354
4066223210
4066092267
1917496489
1917509560
1917472444
1934233244
1884960396
1887053469
1887052719
1894330607
1894253678
1895304254
1895316494
1895311374
1350383886
1350516238
1350467086
1350497806
1358951946
1352439354
1419544362
1419282282
1569232746
3750336123
3733558872
3738941272
3726357848
3728389240
4265258216
4265258216
3174739192
3155864796
3154816461
3154835167
3154834143
3155948222
3160109743
3185267375
3214869167
3080520635
3080458649
3084133817
3075749049
3039829177
4096859529
4101119369
4109528473
4104316313
4037261192
4041311176
4049635272
4079007576
3810567544
3814763880
3814833256
3781416424
3781359097
2703381481
3005350633
3005350571
3009745902
3018077678
3013948910
3014096118
3014030534
3013993798
3013931334
3018127190
3009734374
3009898470
2976792550
2960006646
2968456631
2968067509
2968272380
4033638364
4033638100
4029447892
4050452052
4050517588
4091936596
4091936272
4083678737
1395646225
1395646257
1395588385
3547258161
4084112641
4084120833
4063149825
4079927040
3543043584
3513699904
3496988369
3496836851
4033687219
4033626018
4033617058
4058791074
1944861858
1924078722
1924017346
1391340739
1391355074
1382937682
1390997538
1390981158
1390981158
1391047742
1366014990
1349172238
1344976911
1345042495
1344977983
1365966111
1365958415
1399512847
1382762271
1382634799
1382871342
1928130606
1978527806
4109291614
4109276510
4109342046
4109207326
4109211454
4101830191
4101826093
4101828141
4118675053
4118183676
3078061821
3044360093
3042203039
3042263230
3042132158
3050524894
3050529246
3079790942
3081888127
3081872685
3065099581
3060895005
3073691421
3072712477
3039227709
4112969535
4118175007
4118103071
4126495863
4127143031
4127134933
4127133909
4127133941
4125045173
4125041589
4124931061
4124407799
3587503607
3579182551
3579248071
3579248583
3614898119
3614963447
3614955237
3623146085
3623113461
3623121517
3623182957
3623187245
3749016381
4285921119
4285920607
4286053663
3212303711
3178748255
4260740575
4244088797
4243976921
4233417433
4229231321
4229231485
3172290927
3176428847
3186945071
3220569151
3203849231
3203847439
3195465999
3193434447
4267143679
4267136495
4292283886
4258729406
4241981374
4244070078
4235679390
4101329607
4101297111
4101304823
4118081895
4115718519
4149338389
4145542429
3054942492
2792790300
2801174588
2801240364
2817825580
2817831432
2775888392
2769670665
2755117819
2754958318
2759603374
2759592102
2766997686
2900768982
3187026246
3220581894
3195416070
3196003846
3195806262
3200020518
3130585127
3147399221
3147530308
3130630340
3136860404
3124277604
3124273644
3124490732
2872733165
2906270125
2893691821
2902067629
3166243263
3181121423
3218874767
3218940367
3219026399
3084796399
3218596351
3185042767
3185045343
2648178207
2622880287
2488589855
2484363039
2484426111
2505537007
2681688559
3197583855
3197583799
3196449175
2663702743
2656362743
2669006950
3709259862
3694581062
3564565766
3564535047
3590160237
4126993773
4158455277
3084711421
3084834252
4160669645
4127119053
4118673119
4118663791
4114404207
4147966335
4145410143
4145411167
4149605503
4116151407
4116086143
4118165327
4101375567
4118086175
4050911871
4059313005
4057278461
1905602525
1905606093
1372855769
1372861945
1364533757
1364664605
290918671
6029339
6029371
6039659
14424313
14555529
14572425
31382409
48072585
50103193
310149561
309170681
304918829
1399628079
1366074671
1902943022
1903139646
4050033182
4083587598
4151741966
4149655070
3075793518
3210011518
3210081631
3075982719
3075853677
3075857773
3076382189
3075986892
3075985612
3075993804
3075993820
3075989756
3075957100
4116128548
4116066861
4235596319
4244058655
3170186814
3170114862
3170109486
2633844862
2650798303
2684349647
2680006095
2679931343
3753673679
3757933551
2642207599
2637489007
2637554031
2669081935
3071726927
3075917005
3084385781
4158125493
4158117789
4116009613
4111757965
4111757981
4116018175
4149699054
4160157034
4160216378
4158970906
4158979082
4159040795
4159616283
4151231773
4148023325
4147962188
4145828188
4112401388
4112406508
4108211949
4120790751
4120725215
4154218062
4157895518
3621021502
3757401390
3757405486
3721741631
3721745791
3588191743
3588039135
3587977631
3588042943
3579778239
3579722943
1432239503
1432173967
1432188349
1365108157
1937760767
1937748942
1400210270
1400144686
1400156974
3547641134
4084512062
4151754014
4149656862
4160139071
4160159527
4294375231
4294366991
3211249413
3207972101
3174552919
3174552695
3159848055
3168228463
3184874607
3185406319
3185403775
3185403615
3185407709
3168622333
2631227053
2496942780
2488562620
2487251932
2504029148
2504253789
3083003261
3084123199
3084253246
3077953598
2541209887
2541210895
2539509583
2539516751
2539647839
2522772350
2522239854
2530693486
3067441646
3067441662
3067475406
3084384206
2513960910
2505571806
2488655358
2488653310
2488649086
3025454398
3025424703
2488558399
3050661181
3184878909
3185038716
3184973148
3184973276
3084309965
3084359645
3075850237
3075850237
4149583837
4145405917
4128603517
4128519213
1981100077
2119643181
2121674797
2121666621
964038687
943142158
956181310
414067246
413796942
413862542
145300110
162017934
178844318
179889070
179888557
446177772
467150124
408697124
404634932
420885812
419833108
990121244
994843933
978082175
977926591
994703803
994699705
994695609
997820825
996776345
996777371
996774811
1063891870
1064023006
1064022302
1064214814
493331774
358725934
392268078
376535342
510794031
510792997
242352445
242614540
250032399
167580442
150870538
150878730
149555786
149622474
145314762
145282010
145281384
163107176
194568488
169403688
185117480
420064040
421247496
404470472
486051464
883461818
900569002
2012066218
2003808682
1982837162
4130255258
4130780058
4134974394
4151751658
4149650282
3075924590
3042403887
3042334239
3042332511
3159838559
3159707007
3159628863
3704888381
3721739293
3738594317
3738598413
4267166749
4267033644
4263362596
4196245605
4196115447
4212843206
4162507406
2017133262
2015956702
2015967790
1747466798
1755850798
1755850797
1755846700
1772629004
733553672
995763208
454693896
454565176
423128376
423151994
426359258
426359194
434739610
434740634
464098714
464097690
1000976829
2074718652
2075898292
2134619636
2134816116
4281773348
4281773349
4281511205
4151495966
4151758094
4158050055
4158119735
4124368677
4126465829
3044339533
3178751820
3178681300
3178415092
3042100213
3042165463
3042047735
3041945318
3042209638
3042193254
3042250214
3084324246
4160044167
4143262871
4139064501
1995902100
1995906196
1475417236
1953755284
2004001152
1986179392
643859729
643863586
639673378
639668278
639734070
622997774
606483214
606745098
619315755
749274664
1822953448
1822964200
2091444616
2088282504
1547209608
1427737227
1969196682
1979089546
3581325962
3581325962
3612783530
3210142126
3218530798
3218596207
3218597231
3218601277
3086350101
3077889844
3073761052
3040335692
3040278348
3040269788
3044427228
3044426205
3086971133
3084673263
3084674286
3076273646
4118746590
4118688718
3565040478
3573486366
1425867551
1417478415
1417425951
1417423919
1425831983
1425856559
1442232654
1475784142
1458014094
1449493134
1449493438
3598169007
3598180783
3598180845
3596445165
4133311981
4158477741
4158485949
4259276701
4259276767
4259280863
4261237726
4252267374
4285821742
4281655854
4281852478
4285915662
4285838106
4293965082
4293952601
4157965528
4158112984
4149659096
4151756792
4147529448
4151801448
4118243193
4118111513
4115993691
4099366107
4233592027
4233589983
4242470367
4242461661
4259238621
3722302047
3724341823
3715425069
3715425581
3711231277
4248171567
4248196383
4250293518
4292236046
4292301598
4275524478
4292170618
4283724154
4250198523
4250203609
4242003416
4258717080
4250262936
4250271128
4283824120
4283954152
4283687673
4258525787
4124299803
4124168746
4124112426
3041963882
3050418042
3084097498
3084109771
3075851211
3071656411
3071758843
3040305643
3023446507
3027382651
4109570347
4104454442
4121167162
4122227978
4126485770
3579129114
3579067706
3579055418
3713860922
3755872634
3739103562
3734647114
3734573386
3738710874
3472372522
2415420714
2373549354
2372427034
2372422922
3446166794
3488182537
3484152280
3484152312
3752449000
3756573624
3748447128
3710900216
3710842872
1546581368
1545991448
1411675400
1948579080
1952838425
1432843067
367351611
384567099
384572699
99425339
216994875
208547882
137240638
137175054
137105422
141427022
149835598
195746510
179030742
178821846
183023574
178827870
178827882
178823785
447227496
468200040
459811368
455809320
455737368
456785928
993525784
995631211
1004019947
969502143
970553791
970578333
972656028
703169948
694784412
694792600
690598296
757707673
757708569
757710619
624537371
624929594
557296187
554928891
554846875
588384921
590744249
574558121
578688425
582361257
582361275
598155466
564142090
815800330
819994906
283496730
350613818
350613817
350582040
485457176
476933912
490598200
455008008
425385736
503172872
78417720
11313145
11312890
11376570
15570874
3125690
3060154
19837114
19837082
8302746
16691390
16691695
58633599
41855773
308197660
375372060
1985984796
2120201484
2115744012
2050527839
2050724574
2016318206
2016281338
1747518186
1747522218
1751659434
1755850922
1822959787
1822959800
1874339976
647506056
912009352
370610312
370278536
840106120
844103848
852500649
854615465
853802493
870562135
828620055
811827479
811827478
274960662
274968862
73638202
123838778
106998074
107018554
241301818
241400122
250755354
183638282
200410378
146145546
145408778
145396507
145470268
195600684
1256760620
1244177700
1512615200
1512619472
2049685456
2049619904
2032841667
2016056002
2016035570
2016084706
2016088662
2016092685
2020156216
2024285480
2025335848
2025334824
2023237640
949495816
412679496
215586505
217614026
342393530
271418026
271553450
271495338
288288954
322891930
310046922
316314826
333100506
333424123
360228859
360224729
359633881
359576537
359571963
393130491
930066939
925749755
925757947
913176043
913167851
644871529
644866105
644735001
661516313
661631289
661500201
560764203
560780346
556581978
556647642
556422618
561672698
570319739
601838427
601707355
601650555
600696171
600696187
593253851
593281482
559792586
559924698
828299114
1910439530
1910418986
1973333802
1973265691
2013049100
1987870732
1983741956
1983877460
1982767972
1982784096
2003747536
1978093249
1952796355
1952735218
1961656294
1962682278
1962681270
1962685318
1417216910
1417287102
1425685934
1421420974
1152924038
1152989574
1152068998
1168909702
1168912838
1168904470
1303204150
1341088039
1324180263
3463242535
3463045910
1315619598
1248576287
1248379691
1256772393
1256748841
1256742696
1273515880
1265191288
1227586904
1227580744
1227452744
1231573320
1231602008
1240060280
1231812091
1227617786
1227619818
153737210
225138122
233521610
262885835
262918616
1336537592
1340716456
1328129448
1294577064
1294577080
1294566809
1567196043
1575584651
1571525531
1571795451
1575924073
1601102121
1580097577
1580081209
1580085257
1580072971
388890891
367662906
497681978
480773690
480773658
480772682
485020619
501797848
501797880
501863416
493614072
489420632
489420152
489350648
522905080
1332344792
1340659672
1336461272
1269340120
1269412856
1273738088
1240118120
1235923768
1219146555
1219207466
1219076394
1214836842
1210593386
1210593402
1210594378
1210727754
1227503946
1248472910
1256851278
1256718926
1252578122
1252561914
1252570090
1252566954
1253617066
1251518890
3419994554
3411630474
3407551898
3373991386
3376021850
3388604698
3384410394
3384287530
3384287534
3384288750
3387444653
3454586284
3454634428
3454639548
3446257084
3714429340
4246831544
4246962616
3978532408
3979587128
3979587096
1697754649
1730276891
1696798267
1696740905
1696996904
1701710056
1688930472
1688799400
1689065611
1705254026
2006003850
1468149962
1472376842
1199673642
1434493737
1568711464
3699420712
4169247272
4173572632
3109390872
3141437960
3123351048
2854924808
2854990440
2855850731
3141038762
3174572714
3174642602
3212391866
3195608250
3203995834
3069909146
4143659162
3605691530
3622501582
3572153414
1424665606
1953145873
1948885024
1949081888
2083299616
2104406321
2116972545
2116943875
2116616194
2116619362
2116753638
2124950255
1856518889
1839734425
2091396745
2092445320
1558720136
1567121080
224939944
225971624
209597852
209069524
204940656
208810288
206713105
206774545
206577969
206774547
215101763
217203139
99762627
115392947
107005347
107077107
107085106
107084086
249620798
249620782
250669354
250936618
183815530
184320474
184189386
467317194
433758554
966435130
966435130
966303849
999858216
2052628520
1779994664
1780125704
1798986760
3912915208
3896134184
3970583080
3970436648
3987223048
3991413320
4285006536
4277994152
3737071786
2663130282
2663136426
2663200922
3470732442
3462020250
3457822926
3457839310
1331306566
1297752070
1280975104
1283068176
1278939936
1211703840
1214981680
1214922245
1231686407
1248529158
1248332574
1248349534
1256775166
1252586986
1252585898
1269342634
1235789226
3387467178
3412635626
3391684586
3395855658
3404444986
2326433850
2309656633
2292883512
2293866792
2297005676
2297005740
2632549044
2624107188
2636771988
2536112828
2519335596
2519339432
3056344232
4130080825
4151126027
4100859914
3564005386
1416423450
1349307450
1350353950
1348026702
1439318470
1204450226
1187668385
1457152160
1593467056
1585078400
1332637824
1294385600
1295155968
1546748464
3694179876
3713052204
4291865128
4270893608
3197155896
3197148696
2945746491
3162343146
3157100202
3157120682
3156836266
3157863850
3157863594
4231740638
4231689286
3967480834
3975864322
3969556483
3969622019
4187529219
2048565250
2048544770
2050621506
2049639906
2049575654
1789475502
1789409963
1789409960
1772628616
1755851464
2045259720
422319432
422973816
420622696
990061032
989864360
994075049
994111914
1002475946
1002541482
1002542522
465680890
457292602
197258042
1270967098
1272408858
1268738330
1268739354
3415995706
3415834938
3415834906
3381231966
3381236079
3382419812
3386482788
3380183068
3408494684
3408560200
3644505160
3644500040
4179274328
4178225768
3108612712
3142106744
2883093064
2885190216
2884141800
2842198760
2842202792
2838095528
2825514408
2825513129
2902063290
2902416570
2893370554
2754679962
3828428954
3828494490
3845267642
1668427962
1654797466
1654793354
1654858954
1658921162
576725323
576992025
577180217
594417192
560799256
543963656
552344088
1626151480
1621974616
1622005448
1890370184
1911325320
1911325352
3823927976
3823927976
3824129768
3790515832
2716772904
2708449833
2708450875
2737804859
2737734201
2720973368
2721038888
2720846376
2725040940
2741818668
2716720428
2695813437
2695813406
2695805214
2699926318
2691484206
2687290926
2704068158
2737633854
2704145174
2704136966
2691684631
2767116597
2767190391
2767059319
2783770999
2775382391
2775447927
2808994165
2775570805
2775578964
2775578964
2775578964
2783836661
2918054391
2951576054
2951575990
2943318453
2943187376
2942664080
2942647696
2909093268
2917350805
2917285015
2812427478
2812423366
2728536278
2728470702
2728405166
2729453758
2733709469
2733840524
2742426764
2738230408
2721498264
2721440936
2725553404
2724506636
3815090700
2708322828
2687351324
2687482420
2687483428
2687409701
2687491623
2687290914
2691452706
2691173730
2699562418
2716539314
2750101650
2729064594
2997500050
4071242898
4071304338
4071302273
1391075456
1382686852
308945028
321529036
321416472
292318008
359426616
342129208
1012955705
1012952603
1013020427
946066698
946324506
954586154
419212330
417115178
1489546298
1497935066
1237892282
1267307690
3415970986
3382359982
3382351534
2577045158
2577045173
2583529108
2583135888
2574423696
3178407568
3174282896
3207630576
2939194080
2939271904
2939267808
2939202404
2943466276
2943605527
2943549190
2792549894
3862066710
3861067382
3860862438
3793749222
3797943462
3806332086
3802268830
1654799502
1638038662
1621290118
1889725830
1893979846
1885460086
1885397542
4033143334
4033144358
4033150758
4041562918
4041562486
4058348030
4087839199
4092026253
4091874444
4066706588
4062451132
4062520749
4067370413
4067374062
1928270814
1928139718
1407988694
1357402486
1353241959
3500800277
3500796164
3504990528
3496831296
3228466129
3224264386
3513665218
3547316978
3555513314
4075594082
4075594018
4071400755
4071472640
4075601408
4062755328
4062763568
1915243040
1915426848
1915361312
1915357217
1919552563
850009110
313142470
313141382
329976710
27790222
15206798
2693518
2693566
7028398
15431342
279569070
279487163
279487193
279750153
283945272
292333608
308586536
304392232
304461880
304543752
304544776
304530984
384221736
379994873
379994761
400934537
354731660
354784764
1969597676
1977986156
1956751660
3835931148
3839999500
3760307724
3760304668
3760689772
2686833384
2686767785
2690930347
2690928555
2690927019
2699319466
2716104938
2711943258
2712008714
2695030794
2695294218
2699486730
2686902794
2770756126
2771661358
2804160046
2737049390
2741766630
2750220438
2745833622
2745841814
2729064598
2997562518
4071307412
3534305412
3534239876
1114118276
1109973132
1110113692
1110109580
36366540
36432076
304703614
309065838
325777534
292223326
283826638
283900877
821033692
821018324
812490484
808230628
808238692
808234596
539295332
539287140
560307812
568844132
568850292
568459076
568458828
560201292
560135773
560201581
1642200429
1675678827
1944450171
1927663643
1919275033
1919258649
1919415321
1919417401
845577241
853948443
853948682
870727434
275132938
275649034
275644954
812467002
1894568234
1957475386
1957464154
1957464987
1420593817
1424857736
1546630792
1546646157
3693535887
3693503406
3563483310
4125549734
4154647734
4137870534
4137854150
3600987335
3605116373
4133529060
4130383212
4130399596
4130592045
4129740077
4133900335
4159045694
4125556758
4108718350
3571913502
3571922494
3706138174
3706141246
3702856286
3702856670
3702874062
3719626701
3738500940
1314186780
1309996584
1312225084
1310093596
1310072860
1310072860
1310077053
236327166
257294494
217448590
213337998
213110414
212991647
212987549
78704348
82898684
70282860
87043948
120661372
104215624
120991817
91635721
352288795
347898171
347909419
352102699
878487599
874285103
872713335
872841351
872845447
337010822
353771654
389419430
393611938
363793058
883694242
883698339
883175041
346301057
346497664
400999104
384205392
375489056
371249957
371240231
908109871
912308266
920762410
1046588442
1063302154
1060208650
1060274442
1064469258
2129831722
2125655850
2125590314
2130177883
2130075339
2121731723
2100758155
2016876171
2016812699
2021070763
955270379
951080043
966844473
988864521
980525067
976465946
976482362
993260586
959872042
943069482
955652650
951458362
951925274
951859723
951860745
416822808
408486456
425202280
425211688
458777912
442006540
173669388
175766812
171572540
171572540
169472316
173756700
173691148
173691657
173945611
140378891
140444426
139921178
148840250
148838970
146754138
146558539
149735115
417908441
409503401
963155880
996982184
1064091048
778878392
1852096440
1851896472
1847702168
1847833304
3995251448
3996295785
4013072938
3979534890
3966919466
3966909738
3966896426
3975350586
3967224090
1819753755
1819616267
1836064841
1878003785
1871708377
1871761657
1871762585
1875940745
1878040459
1869651594
1869659802
3979460250
3979458202
3979589338
3983795818
3987989802
4239647786
4239649833
4239617852
3706939908
3694231040
3694478848
3693462816
3559247904
3563503649
3567681539
3618030658
1458490691
1450068545
1194265169
1160722785
1143749665
1416373281
1559179313
1559105537
480669699
497545283
1051046211
1050976195
1046519251
975215059
707901907
707902967
707849709
707850217
707821417
712005417
703682345
703722809
703652121
703635465
703640665
695309689
1777569129
1777504233
1769185273
1798413785
1798419849
3943801240
3943883176
3910296488
3977393836
3960608421
3964804835
3908116194
3903854194
3903854098
3902809346
4171244546
3634379778
3651540994
3399890946
3400415234
3400140802
3400124418
3400047650
2326309986
2326310243
2330500589
2590543336
2590613240
2590613176
2586418840
2586427064
2586422968
3207261865
3173662379
3173652395
3161133229
3165143212
3165208764
3165253768
3165250440
3157059272
3157236296
3156663144
3173443688
3177638120
3220401368
3216077000
3203486152
3203613144
3195158760
3195270376
3195135017
3220284457
3212030985
3178411787
4247954954
4231181834
4235632186
4252425834
4285910506
3212068010
3191083179
3207860383
3205959839
3178647805
4243748317
4239584863
4239632983
2897328663
2897259031
2901458455
2909902453
2939261557
2939277943
2939253366
2939232998
2922455782
2939167470
2942305774
2946501742
4020242554
4020312090
4256377867
4239469581
4239451148
4241531916
4233213204
3692271476
3692267092
3692138052
3708980932
1527930560
1527918144
1496460881
1496325922
2037398562
2112894050
2142442738
917647490
378679426
382865538
104943762
104922530
104917922
88140770
71359010
71465746
80887042
79049986
11206674
1084899346
1084932098
1168822274
1319800834
1319863299
1252629777
1256823152
1256819056
1248431568
1311281076
1311282860
1311307432
1579741864
505960104
505943720
527120056
527054776
535699704
535699672
502145096
359407624
342635529
342150171
342788378
342800666
342862106
1424797050
1961395578
1978172410
1705542394
3853095659
3853227753
3857364584
2776278568
2772083240
2803540536
2803540520
2803425832
2805515816
2805780072
2792116072
2792115704
2934789592
2934927832
2934862296
2934928472
2934930553
2934963321
2930767899
2947213338
2901081371
2892693275
2892691017
2888430169
2892558968
2892559080
2900948968
2900948456
2766722537
2783499707
2808993211
2809124282
2792355258
2809124282
2808993210
2808444314
2774889882
2775021018
2774955354
2774951194
2783388954
2783194394
2783259930
2917607706
2951166234
2951567418
2952615994
2948463642
2948592666
2948591627
2948591624
2948423944
2938905096
2905080344
3962176040
3827960360
3827964520
1684805736
1688995929
1638664395
564925642
564998282
564998283
598544539
602796201
602797481
602781609
594539465
594539467
560984859
560984874
560984874
560883002
560950554
560855354
560842858
560843002
594533578
594407626
594407626
594407531
556789803
556789803
556781611
560985387
560921899
560983339
560856347
594401099
594400203
594400219
594408411
602797051
670036923
661500843
661500843
661501947
628080091
628079051
636336585
627947736
657307848
1730525384
1730540616
1730613272
4146466856
4117115176
4121305640
4104528424
4104593960
4104925736
3584823850
3584819738
3320579658
1164713818
1160583514
1160591706
1429043290
355450058
892189898
892189898
623746248
1701681656
1701812728
1701822168
3849303624
3849237016
3857625656
2783949352
2783949352
2783949352
2943332905
2943203118
2951585126
2951388022
2951395958
2943023734
2938698358
2938699382
2938699390
2938666591
2871606236
2854828508
2859014620
2867402973
2863216862
3131783422
3131783422
3131784318
2594913406
2611625086
2292855886
2292855886
2292851790
2292923722
2292727242
2296916986
2296936939
2305358331
2338978267
2338945995
2338925387
2305374555
2305506618
2288663866
2313823611
2313905535
3370706404
3370680800
3437789616
3429466512
2355990928
2351798192
2620373712
2619783872
3173432000
3190209088
2921769472
2921770496
2921693729
2921632355
2921648870
2921648878
2921650090
2942589370
2942654874
2950920602
2950904282
2950904154
2875342090
2875340042
2841781578
2841847002
2845909246
2846961838
3920691390
4189257884
4189139080
4221575304
2066759880
1511098696
2048109336
1040427800
788769560
788770072
756265226
756256842
756056266
756056298
756134123
756260971
758297643
757255483
623036696
661051672
1743186200
1743255816
3890596616
3848572680
3857159960
3836129832
2896601640
2896601656
2913448489
2917974571
2905362986
3173778026
3173781102
3173784430
3219994718
2947102814
2947119230
2947283054
2947266686
2947266654
3215702349
3177953869
3173706447
3156875974
3156876006
3156818662
3173530022
2506627254
2544374914
2527801490
3601477762
3333038212
3333300364
1189425288
1176830088
1176984840
119695624
86173960
86173960
52619528
36034824
35966217
40681771
107528491
116113787
116052297
132837705
216723784
208334136
208402728
141146907
141147978
137148234
141341674
141333482
149722090
413971370
430749418
431862505
432001752
431747672
435937832
423223592
423227432
1010421800
1009631240
1009631241
1009598473
1009582169
1009714521
892213064
938358344
917386824
917452377
917247561
380393289
384619865
401397209
401389051
124632571
124648955
124777722
124679258
124678234
523169866
489599306
493793610
1030665177
2112729832
2112664296
4260139752
3991704296
3991712424
3991712424
3991515816
2783687336
2766844585
2758470059
2758469802
2758465706
2691340794
2687408858
2687416907
2704126537
2737631816
2737619544
2720916072
2725044840
2725004772
2733448676
2733447668
2733447540
2750225717
2750225718
2817342518
2817338430
4025296958
4021106750
4222425150
4222425118
3685293262
3685298318
1269371018
1235816586
1235865738
1219146121
1219146152
1220259752
1215863656
1227459128
1495907080
1529457416
1596698376
1596711688
522781451
1030554395
1039008299
1018036779
1018045225
1039081769
493626648
489425928
355257416
86805577
86809801
107788491
40745179
36682971
36369611
36368459
103477579
237695439
241890254
267056078
267024342
199949302
200006130
158964178
1231664466
1219080530
1286189554
1286189490
3433607587
3433603489
3433670048
2364246416
2221639824
2217335216
2217335712
2150136356
2150115876
2154373684
2175476228
2192122372
2192060964
2192048420
2196243488
2197555233
2195478577
2195478897
2195478899
2203900791
2271075318
2405292982
2371714998
2371714486
2315123894
2381970614
2373579958
2369351894
2369351902
2368303194
3446304842
3422220619
3418022472
3417884264
3417885416
3478702696
3474508584
3441004345
1295632137
1412956939
1412956939
339280651
473563419
477769771
493495339
510272523
510133258
510133322
107791451
107779579
124558843
124567035
107855355
107853051
107983099
103723227
103723227
103739595
120221903
69873871
69874806
74069874
15416946
11220594
11104851
11137745
11056081
32027056
65647024
1131126160
1114291088
3261840048
3538926260
3534600884
2460794612
2460791404
3001868844
2993451560
2993431080
2989236776
3006006572
2439841844
2448234548
2444040244
2445219925
2445219925
2243762389
2243762374
2382192598
2339208918
2339208958
2339207678
2305423614
2372532470
2380921078
2406086898
3479943314
3475675265
3475679360
3475564736
3476630720
3476692800
3443144384
3453629136
3298439841
3297252002
1150026414
1150026154
1170489514
1162183802
1292351514
1560717578
1595321098
437693194
439855882
506771722
505711626
510427162
506314810
506400810
507392046
507125799
238690595
251277875
514510417
397118144
363371136
279485312
1349032064
1881716912
1949285024
4096179888
4096196272
4096145042
4096210610
3022274210
3026988706
3035377122
3031171318
3030909142
3567849558
3567874126
3584598092
3618352136
3614353672
3056503560
3055979016
2804324872
2804328968
2804264456
2804195864
2770633256
2703606312
2737238632
2737205992
2708211432
2716601980
2716601172
2716605268
2716604692
2708281652
2708289844
2708289588
2716809236
2712614932
2746169396
3014613108
3014645877
3014629591
3018693590
2976750294
2972564182
2972580598
2972573415
2972579575
3077404662
3077387702
3085776054
3219995838
3220117694
2683246750
2674866398
2670409758
2670343198
2640982030
2646220814
2646221065
2646172168
2627265128
3700997864
3757607528
3727198824
3592980521
3592981547
1445560331
1982398474
925433866
875233290
875172139
879371817
883566123
1017845259
1017648715
883426891
397166427
384603642
40670714
40680954
40746458
40746458
36550138
36680187
36352475
36352410
36352395
40546703
57323933
1374338493
1349237685
1357496244
1894355892
1890169532
4037653080
4033393192
2959667752
2687003176
2703964712
2737703464
2750368296
2729265688
2729184776
2997617160
3001811464
2993422888
3010208552
3018596392
2985053228
2980927540
2982008917
2982017111
2986203479
2440927958
2439895670
2502769398
2670541558
2670541558
2603563382
2616146038
2611689718
2611682550
2343121046
2309566622
2309566622
3387625626
3370897546
3362365576
3358172296
3359214424
1228520216
1245423896
1514121224
1512482824
442936331
451362826
980221978
998113322
944386346
407511850
407511594
407398219
442019789
442023364
443059604
1516871092
1517002160
1512816560
3660298896
3693787776
3697998528
3567927872
3567911440
3500737056
3500675623
3500679726
3504877870
3504869418
3563789370
3295352858
1143486586
1143486714
1143543946
1193867658
1177066890
1185451947
1185521080
3601448344
3618223512
3567891032
2494276136
2498470440
2490081832
2439750168
2456478248
2452554284
2452357676
2452358948
2456565797
2460760101
2477529141
2209093717
2276268117
2414697606
2414738838
2339372950
2339372958
2339240382
2338977982
2338944190
2334732542
2334732410
2301308954
2313826314
2313839371
3383435784
3366456888
3371698792
3359116137
3426311531
1278805083
1278803979
1278738441
74973192
83493144
91895080
120205096
371928856
371739400
304664009
304645595
841781691
845975992
829206712
829206712
808300712
1882173672
1882177000
1883160552
3497965304
3514753736
3573428809
3569234650
2645431018
2645309418
2645048554
3722983658
3420985598
3488290910
3450502214
3433755653
3429392384
3425185840
3425185824
3425313824
3425314368
3429508672
3316254272
3265988160
3265791568
3265805856
2192059936
2192071456
2196293921
2196543777
2196543843
2188155235
2188155251
2188229491
2255469299
2255339186
2389573298
2406348470
2406463158
2406333878
2389555390
2389555390
2657990814
2519578782
2519644383
2519644236
2654382860
2654301708
3694593548
3694531100
3696636460
3566613100
3566469354
3566993642
1419509930
1149763770
1145569498
1158274058
1293527306
1595648778
1597745930
2117053194
908954378
913082698
921472474
1991083162
1995276443
1919939001
1378775400
1378492968
1378492968
1378492972
1378493952
1383734784
1392053762
1134038786
1134054418
3247033426
3297365202
3297352854
3297350806
3297351574
3297498774
2224815799
2224618405
2230872229
2221439140
2217236644
2234153188
2267707396
2246766336
2242569728
2175754752
2175542816
2179733024
2204896800
2183925024
2189101088
2195265568
2195462176
2195462193
2212239377
2203916375
2203916375
2212444279
2212444279
2212329559
2279471191
2415769814
2407382422
2407382966
2340274110
2340274110
2340011454
2338960830
2334781694
2334781690
2301227386
2305487690
2313839179
3388679753
3371699800
3363310185
3359120233
3426307179
1278936139
1278803979
1144520713
83361800
83494200
91895592
103427880
371796744
304663368
304647627
304907739
841781691
862753192
829206712
825012408
1882042536
1882174696
1882177000
1883160296
3497965256
3590251208
3573428811
3703444218
2645431018
2645046762
2645047530
3655866602
3488094430
3488307294
3450534918
3437949956
3429392384
3425173536
3425181728
3425314160
3425314368
3295295040
3349808704
3265857088
3265791536
2192064032
2192059936
2192099616
2196556065
2196560163
2196543843
2188155235
2188220787
2188360563
2255338162
2255339186
2389573302
2406479542
2406465462
2406333886
2389555390
2389555390
2657990814
2519578846
2519644365
2519644428
2653284876
2654236172
3694531100
3694539292
3562414636
3566613357
3566469354
3566993578
1419509930
1149763770
1162413258
1158265866
1327212810
1597745930
1580968714
1043311370
908953866
913082698
921472410
1991082138
1995280571
1919873528
1378775848
1378492968
1378492968
1378492964
1379546624
1392184835
1387859458
1134038274
1100499986
3230256210
3297369298
3297352854
3297351062
3297482646
3297498774
2224684711
2224617893
2230872229
2217236644
2234013860
2234153060
2234181636
2246766080
2242536960
2175623696
2175542816
2171340320
2200702496
2185038112
2189105184
2195265568
2195462193
2195462193
2212239441
2203916375
2212304983
2212444279
2212444279
2212313175
2214426711
2214459735
2206071127
2206071671
2206071671
2206071671
2206071799
2204990455
2171435511
2171435511
2171468279
2171468279
2171468279
2171468279
2171468279
2171468791
2171468662
3245210486
3245210486
3245177718
3245160822
1097668982
1160722742
1194276918
120535094
120469526
120530950
388770118
925649222
627964279
627964279
627964279
627964279
627964279
627964279
627964279
627964279
627964279
627964279
627964279
627964279
627964279
627964279
627964279
627964279
627964279
627964279
627964279
627964279
627964279
627964279
762165623
762166647
1030600183
1030599095
1013821879
1013821878
1013822390
476954294
472234678
1545976502
1562753974
1597356470
1601633730
1610020163
1605820736
3753369872
3753365776
3755312164
4266953764
4262763812
4279676229
4279676487
4246111942
4246110918
4245787382
4110481070
3842041774
3843091887
3847289261
2773703100
2773638540
3849510284
3857962460
3891512188
3869492029
3873698567
2799788294
3059769382
3059758118
3073378414
3039889646
3027384782
3035769806
3165028046
3165046470
3181691462
3215254038
3202671413
3190084900
3190609188
3190777188
3190711412
3206952180
3177579988
4234544580
4235676997
4243909909
3170167092
3165956404
3182934804
3082198532
3069677140
3061632724
3055306420
3055290044
3072202684
3038654884
3028169124
3035365543
3031171310
3031171182
3031228446
3031229454
2510594318
2514793278
3575956286
3558998810
3558998794
3693224202
2086805787
1978737721
1974479897
1978738697
1968388297
339167625
338988937
270831499
811894411
836797337
861967256
1914876824
1914872728
1914872744
1919067048
4074939368
4142318584
4142351320
3613680488
2539941161
3039292719
3043413294
3051867422
4121408774
4154962182
4138053910
4142182694
4129591334
4129652790
4129734662
4265005126
4281531606
3845324022
3841128663
3835873429
3836856476
3840996508
3832602780
3831751068
3827483612
3831744120
3831623209
3840011819
3856686634
3881852718
3877643582
3877643534
4129498374
1986139414
1995572518
1924337446
1924272086
1923489155
1390814595
1394999427
1361379459
1344606643
1348936615
1353134759
1354176165
3501481685
3501517524
3505711740
2439293820
2472586076
2522982157
2531492621
2527167263
2543878703
2543882799
2514543402
2506155310
2539705646
2539703342
2675100758
2649943110
3186879606
3027303654
2489636342
2485573335
2435240647
2439434951
2472957639
2472875671
2472557987
2455775393
2472552673
3554753761
3547464897
3530686656
3530691520
3530777169
3531076177
3529963201
3529949121
3546726339
3513229251
3504703447
3504637943
3496261094
4033144302
4028753126
4033078374
4100060262
4100047910
4108502294
4108513031
4108513028
4108582148
4032855312
4045411360
3491827760
3492884752
1349657120
1358049824
1353846305
1353779731
1404316163
1391749890
1383553282
1383581970
1381336338
1381269778
1377276226
1377206658
1379307907
1378320819
1881440673
1885705633
1894102437
1894234037
4108713349
4100062613
4095864301
4095797357
2753620005
2774657333
2816662277
2812468743
2812532254
3886084894
4116738334
4112535838
3038904574
3073511662
3077774575
2783988207
2778749423
2779904991
2784148175
2784210509
2775688783
2809639519
2809369215
2817626415
2816529709
2808136751
2808104239
2804035919
2770477519
2770543037
2753639869
2757959101
2766281653
2762099637
2779957908
2813435588
2796594692
2795545093
2791350805
2787353141
2787291685
2770522661
2753742373
2753695271
2757758501
2774535469
2799705197
3068138623
3063939327
4137816286
4138868942
4143063262
3597821146
3581083082
3564297162
1416744910
1416682959
3562075613
3562141149
3572756828
3568554348
3567507300
3571673060
3571656389
3580049031
3613591190
3596813990
3605012398
3605020078
3600839854
4154516638
4159742095
4117799055
4113605069
4113801549
4113731855
4112684303
4146240557
4133615661
4133546287
4142133039
4133635903
3059959391
3059959774
3061007870
3086079471
3086022125
3086193660
2817688140
2809238028
2769330700
2769331740
2754789164
2758973741
2766326055
2762100006
2766210374
2757768702
2770347950
2770339502
2775717566
2758944647
2767400325
2763070612
3031506068
3031460996
3048270980
3077696708
3056774597
3056840021
3056712759
3060896806
3059974438
3076686642
3051524610
3051528707
3034687025
3043016481
3043007776
3076705584
2791751936
2791752449
3061281351
3073712854
3040093166
3023312302
3026454702
2959345850
2967668890
2963413130
4053941387
4087360905
4070581641
4070585753
4074841529
4091618729
4049691049
1898017193
1881391545
1898037721
1897980381
1931535709
1935730045
1944105253
1910616357
4041322533
4032925989
4041315604
4041457412
4037196308
4053973524
3017972244
2992822788
2988625492
2988688357
3005301221
2975875175
2984464421
2967625733
2963465223
2980310279
2980177975
3051681831
3043285030
3039157270
3038967062
3043152710
3160556246
3160621814
3168879590
3178312182
3178308822
3207668934
2668766662
2538745750
3599969006
3601861358
3601861486
3601860950
3337698566
3329433606
3325059078
3324039446
3340992806
2271646486
2246488838
2225505862
2359790278
2359659166
2632227502
2623863727
2636413423
2636397931
2636592155
2640716059
2615550267
2342920991
2309304862
2314479166
2310284838
2293577510
2294089190
2292974998
2292974997
2296705428
2356457876
2368778636
2400301452
3474043276
3439437708
3707875292
3709053468
3711150620
3710036764
3747784988
3748052284
3731276828
2659106845
2659078173
2675863933
2675864959
3715594111
3713496831
3696719583
3696711647
3587659743
3588051423
3579606495
3562829247
3562894527
3579835647
3579827709
3579827661
3623876045
3623744991
3623744895
3623744895
3623744815
2540500271
2540561727
2507142975
2549072767
2549072767
2549994495
2550003679
2541615101
2541737981
2507494909
2541057405
2541090141
3614962973
3623347485
3623347487
3614930207
3614791007
3615315327
3615479150
3581924846
3579827678
3579696606
3563058527
3562534239
3573544759
3573543733
3573413685
3564988213
3581900629
3581893973
3579661685
2539486695
2539613559
2531163974
2530692870
2547343127
2547260981
2681484844
2677810732
2375885340
2308911620
2308780596
2310812964
2314732580
2313686052
3387492390
3379038246
3379038262
1260914774
1260927046
187197766
187263430
187296198
153745862
153876950
158071254
426506630
426375558
426359190
422295974
522960294
522826118
522826118
392802702
401183130
401314586
367702810
300589850
300607290
300604202
1407863082
1408157978
1400818954
1407108362
1474295051
366793033
501010904
501072344
488523256
421412856
421477176
421280536
960313624
964306235
972743034
1000927579
733512155
737706971
737706665
729326249
725132008
724147816
724163113
724261419
724188955
728382730
803869962
803733514
1034682443
1034682587
1034305753
1034318041
1073635545
1064263897
1064071417
1064063483
1064260091
1039049146
1039050170
636335546
636263931
1710005723
1710005243
1709555321
1709684345
1697034808
1697034873
1680323321
3961905659
3961856171
3961921707
3966108846
3970316462
3970312606
4021693390
4004916174
2125933518
2125934542
1593124302
1590952367
1590960557
1473261996
391127484
390210452
390206868
385878404
352332228
353577413
336735686
275936582
283562822
820413262
548243326
566005358
1639492142
1639483947
1641655819
1664724491
3812206089
3795428921
3795566125
2721812013
2721678637
2725889061
2725855461
2738487479
2704937102
2688165278
2692627878
2700937638
2695628966
3786152126
4088281230
4088277133
3534039180
3538169276
3538293148
3538289052
3539407308
3555008792
3504611624
1352949800
1353507899
1353578554
1894553642
1881967082
1881967274
4029385354
4046174857
4045984456
3542630920
3509060120
3509125672
3517522216
3517521960
3517526056
3249344552
3316581419
3349744686
3487108126
1330202654
1263130974
1258936670
1258936702
185334142
151775566
152824142
154757454
422177102
422312270
422312286
422312318
959035870
959035855
459913679
459913631
459914135
183090101
174832564
174832564
241940404
241939380
1315632020
1324020636
1202385240
1152037128
1353363785
1353361866
1353423274
1349028266
3492580266
3493628554
3491601035
3493656264
3492557320
1361838616
1366041128
3517784360
3517718568
3517780008
1403846699
1135412266
1205406750
1191774222
1326012494
218749262
151640398
151648638
151779694
151775566
151644622
421112270
422164942
426359263
434878975
434880511
468434430
460045822
460043710
460042654
426488222
426488222
426489246
426425790
1500167614
1500166558
1500166559
1500166543
1533721997
1533738397
3681219991
3681212311
3748386743
3756644279
3723098039
3723229111
3724202902
3715879894
3715748342
3715690871
3714708791
3748525367
3748654359
3757042965
3756981525
3757495573
3749168405
3715482997
3581265271
3579172215
3579270519
3579794783
3615446495
3615446494
3615317470
2675802078
2642230750
2642230750
2650619262
2650551598
2650551614
2377986366
2377986366
2411557694
2411553078
2411524470
2415711717
2281489828
2247937428
2239548804
2218646916
3292482944
3307625872
3307617680
3307613616
3345362864
1139224465
1138962323
1138966403
1130577795
1130569618
1097014706
1097012658
1080104434
1080062450
1080090930
1080074514
1155641602
1172411666
1172346146
1205910819
1205972259
1189264659
3336747283
3336755473
3337018321
3337047025
3345288097
3345301409
3311867825
3295074193
3295134609
3295007729
3294688115
3303072627
1155590003
1147399987
1147329330
1143163698
1142955826
1142959410
1147233586
1155683378
1172456498
1172554770
1206055938
1340271874
1340275970
1340263699
1299303923
1299578337
1299709425
1299668433
1333089777
1332865009
1332864881
1332995921
1332991825
1330698227
1339060195
1338010083
1338059251
1204959681
1196824913
1196821777
125240593
125767952
92213520
92016944
89923876
68952365
68953385
73141035
73157418
98323326
117197278
117397966
250509775
250507719
250507589
242110789
242118977
242114897
242181473
258297201
224741681
224745777
224753969
224753969
224913681
224913683
225433939
225298930
225298866
225302962
233675186
99613074
99613074
99613139
99580369
133003633
107837809
107833713
107997521
107998547
124635603
91064755
99457459
82688435
15579571
15579569
7322001
275757968
1348975248
1885846192
1881648816
1881514673
1613079185
1613222641
1612993061
1612980777
3760464425
3814989096
3823900728
3819706424
3786147896
3853457416
4121827336
2108622856
1504444424
1504444424
1504260122
1235886122
1235886122
1240145962
1227358506
153619742
153626894
153643270
153741638
422181190
422181190
434764118
430569815
430569845
430569972
434878964
422297076
422165981
959036831
959036830
2032778654
2037103006
2045491870
4192975518
4222334614
4205556374
4209685151
4210733821
4269470440
4265226984
3190489576
3190490344
4146728136
4150925513
4126021835
4125891786
1977892042
1961120906
1961152651
1961218185
1962406024
1962336680
1953931752
1949808616
1949808441
1684520761
1684515627
3856967979
3865357595
3865347339
3861218059
3861283355
3861295643
3861291579
2805392235
2771837930
2919219690
2948417018
2948403678
2949915086
2937333134
2903975870
2887129006
2899706542
3971416734
4239733710
4239663563
4239663177
4237566072
3721658488
1599349832
1599431688
1594354952
520551688
522182408
2132578056
2136771865
2004651387
2138017258
2137890298
4268004826
4267999690
4276584906
3203830618
3153506875
3149832745
3120489000
3095274024
3093112376
3088924188
4166530876
4174910509
4170711086
4189589614
4189663470
1501040814
1496843406
1479027854
136898950
137095558
142305686
150698454
167475462
167401742
167443726
198896910
194555245
1270396396
1526241260
1518043804
1513722525
1513665213
1517859501
1526239919
3753480938
3703240426
3707431914
3696946026
2623458170
2622474586
2622343498
2647508426
2676867530
2660028873
2661086184
2673631976
2669507176
3642627608
3642628888
3642636568
3646892088
1499277337
1501116427
1501109258
2071478282
2071511067
2070450203
992514425
992514793
724083369
690533032
690593449
959167147
2066479850
2066414058
2070576330
2146043082
2145910986
2145976523
2011844825
2007660025
1978299769
1911521113
1374448473
1367109451
1434286043
1433760762
1433694698
1442074858
1435779306
1468395947
1451554219
1455737259
3603233707
3603296155
3620200843
3754357195
3720778203
3704004971
3696730411
3696616763
3696557337
3692940601
3693075771
3693012313
3713983433
4250850249
4259300249
4250784697
4216124905
4283229673
4266517881
2119169371
2115966427
1981613467
2000359355
1966742457
4110302904
3567138488
3567006360
3565953944
3583796168
4088721688
4087709992
4087653672
3550784296
3517233704
3513031209
3576482345
3576629769
3710782985
2099839499
2045313338
2041126954
2041061418
2041061418
963117098
422054922
422127630
422127630
422177102
959035726
426358238
426357150
434745758
434745790
434745790
1508618686
1508488639
1508490685
3656104092
3702241436
3706370204
3706370445
2516237709
2516223887
2516157375
2541519790
3077363694
3077371886
3073142758
4146884471
4147068759
4281220933
4281214917
2099721169
2104766881
2087985633
2094100705
2089976145
2140374273
2123406596
2123409412
781232148
1045543972
2115351589
2115481647
2115399727
2117472362
1966474410
1949699498
1692863162
1690110650
1690127034
1690164874
1706866315
1706861259
3883705163
3879575865
3846154045
3829380669
3829305901
3828793901
3828765247
3828687471
3845927535
3850110703
3850112495
3858570703
3858704591
3854395597
3854399709
3854531789
4294864013
4269696133
4267594133
2120172005
2119516647
2129944935
4294205807
4260128095
4260331359
4260290431
4260290174
4260233055
3976003423
3967614223
3833396495
3829268239
1681324591
1685478959
1702321709
1869690389
2135962389
2119184727
2135953635
2135953635
2102395106
2111130834
2111195330
2109143490
2109139906
1605888834
1609886067
1526001013
1516037428
1516130612
1516126516
1516225316
2061259300
2061263652
2052875045
2052927765
2069770575
475926731
1012793803
878644699
887032603
887036473
1958705705
1958570536
1354033432
1357172744
3509370888
3610017816
3579826536
3582653417
3582650026
3582713518
3616267950
3616040878
3326615998
3323724190
3476427150
3308664454
3308661318
3312790322
3312462626
3295684866
3295683586
3293712386
3302096898
3298181378
2226569985
2226553392
2226951712
2225905248
2498530016
2515372752
2523830976
2993134224
2988817073
2988818147
2720831206
2720920038
2720293094
3794018470
3794084007
3806725285
3803579573
3818263697
3818334081
3783533187
4056244865
4056404693
4057384567
2985743895
2985750023
2976378375
2976247303
2707750463
2717187630
2717153066
2742309674
2742288683
2742354219
3816100155
3782553915
3765712153
3763670297
1624706329
1624716313
1641374923
4090819787
4065645706
4065627274
4065692842
4141850026
4141793178
3059660490
3076428490
3086914122
3053363819
3049235433
3048531436
3052727533
3044361437
3073836173
3071611071
3071484334
3037860262
3027375542
3035774870
3029479318
3029474183
3031530885
2494621060
2511381700
2539693300
2535490660
2535556132
2502145316
3038963493
3038967333
3038925363
3038917126
3043111430
4125231046
3051572630
3048262822
3079723174
3083974838
3075713494
3075518279
3073419023
3073409807
2804003645
2804130597
2938364709
2904744741
2909197605
2951103845
2952021221
2952021237
2943640773
2927060309
2922804525
2943835965
2943843933
2952228701
2952224629
2941584853
2937329093
4111737221
4111737781
4107667365
4103997367
4106096598
3032358854
3047449926
3047482742
3051660582
3177489710
3211830559
3211836687
3192950029
3188821309
3188962605
2920458029
2920470077
2937505305
2910244379
2918637099
2914311722
2918506030
2908022558
2903794126
2903859382
2903900327
2903638181
2773614773
2784101524
2767338624
2763140480
4122097285
4122088071
4158665351
4133495550
4129301486
4263577066
4284554346
4259391530
4238420027
4238415883
4238466315
4238391051
3701518859
3705705035
4293956217
4275151849
4275217896
3201475688
3201479724
3203761452
3195307292
3191206684
3057115684
3056760356
3056731941
3056995621
3068464421
4137945121
4138145809
3601218563
3601218562
3605333010
3328443426
3345298466
3353863442
3622219010
3588734274
3571943874
3571813827
3571817857
2498082193
2498082480
3026556576
3022364320
3022322336
3022322337
3023436449
3023334049
2759077778
2775983042
2817679682
2799948066
3873488930
3873460262
3865075718
3865242630
4150421511
1969375317
1970407637
1968310405
1964182669
1997550749
1968185599
1976640878
4036114294
4036374086
3499437638
3499392726
3499390646
3516167815
3548731013
3548726932
3527415460
3523229413
3254793575
3272613926
3272634406
3260051478
3268436998
3264308230
3280206854
3246574854
2172833558
2156318278
2156316358
2160457430
2160912126
2160912126
2177423102
2177484538
2203602666
2186825322
2186856235
2272843051
2541462843
2549720377
2548673880
2548809032
2531956168
2523633096
2653520796
2653914044
3191772124
3191796732
3208642028
3158305260
3162434028
3170819021
3166621647
3170550415
3027780238
3023594158
3023594414
3027854766
3052109038
3081325806
3081260511
3085657415
3077235525
2972644101
2972701988
2959926308
2960434212
2717359156
2734066692
2723585284
2719399172
2719465268
2721434917
2788480358
2792736102
2809610726
2809594342
2807501270
2769757126
2773952406
2757191654
2763212790
2763212758
2762098630
3030636431
2784028559
2784013757
2775624172
2771421420
2771486956
2771622204
2775823676
2774643484
2808214028
2804146700
2804081213
2804086318
2808204902
2816527206
2946550246
2946555006
2816730190
2808243279
2804048205
2770420717
2753627884
2757967532
2757966524
2766224284
2761955740
2779798685
2813351063
2812375174
2808176774
2803917014
3038867686
3038934118
4112677910
3856854278
3852658946
3886209283
3890387201
3865090309
3860905236
2787222836
2787292948
2804060949
2808279573
2770596389
2774652455
2774589223
2782976295
2782971941
2783005813
2783069383
2816610759
2808226182
2803905446
2803898278
2808090534
2783132566
2762090886
2762095494
3030589318
3031459719
3035686855
3185698637
3051478813
3051396901
3051400741
3043026485
3043096087
3156342294
3160520486
2900604198
2896399399
2914225207
2914159879
2951914501
2922439685
3190866981
3056600295
3056735463
3056743847
3086092199
2778858166
2762085007
2762172301
2762010076
2761996796
2761988380
2757802508
2770446860
2770513420
2770511389
2770510383
2770698798
2804205358
2804206958
2804370942
2808500182
2791726806
2800169846
2791584118
2791583830
2791579718
2808557655
2816938101
2762349668
2762348652
2762373196
3030809420
3166108237
3182820047
3216287454
3216286446
3203716078
3210002926
3205775598
3208016118
3208011990
3195428983
3203817557
3199694037
3199679693
3203742156
2658425308
2654292716
2524433133
3078094585
3052888777
3036111561
2497049291
2496975867
3033847274
3033589230
3025268206
3025272318
3042025438
3042156494
3075718478
3075845247
3075849341
2788662293
2788662292
3862402068
3862410292
3862344740
3862344756
3844512820
3827801108
3827815684
1680791045
1680791095
1680690726
1730940270
1718357230
1718355182
1726813438
1726878878
1722692750
1722695055
1722711949
1739487884
1707080332
1689775756
3837257356
3841323660
3832869517
3828413133
2754639599
2754637807
2758830575
2700110055
2712914135
2746665413
2729893831
2734158407
2725638663
2721378871
2721370671
2721338159
2721338222
2721396223
2725658079
2750838943
2761382047
2761247903
2761424271
3839289295
3838997199
3832640079
3828359999
3845136431
1701847087
1701908521
1683166233
1951546377
1962031129
884095769
884075035
664844811
1722059530
1722057994
1722581002
1718386713
3861884988
3861815580
3878593028
3827999268
2754265632
2754137696
2758332004
2762787429
2762791526
2766986078
2817325406
2808937598
3861738614
3794743542
3794677906
3794669714
3794670770
1668168882
1643002034
1622030482
1621506690
1621506690
1638300291
1638397571
1940169537
1927586081
3797983269
3797983524
3794896700
3794978348
3811761708
3765632556
3841060732
3832669965
3832805131
3826505483
3826513434
3832676138
3790719274
3824273451
3824278607
3824280655
3780239565
3776041165
3758309881
3758244841
3762442987
3771889194
3784539690
3790891802
3824445706
3824478474
3824474394
3824667930
3824651547
3824518473
2742392136
2738856796
2738266716
2738266716
2738287172
2704720596
2704589540
2707706596
2699314916
2716094380
2716106141
2749643933
2741318877
2808427775
2816955646
2812697822
2812701822
2812701822
2796022910
2800086366
2809525582
2776093006
2771899726
2759259486
2759259998
2759257886
2759157311
2754631295
2752594519
2756924365
2765317069
2784195997
2784052381
2817543357
2731662589
2731793661
2733831391
2725470287
2725470222
2988847114
3005617978
3009818234
2976332394
2967734890
2964589162
2427717242
2444505626
2444501258
2477019147
2477051996
2460266620
2464461932
2481233020
3018103164
2976352828
2692192812
2687941164
2687941164
2704719405
2704653870
2703537710
2737100590
2737096046
2737292799
2741393341
2783336381
2783336373
2783278487
2783196566
2816750742
2808364214
2808364214
2808555702
2817927318
2813754502
2780200390
2780200263
2780167429
2780097844
2784291876
2784291876
2775968868
2809658581
2809580949
2809578935
2809382823
2809251494
2809250486
2775708294
2775704262
2775606006
2775605998
2809160046
2808104047
2791328831
2724219931
2724362265
3873634569
3873632009
3890409227
3856725771
3790652683
3782591611
3778397295
3778409583
3761758591
3765952893
3765858813
3774304733
3772204253
3772187807
3788979647
3780455871
3815845823
3815841469
3790687999
3786491647
3786528382
3820021278
3823169358
3798003014
3794855382
3794925046
3794977207
3793142709
3822502629
3824603893
3791050439
3789881159
3764710774
3764709415
3764444199
2690898983
2690841605
2699224324
2716006164
2716059188
2708534804
2704336404
2704533012
2704463412
2708817508
2784249828
2784249317
2784253103
2765387007
2756734175
2756832351
2756900958
2765273118
2782050622
2811410718
2798890766
2790303502
2786435614
2803364398
2803286566
2805318190
2738145262
2724480446
3798750398
3798729918
3798402230
3798340798
3806729375
3806739663
3806751951
3819333661
3785713685
3785747717
1625747207
1626797839
1626849823
3765945165
3828732365
3845447933
3843351788
3847546092
3847570920
3855960025
3839301321
3841402571
3841402586
3858579434
3857456618
4021034218
4025228538
4025431498
4026426698
4026426190
4261311246
4261368607
4261245247
4261224766
4244448574
4244051262
4241968942
4258619198
4258553630
4250172750
4282744142
4291126606
4291260766
4257698175
4257550845
4257485309
3695457245
3691328253
3691386540
3695582892
3720691452
1606758348
1606776268
1589998924
1590153228
1514655768
1514655800
1514426664
1531207977
1497702697
1480733497
1489109817
1505952569
432021305
432024345
423635225
423700793
423835947
423834907
423695114
457179914
440402714
440426859
977330283
973120617
973323496
960675032
675459528
675459784
683848392
1757647576
1757451000
1757460216
1765849833
1782626922
2046868074
4194433130
4198746218
4198712522
4198645962
4198645898
4181905561
4165132472
4165133752
4165197720
4165056136
4173374168
2831262296
2831262232
2831266328
2839606825
2857425449
2859522601
2859518313
2859519321
2859548745
2859684105
2884784409
2884792619
2851239211
2834562347
2832334651
2823876377
2839605001
2873222921
2856711961
2856685945
2865074537
2856686955
2856686699
2856834171
2852648315
2852650331
2873552251
2873556859
2874072937
2875180923
2875049851
2876886363
2875837819
2875739515
2875837817
2842426873
2842361305
2842326489
2876011961
2884375993
2884375994
2868853946
2885561530
2851941562
3900452094
3900250174
3908705310
4171895838
2024419342
2024284190
1488461838
144445454
143401038
143548875
142996860
142933352
138435880
134303000
134368520
134370568
134371080
138561352
155371336
156681672
154519004
153403901
208519679
208654815
208663007
208531967
225309183
225366493
225366493
258929149
258863613
267186685
267186685
250589565
246387071
179278203
179156347
179158394
179158394
183286906
174374138
170176762
170176762
1243902170
1244082394
1245065450
1226187690
1283860138
1283862186
3431280282
3431214731
3432277657
3365192360
3363602856
3358359736
3375289544
3392072776
1248226568
1248210747
1244071466
1243877930
1243886122
1244930570
1247552202
1271687098
1238167466
3377266602
3410810298
3465408906
3465519242
3465465994
3331248362
3332362347
3337994283
3328623673
3278296329
3240543497
1076282633
1076354313
1076280649
1076275657
3586955
3652491
121084315
104184985
372019336
372015320
372031608
304959592
304488744
287711784
807805548
820393724
888479420
886315695
886319791
885025454
886103466
902868218
921744459
921732107
921797657
921797657
913416249
1043439673
1043440697
975352859
975363083
959592714
947002122
944900634
952175210
947990250
947987114
947917467
947913627
952115625
952132009
943779256
943766424
944094040
944225048
960735752
995278344
978489864
978555400
977506872
977384168
2067830696
2076220329
2038553513
2038512522
2105752458
2109881786
2101482922
1595019434
387055770
374345866
382738570
377499803
110104795
112275467
128065547
81924363
81936699
216102699
216066843
207743754
208927498
1276304138
1326635786
1309867786
3393372426
3397435402
3397402666
2324717611
2323931177
2324030249
2407985961
2407976489
2412038763
2261568490
2252638714
2252839386
2386999370
2387065930
2337797194
2304176202
2290020698
2290012506
2288963931
2288832985
3379352056
3378827768
3379025304
3374775704
1211563400
1209428364
1208379788
1208380812
1208380812
134643597
134629327
139937615
164955933
194319165
177484589
181723949
168076076
168076076
436580925
453097005
973123437
977317097
985709801
977376392
973312136
973246600
973230296
956444905
402792681
406984425
411176681
411109977
411056649
411314697
428091913
444955145
176217627
176198187
172000042
167804970
167804986
167833706
167796970
184557802
134623482
147198682
143007434
143002314
143465033
143403613
147615245
135059016
135119176
186564936
182370632
178176344
194954616
165574504
139405164
138946413
139993917
148374301
146473533
146412157
145625725
145621589
233767511
224744311
220591447
220591447
220591447
225424725
91206997
99586517
32346613
65900727
65909943
40875190
40877238
40866998
40865974
1114607798
1110413495
1110438037
1093660916
1076814396
1076291116
1348988460
1357180460
1424289292
1559031309
1600966159
1529630270
1512853050
1512836906
1512447274
1516643370
1525096478
1525944334
1524367486
1523327214
1519132846
1233412262
1233511590
1334310050
1317510306
3464862850
3330649218
3330776194
3330512050
3267466406
2184289511
2451999799
2435222277
2959514116
2967910924
2967841308
2959452700
2955188764
2955726396
3022804524
2771134189
2922131183
2855013614
2867595390
3937208350
3936828446
3919981598
4171637791
2091263053
1547052232
1544820104
402976648
419737224
440707976
176536457
244169098
1317910746
1322756138
1312208938
1312197674
1311147290
1587971338
1589551115
1589617676
1589425196
1591278700
1578682540
1547372717
1547307423
1547316878
471477902
479794830
478684862
478684910
479749678
480042558
498896670
519871242
519870490
1591580730
1590532122
1581623323
1510452447
1510388878
1510379662
1510396063
1514553535
1506087103
1489252591
1489318190
1213084207
1214120495
1216021055
1215889942
1224221190
1217930759
1216933381
143179276
143243596
164534284
168200204
169249804
171081740
238256156
238108796
236007676
236003560
202776809
215363307
211173103
213257951
79496783
78381581
78381580
82596376
128967448
112107801
112108825
112035131
246187114
242013290
187487338
137131130
137113722
137114106
137310938
141439706
140915402
140923598
141021790
149271390
150319990
164995446
160932342
194421238
181838038
181895383
175603935
175604957
174560477
174505181
174505981
182958079
182759931
191148539
242520315
242520314
106344666
114468251
113422267
113424827
382044601
373603512
1917105304
1912910232
1661448888
1627828904
1610785448
3758138088
3758138088
3759190764
3759182573
3775985389
2742085615
2733702383
2733759727
2733890655
2733899023
2750676749
2708657677
2690839055
2690802206
2690851374
2690650926
2699034918
2967535654
4037214262
4037148886
4104258710
1421215887
1425422479
1156982927
1165371535
1198925967
1182076366
1189398302
1189118766
1319154474
1319150378
1319149867
3467747371
3467878447
3398807599
2319745069
2315567213
2317241597
2300459215
2283677903
2286824398
2291014366
2290563694
2290367086
2290368046
2290359854
2290359870
2294627902
2294603326
2295631422
2289340287
2306639741
2322367964
2318172380
3392966812
3390935220
3406733460
1208934528
1208951952
1208952992
1478363552
1547045536
1546013312
1021500032
1034156673
1050715844
1050718740
979411492
976265765
707830053
705732903
705753127
704761894
709021734
713216046
713211951
784581645
776206349
755148813
755152909
625379391
668895551
587058442
578601418
641515914
639517114
656277934
621613998
608966574
616839590
612710822
612711318
612711302
549464710
549464722
545335987
545401523
545467011
813709955
813705859
830483094
311441590
317749494
316700790
316688502
333793591
334453015
300906781
300678940
292280124
19502908
19501884
19511069
325691165
334080349
329886205
61446399
61442239
45844735
41666815
36359263
36633871
36627727
36595479
103644438
376179990
124525846
74325766
74325510
83758598
213278262
1284794918
1283746342
1283518246
3431005478
3447782694
3447821669
2374206956
2374092780
2361509860
2361511412
2361641332
2361555253
2294425895
2286102823
2286287143
2337716503
3403066631
3394153733
3394076949
3389816885
1242333429
1242333333
1510776965
453828737
403515539
470694051
873347745
818285216
814090880
834013824
850163328
304898688
304927137
304926887
303579302
840433838
861540506
821961930
816720330
279915225
279849720
279853784
279788232
275527240
388780552
371770120
505987368
1042833704
1059644713
1030483753
1038802729
535486237
519677775
450406303
440966590
440974510
440974510
436844734
436903102
1510653054
1532673806
1483388430
1492029966
1554956814
1554399775
1554318892
1555312236
2090085036
2085890476
2013546668
2047330444
2046990476
973515917
709338127
1053077518
1046261806
2115806254
1580856366
1446661174
1446644790
3598330902
3436850006
3432647414
3432647351
2224753397
2224556645
2174229029
2191285796
3269250356
3260865588
3256745012
3256753205
1075710997
1075711301
1981127
1972935
270469831
273424119
281855719
281839335
273453431
806334803
806333779
806135905
860653665
919439473
906729555
906673219
1443541186
1443537094
1443553462
1447698854
1418208166
1418277550
1419450031
1419450029
1352140453
1356334765
1348208541
1075648461
1077884237
1077832973
1077832965
275709445
284003893
350527012
350535204
350535172
509709892
505644612
505644789
505536739
1580261603
1580212323
1578115303
3725795559
3696370934
3569491862
3296857782
3296923318
3296738966
2222993062
2156930726
2207278574
2194718959
2186395861
2186531909
2186406980
3260348492
3262474460
3257280732
3274057933
2200836559
2238582478
3295544838
3429188118
3429159462
3437535782
3433342502
1218752039
1218948661
1236643124
1247058980
1510246436
1510246500
436645060
436645060
973515972
956738964
692493988
679905940
679971460
696564420
734308676
704948500
704949524
721876276
721876263
722863142
710872110
708577326
708582446
712979758
989528894
984285724
1001067016
950739720
413738248
409536520
417941880
413915752
413858541
413924078
430501614
447243182
170410158
170410134
170528902
138027142
138027409
150676144
146413268
212469316
212469252
78188044
11013644
65814045
1139555869
65821243
32266862
15490798
15488942
15520190
15528342
15724694
7245970
3051954
3060146
19838930
53395410
36677906
36562946
36469763
36516881
36646961
36582177
107885089
384644641
384570913
1055657505
1055132193
769923941
702830967
703945079
703986039
701884791
701884791
802548087
1062582646
1062570358
980781430
980785534
444054014
444053758
444046590
980915422
978563294
978563294
977514714
960663770
415415498
1489152202
1489430730
1212639322
3355715706
3427612778
3436067690
3314426475
3314156248
3314221720
3298296476
3298296508
3304591012
3290172324
1158093728
1191320560
1191345668
84049412
84147717
67218951
335587895
872459047
1006676775
755018559
654482767
654480463
654480463
654347375
654625903
788875375
788928622
788937070
788675310
801254126
1065430750
1048587982
1518350046
1249914590
1249914318
1249913038
3397417038
3397482582
3397613686
2323806582
2327988598
2328054615
2337491799
2337368917
2411817301
2411850101
2411854205
2379598173
2379729245
2247543645
2247547741
2281175932
2197158396
2189203948
2189203692
2189269180
2189400476
2197723548
2196699548
2196692399
2196493486
2187949230
2200563886
2150298014
2150294478
2150295050
2150295050
2154669578
2162994698
2162993691
2163010107
2230086203
2238450235
2272004667
2272070187
2406419755
2414806139
2263683163
2263617625
2263617625
2280460409
2280469609
2280486249
2280488301
2280488303
2280520046
2246965614
2372786542
2305677678
2305687022
2305684894
2305683853
3362648460
3362648460
3362255244
3362124172
1210970588
1210970460
1211756828
136048924
135984392
134915336
139111688
176855304
182094089
171608329
171609417
170427464
170442840
237518969
153616505
141168985
149566413
145367773
145367807
145306335
212349661
216548205
254625133
237917533
237851997
254571869
225211775
225211263
216822654
216888186
166720346
191812442
175034714
175085050
170898906
170767834
174964186
174374330
174374074
174109882
182514874
179368186
194077179
193094649
163717737
138551913
134423149
138424940
142635884
142634344
142702937
163772747
168221002
168216910
1245105422
1243988238
1247858974
1253101946
1267781995
3363955181
3363889580
3430999460
3431071140
3431058853
3292892577
3290334609
3292435843
1279194499
1294922947
1294922819
220652545
254174225
254222353
254226705
254750977
220861121
87782033
68773555
81325730
97037986
265858994
265993607
117083271
107709637
107840788
308642612
308585004
845455916
846242540
844145320
570471080
570483368
570483369
1661002155
1614864554
1614852186
1615958282
1615955722
1618186010
1634114330
1659284763
1726393353
1860604937
1785119752
1780991000
1780810792
1781933865
1798712873
1750214379
1758672555
1754272443
1754268571
1753235867
1753543097
1757716904
1766106024
1795466984
1778689576
3930433064
3930564136
3931616808
3931487769
3947223579
3942996522
3942980202
3947105130
3947103594
3921936586
1757745290
1757884570
1824923818
751248558
1015362718
881144966
344401030
75964550
75968646
80179335
81195335
83292447
15188255
77843743
77781259
81947402
266529550
186841614
186797582
186860046
153109278
139477310
142659886
142664046
142860645
1216537940
1220728128
1208403264
1208272224
1212473712
1216864704
1217323457
1234092481
1238287859
1266666979
192891251
170752339
170744151
170678615
171794263
171795286
171402054
171438918
171365190
1245107014
1266086246
1217786214
1217785958
1217785974
1216737526
1216667877
1217159652
1218209252
1213745120
1209583584
1209632720
136226752
135178176
135179712
135244096
156153923
181319746
172394498
168201218
236437586
1177878738
1178468594
1182675362
1153311394
1153311392
3434415796
3434876564
3434896052
3439124148
1297399748
1316987908
1316921348
1316597798
1245229094
171483174
188330046
186290190
186295310
185230350
185148486
151598150
135988294
142213878
146408166
145621734
212665046
212603590
212611783
228864725
228872821
230019828
234206204
125151228
120894972
119840189
103124383
103127230
104316094
373273790
306032830
306032830
305107199
1378783357
1378807852
1345217324
1894671916
1890414124
1957527164
2091718216
2095843016
2037124681
2066484763
2049710890
2049915178
2053515306
2061970442
2057592842
2058141706
1790738458
1771343979
3905201135
3896812207
3896813221
3909597857
3926309553
2919406257
2923662001
2931936929
2797723041
2797657253
2790509733
2742471924
2691094860
2691098892
2690968348
2690968348
2690968092
2692083260
2700603948
2700472943
2759095038
2809406186
2927367658
2927364202
2926315578
4008511514
4008060938
1877354506
1827022858
1827021002
1823871114
680984730
679743642
948183179
428090509
465895373
181255437
1256171837
1264560173
1249884205
1258194989
1253742605
1318759438
1318763598
1318755502
1318706342
3323481254
3340438694
3290041734
3292151686
3296335495
1153304197
1153176317
1152131629
1155818287
1155846446
1290065198
1290131246
1290243886
1291225630
3363224078
3361122830
3407719182
3389823310
3390016654
1242477710
1246670990
1255133406
1254633583
3402375277
3361616108
3361608556
3363177060
1215693524
1221920468
1216624324
1216622276
1216671316
1216654100
1220983060
1226217732
1245088772
1311147012
241598469
242307093
235941991
235938022
235348398
201729710
202784446
81140374
78973574
78384774
82069190
82101014
82104614
82174246
94822694
94822710
128438546
246923543
251105591
242594101
242726197
240629013
240631061
239578389
239576277
240628951
102006999
104104087
104169654
104236214
125220023
100050423
127313269
133541973
125087765
120893493
255324197
255250485
255214647
259409255
262624998
246896358
246706870
513041287
517268359
524673967
524793775
499509165
432399357
432398605
407203849
471142431
471273535
471151663
202712879
206906927
214382127
210044639
211027663
211027599
215291526
227870342
227869590
213341174
213349238
217408310
225735478
259314486
259512118
242743094
251117366
244692758
244688342
244691351
110473399
114610357
102088884
51826836
51827860
18265524
1092003764
1094166420
1098168276
1130676180
1139064564
3538796276
3534732980
3534601908
3538810548
3538711204
3530298028
4062970540
2989228460
3006021805
2976669949
3782008927
3773603871
3773604123
3790451482
3789928218
2741485339
2741483835
2724706601
2724706360
2724641080
2741419288
2703676952
2686895640
2691613240
2691551801
2691494445
2766960173
2758297151
2758299453
2758298933
2758363445
2766822676
2783599892
2817226068
2800563669
2800685975
2925991830
2927040438
2922659234
2920557730
3931118758
3939572854
1794315286
1789080582
1806707718
1001401350
1003513863
968927237
960608260
960731396
956546836
2063842836
2034482708
2034482704
2034482800
4165123808
4232232672
4232224417
4232224417
3158548129
3024345568
3024341472
3041118320
3074607120
3074611472
3083004688
3066228224
3066492432
3066426928
3083093537
3083093281
3049540963
3041152099
3159185651
3158726771
3175545171
3175541059
3217484115
3200772947
3200633683
3192246099
3192246129
3192258417
3192389489
3192389489
3208970097
3158630177
3158629665
3032866099
3025665843
3025526579
3025522483
3025652563
3042368339
3075988435
3075856883
3077889523
3044302322
3027590642
3025632498
3025566930
3025550546
3025550546
2488679634
2487631042
2487630018
2487630018
2496080066
2496080067
2512874577
2512813393
2512838481
2475138640
2543164944
2531114512
2531106416
2522712817
3059583731
3055393522
4129144498
3860198834
3859870882
3994088610
1846596770
3994045602
3994159234
3993118918
3993118791
4265753125
4140960295
4136767031
4136894982
2509509198
2492736078
2224956154
2225021610
2159806378
2159808490
2154565066
2150434123
3228442697
3236896968
3236716744
3224159560
3240922568
3240987128
1092987289
1093118923
1076281290
1357285194
1357283914
1357288011
1348641641
3496125032
3512903480
3610412348
3610551660
3593790828
3610538493
3560198621
3560329597
4101390692
4109817188
4109696356
4105477940
4156014084
4143363589
4269192711
4264931842
4130714198
4130730598
4145369958
4111728998
4099153126
4099156215
4126419173
4155844837
4139650260
4139647173
4143919301
1383408071
1400116055
1375081007
1375089199
1352008239
1351893805
1893000488
1885121592
4032608264
4031551497
4044130777
4043869097
4144533131
4128147082
3054408330
3059143306
3069629098
3086381998
3080987118
3198428526
3202622558
3068404767
3068420159
2540138591
2506519757
3161912525
3162504660
3162495972
3162438244
3162504788
3161783812
3178522372
2637504772
2637378581
2670859303
2669878310
2682456102
2679314470
2677218582
2340695558
2340742726
2340729446
2676261422
2664202790
2655814166
2663948743
2672402612
2673386660
2635631796
2618936452
2619230596
2619239092
2636016292
3176562404
3216330256
3065017857
3065046789
2528175367
2532762950
2532767174
2541143478
2503462054
2502380710
2485591222
2490852791
3035981287
3031782885
3048241013
3048236885
2515562071
2490433255
2490433255
2515597303
2549216215
3069440335
3069411615
3060827181
3060055085
3055859756
3072833820
3022438156
3022452236
3023491660
3023389388
3021304509
3027465135
3085977006
2800765166
2796570863
3069212927
3069405643
3077730251
3044173515
3027437275
3023241918
3027440558
3034591662
3031437486
3031433454
3031515207
2494652679
2489378567
2485179941
2418073125
2422332949
2967641861
2980223301
3051522245
2809235637
2802882725
2920388845
2920398109
2924605709
2922447631
3996197423
3995083311
4012057134
3991024238
3969975278
3969908910
3969908926
4237300878
3695241358
3691030670
3691096271
3695355981
3721574669
3587358476
3589441029
3589441061
3623195237
2549605349
2541113751
2536969655
3593803175
4130413999
4130479535
4134678447
4138823615
4155536845
4155565517
4158714237
3613447213
3609220396
2535529764
2535595796
2506234628
2514627092
3585092132
3299950373
3231784806
3231715830
3231994278
3232026790
3236724902
3225191606
3493632134
3493636295
3509364807
1361357829
1395110919
1394771207
1398982407
4091989783
4058406439
4125125223
4158680037
4158872517
4154904005
4159167941
3622073845
3609224676
3609210853
3575654389
3579979735
3722584915
3701670770
3702546722
3701535778
4242576418
2086706226
1814075651
1831311619
1797695747
1780918273
1781962752
1779866640
1779926064
1779799073
1796715553
723440673
759024677
762137703
770525559
795691479
795826647
795704823
804216311
636444119
636452310
636321238
669873655
669995479
653218711
644555671
644424599
652814005
653074101
653068989
653200093
653142733
648948431
582819662
582755806
586424526
561848462
545141134
813564814
821953263
1891567212
1891436076
1891378732
1889297928
1910304264
1934405128
1926086200
1657716264
1657708123
1658818250
1667010442
1662813354
1662812330
1729941674
1729917098
1730031770
1732124810
1732125098
1743660778
1840055914
1840775690
1824023050
1689838090
1958257419
1962517817
4235767080
3963136300
3963205676
3980048444
4013594636
3862596876
3867050252
3867050765
3867067359
3860742574
3860595118
3864793262
2793145774
2793213358
2801671054
2818452110
3049205454
4122830543
4122830797
4122603981
4122800476
4126991708
3581736724
3575504692
3558825776
3560914720
3560908065
1950294289
1953394947
1961771027
1962852355
1962852547
1979635075
2004862339
1446892946
1982717330
1982713266
1987037602
1995307490
1992092006
3875335462
3875071255
4143571279
4135252439
4147798407
4114227591
4097442743
4101517991
3034059431
3029866215
3031981679
3031989885
3031984717
3036178957
2490919437
2491112221
2507873581
2505572653
2539126829
2539204669
2650485017
2646225163
3719962891
3719899435
3753396331
3732457642
3728246922
3727530122
1579585674
1579585675
2100461963
2085786553
2094179244
3967854380
3968903980
3968903460
2817768228
2792799773
2788591133
2788082223
2805944870
2772382310
2772247270
2754872230
2756969894
2763263143
2780040375
2713001173
2981502021
4088802308
3623756805
3577550141
3510449181
3510378607
3521062379
3516861851
3515354506
3515375002
1367924154
1435022778
3582833050
3587088778
3575554443
3611141480
3325422888
2251745596
2251700492
3325374220
3337955100
3317117724
3317052269
3300791214
3233415598
3233285550
3236433326
1093176766
1126800798
1126936014
321563910
288335111
288203780
825012228
825606165
808960285
806764814
807292686
281955150
277772734
294390189
1103628716
1170737548
1204361096
3347722888
3481940684
3483001452
3484967469
3483951662
3483935086
3467163118
3467150574
3481044206
3476391422
3440870730
3423855115
1276289545
1543677448
1547877928
2092993081
2093001481
2092996731
4114979051
4128672923
4129195405
4128932749
4132995981
4132996013
4133089709
4135313839
3061473711
3061735934
3078509838
4159588110
4126076174
4125943094
3572261926
3563876374
3564064775
3559784455
3560374391
3562483943
1431709111
1440102295
1473646223
1473580743
1473535687
1442152135
1417017301
1415960021
1415959029
1415958901
1441132887
1441259863
1474814775
1449648935
3597128503
3597125503
3596998525
3613783933
4150648825
4117090297
4117028345
4117030379
4251248123
4251248091
4251242875
4260151659
4126134569
4125552701
4126662941
3581272333
3581338397
3715561333
3715552887
3579150071
3579117559
3579108855
4111834583
4145388627
3883375635
3883310355
3873869585
3874930449
3883382545
3845436721
3845431601
3845497137
3828855073
3828859685
3827614501
3849111397
3849113021
3849149885
3849157053
3857545471
1710061791
1710192863
1710123103
1710127199
1743739999
1743748191
1743744095
1743742079
1743733887
1743209951
661085663
660958687
660958719
635828735
635816447
619141599
611277135
611318111
610659679
610663807
627441023
627441023
669908351
670037503
670029279
661643221
661520373
627965941
627964789
627964789
627964277
669875509
670004501
1735356741
1735340373
1735209469
1735201279
1835860927
1844253375
1844256443
1840200346
1840200346
1840200346
1873509002
1873377930
1743284107
1713922443
1866031243
2134597823
1832591535
1834557615
2094801319
2090678183
2107578103
1974804055
2142579207
2128947719
1592228357
1593277973
1592915733
3740389652
3729903892
3732246804
1584767765
1601611525
1601607431
1568048983
1568654839
3713910271
3709726973
3577733373
1954477277
1962331388
1895254396
1895127325
1895127305
1886722843
1902476074
862285610
845541694
577564958
574394398
572293150
588021870
558728430
541494511
541563103
1611118790
1610988742
1611119862
1612119526
3826679782
3829342886
3833406118
3840684966
3836543910
1705841631
1705980872
1739399688
1739341320
1861032472
2129607192
2129619528
2129456072
2128915849
2121041035
2116845706
2116915355
2117046683
2147398059
2113844203
2086594415
4233948703
4095639046
1950252566
1954420694
1912014230
1928660151
1928791221
1995834501
1987970180
1988038788
1465721268
1954292589
888939309
888955435
883745322
883734058
616337194
620529979
1826404363
1818011657
1830725641
1864285192
1847492616
1713274892
1715372412
1715401068
1715352044
1715405229
1718558127
1743722918
1739393446
1739394998
1707030406
3858047942
3855999558
3851793174
3851796246
3851791127
3885280005
4023692037
4011108916
4011241252
3977676596
3977740548
3977551892
3977568292
3980182565
3979201573
3849308469
1701829399
1701837407
1701837407
1701702271
3849124735
3849112447
3849181695
3849181695
3849189879
3849189879
3849189879
3849320951
3849320951
3782048247
3782048245
3782179733
3815734165
3815734165
3815603125
3815528893
3823991229
3823729087
3853221054
3853251806
3858490398
3858359566
3849970958
3846039822
3846171454
3883596590
3890924335
4025207613
4025207565
4016827661
3984321805
3980126013
3980121389
3983263021
3849176381
3849110639
3882671471
4016919919
4017051647
4017051359
3983488670
3983357598
3966582462
3966057150
3974372286
3974126014
3969964446
3986815454
4021483790
4002671887
3998278927
3994084621
3994281261
2786317356
2792868908
2809613356
2809612668
2776517244
2775472732
2758703708
2758802012
2766989853
2766989885
2766981695
2783758623
3849115678
3844929566
3845126207
3845052455
3849246759
3849246847
3849255039
3882809471
1735326079
1735318487
1836047063
3983400694
3983376118
4016930806
3882713078
3882712566
3891100150
3891100150
3853483511
3853416405
3987633108
3975049668
3966656972
3962331356
3962313964
3966503148
3975105020
3970914780
3970955992
3987733064
4004511304
4009623049
3999065870
3999130926
3999130926
3927826734
3994898750
3997122878
3996008814
3866052070
3874309287
3870049461
3870119093
3836630405
3840828805
3832440453
3828244101
3828309639
3831791271
3840175783
3840173797
3840173941
3856950533
3886540037
3886474509
3890701599
3874841886
3862379550
3862371358
3996522798
4009691438
1858013486
1857883454
1857565967
1861755212
1979343308
1954169292
4235871628
4235939220
4231540148
4233637349
4242023718
4237910822
4254884654
4254880126
4154311006
3584018262
3705260007
3692613285
3692887684
3692882564
3692882628
3709692917
3743313399
3732825538
3740680642
3739632066
3735405523
3739538339
3748980641
3746883281
3709267649
3713439425
2513864417
2515895911
3052717607
3051679351
3043290839
3043487703
3026378743
3034763255
3035743975
3035918887
3027526183
3039060535
3072598327
2523145255
2531537957
2527526965
2544762880
2684235780
2648584388
2639090868
2619169957
2623461525
2506017159
2516503430
2512363142
2544154294
2548347558
2548347814
2540999654
2541089255
2541019493
2536826661
2536861492
2536861236
2503306772
2505539348
2497077012
2492878100
2494975252
2494917920
2494856996
2511621668
2548305444
2251558416
2251755024
2251627809
2254715937
2258910245
2409905191
2409905207
2409940038
2397340870
2397864086
2397409430
2389160086
2389161110
2653404310
2653338774
2535898550
2503409558
2486593414
2486577030
3558221702
3562481607
3587522551
3587456999
3621023735
3621023647
3621254543
3621180815
3621241295
3579691487
3579637871
3562856485
3562856485
3565020196
3573527860
3573464884
3572153876
3563757061
3580612101
3610103303
3728590838
3728561638
4263335398
4267660518
4276049126
4292761078
4292792663
4259307843
4250723091
4233667379
4232619874
4249462114
4284202354
4133207251
4133199043
4133147859
4133143733
1914389668
1914508708
1931425716
1633566364
1635649213
1635583917
1677517741
1676452335
1638708539
1638702107
1621919755
1617733643
1613539338
1613085710
1613141278
3845046574
3878568238
4012574182
4024960486
4020787046
4020983638
4021016391
3987465797
3987384068
3975921412
3967327540
3963403572
3961318780
3978227068
3980328300
3879618029
3883877869
3883729341
3850109373
3833405887
3833541535
3841923039
3841267455
3853860479
3887410719
3870648847
2797464079
2795366927
2795355663
2799550287
2816317391
2774373279
2887095231
2887242687
2887209902
3960930734
3960734118
3983553702
3991944358
4025564407
3987945719
1839413333
1772300548
2040737540
2023960064
1488006656
1492129296
1490057040
1481700800
1498658241
1595052481
1594004417
1581487827
1581364978
1992408818
1993456614
1985001958
1917892838
1917910246
1918039278
1917998302
1917993182
1918238942
1937179871
1903647965
1887395285
1887395285
1886379973
1894766293
1895691989
1912469205
1912468181
1375523413
1886712405
1886774837
1885861429
1885863460
1894104612
1895153452
1911930172
4160007452
4134843404
4130731276
4128691532
3859990013
3880961519
3880900526
3973117870
2899437278
2899568330
2891179594
2893119002
2893051434
2758813482
2808095018
2816479274
2812477531
2779923673
2763148504
2765289928
3829524808
3829446920
3847337752
3881144840
3883188745
3879002907
3879555438
4097791086
4095548646
4099737830
4108191910
4103998598
3049139590
3216996231
3200115603
3203916755
3195524049
3195519825
3195254577
3220285217
3185682208
3168843296
3168839205
3160450613
3156252471
2889060198
2905771382
2905771318
2906115382
2943737110
2943739142
2939642118
2939625751
2939487599
2940011886
2944208878
2952731118
2948532718
3216836766
4156304526
4120650894
4120453518
4120540045
4120572556
4120883852
3588003484
3581722540
3543972332
3542919660
1932454268
1932403791
1931870222
1902510094
1978011694
1961242922
1957041450
2091191067
2095852041
1013459465
1009285897
942200073
960151819
960151818
964247850
1004021098
1000025962
982138715
982138715
986396507
457717595
457708315
425203513
433788729
433724713
433798441
433601913
425229689
425260505
425325003
425447899
410637226
410637226
419149742
419151278
414956990
431734207
435797439
469349789
442144141
442151311
1511699342
1511629822
1530442606
1534702894
1501212986
1509617946
1543434522
1543361819
1541273369
1524594457
1524520536
1516193656
1532839768
1499422025
1214152011
1213946186
1213946138
1213848890
1213846810
1499189530
1534841098
1543143690
1543144219
3686511469
3690505964
3680022252
3742935724
3742940860
3742023580
3743077772
3747267981
3713713567
3722106302
3722302886
3588027878
3623727462
2550108471
3069088021
3069153557
3077351188
3073156884
3073369876
4113463060
4096657173
4097705783
4236183334
4244442406
4240182566
4240182310
4240182326
3719914502
3757826054
3749417287
3755574211
3755704961
3712677520
3712607904
3708348320
3708380576
3746256033
3754574993
3754574979
3621352595
3587794423
3589892087
3622535159
3622797303
3605888951
3606863807
3606857183
3604804095
3606962495
3606950719
2532160317
2540541757
2506989372
2490351372
2490284812
3564018437
3698232663
3698313206
3693922278
3577528806
3611120038
4148126098
4148125843
4152189137
4286407920
4160222704
4126594384
4122400260
4109878788
4101295637
3560209973
3576981031
4113852198
4118238502
3052864615
2513896663
2513831109
3520478405
3520490945
3521017793
3521058513
3523023607
3522982631
3556569958
3556562278
2474417190
2474424374
2474424327
3011360773
3078528260
3044974084
3042883124
3042947620
3072193076
3072324116
3055515168
3070096928
3199522081
3198436385
3064218722
3068396758
2540058050
2674273746
2674273698
2506425570
2506883314
2490110162
2498633922
2494439622
2227052743
2227118276
2231114948
2218526964
3292272868
3292412156
3290840524
3290855372
3303430092
1172821709
1206253133
1189404189
1189469757
1180825133
1176626735
1176625967
1445060895
1446305919
1446371567
1463218605
1463076269
1433716661
1375716021
1371460341
1405051647
1371284351
1374953839
1374959083
1366702251
1349920939
1091971226
1094068634
1127640458
1115025802
1114473354
1122861786
1118536250
3265831470
3265831470
3265832751
3266034989
3354049844
3345665332
3328888084
3328900356
3464160260
3462100017
3462165603
3456913634
3473887474
3440308418
3444504006
3436103622
2359283398
2224922198
2497553974
2497294910
2497221167
2505634345
2505630312
2539189096
2675504488
2675493992
2673462376
2673794136
3042897225
3042895179
3041916746
3041838794
3041576858
3041580970
3042538922
3042469307
3034149275
3034256829
2497648045
2489128429
2508018925
2508025941
2508054533
2506481669
2515001621
3052589877
3048379957
3046217253
3050356261
3075518004
3071587868
3054876188
3054933564
3054998829
2807928173
2773275773
2756560329
2756660681
3024572381
3024562095
3158779823
3175556015
3183936446
3218539486
3218411990
3755226326
3717495895
3717721111
3717655559
3721833539
3579294785
3579285953
3612774849
3608593361
3612787425
3598111457
3615487713
2549972709
2516353015
2507960183
2507961655
2642179358
2641687838
2641687838
2650135870
3184917806
3184914238
3184916351
2681590783
2680996349
2655895997
2655899836
2651840668
2668618972
2634968276
2619235797
3697168373
2623489623
2622846550
2623300118
2648465942
2648564535
2648699191
2678047863
2661139575
2661143645
2665479501
2665471437
2656849399
2668908007
2635341223
2637632934
2624991622
2641781638
2648073095
2648699863
2648699669
2648552725
2684140852
2684136484
2682824740
2657729589
3195772183
3212739926
3208546294
3175007718
3175073254
3158131814
3160175719
3179046133
3187566037
3187566465
3179169425
3212658353
3210528419
3218925475
3185371059
3185567171
3177184579
3158146307
3158142225
3157746977
3177608483
3185985315
3187099447
3216334599
3216895751
3214731575
3214735719
3217853799
3217924095
3209492063
3210535503
3206374142
3076355054
3075937774
3050767534
3050636463
2981104815
2985303455
2448439755
2440109003
2440379227
2448768619
2447717946
2162430478
2230596110
2230592270
2230587710
2230583342
2365328430
2357004351
2356025351
2288924677
2288396293
2285250565
2302114823
2333562119
2319676679
2328060182
2323738934
2323730742
2323993894
2328122662
2328190311
2345491813
2379180373
2378791252
2361937276
2227752300
2245576044
2245641596
2212099453
2212095341
2210983279
2202590575
2202650990
2169195374
2169199582
2169183182
2169183055
2169191263
2169321854
2202876286
2202893662
2211274590
2211307359
2211306367
2211307391
2211298671
2170394087
2170394103
2220724423
2220856519
2219818207
2353969391
2354051311
2353658111
2353617247
2336971087
2320137039
2320117583
2320115295
2336761455
2336763503
2336763775
2336763719
2345348423
2345368919
2345360743
2345226087
2311638887
2303250423
2304286677
2304351189
2304489941
2405153237
2405169621
2253126109
2253125117
2269868533
2152411637
2152665589
2152530405
2152537583
2152479215
2148272607
2148338126
2181979086
2181983054
2186177295
2194634511
2190230333
2190230316
2190238504
2207081256
2177726252
2228047660
2228047213
2362297709
2362301805
2362308973
2363079135
2304489935
2306587134
2306456046
2302261742
2302262270
2369367006
2367286094
2405035854
2413424462
2412506463
2278279535
2278262895
2211022959
2211035261
2211035517
2202639196
2202634956
2185988804
2454424276
2454424293
2454428647
2517359078
2517317862
2651405542
2651733158
3692969126
3699258758
3702924935
3700897412
3700438716
3430950588
3426756492
3422608844
3288394828
3292785676
3296913437
3296918333
3229809197
3229960749
3251915373
3273461341
3255699277
3255699213
1108095805
1108091693
1108091705
34415385
33891131
33817451
1124336107
1091305979
1074545883
1078843595
1087232331
3230644491
3247421707
3247422219
2206710539
2207228683
2190467595
2190463787
2194658090
2186146154
2202924395
2211286127
2177734765
2177866108
2177612636
2177481292
2177482316
2237249244
2371465964
2371441389
2300121839
2285449966
2289644010
2289775786
2298174634
2363087034
2354706570
2367667338
3440295050
3473843595
3473843593
3742214025
3591155096
3591222760
3596525608
3537805368
3539910665
3555655691
1366032410
1345065258
1345262378
1076758058
1082000906
14615050
10228234
13113162
29890507
21643146
56258442
41504650
41471898
40425402
48813498
48813498
49075642
49082794
49045994
49045867
49045867
49181019
49213899
24048587
7271371
7258587
7325179
7130603
16578921
16574761
16541993
16613177
8352537
7205689
7205689
4043577
4109113
1553211
311081
297769
33851689
1178970424
1174841352
1174857737
3322339337
3460710665
2374910729
2359194171
2359190062
2359153262
2361187942
2361195366
2398931235
2390542643
2384349443
2384345153
2401119489
2354982161
2363366673
2359167761
2358786609
2358782501
2362993189
2363017829
2407058276
2407041892
2405993332
2372508532
2372508660
2372516597
2372516597
2373565173
2373581543
2239330918
2239330934
2239708022
2237626742
2237134966
2245523574
2244458614
2278013015
2277878085
2269489733
2269485637
2231733829
2231881335
2165266150
2148480742
2148341478
2152537510
2161974438
2229099686
2243286167
2260054149
2264313989
2264313988
2255921540
2252252812
2268901037
2235366127
2218154586
2218142218
2217093642
2217031946
2233736234
2544111658
2528407594
2257903674
2257887257
2257879320
2257879336
2260500780
2390543404
2385266797
2318338279
2318276774
2339256486
2314091670
2297312646
2297770646
2364813975
2364813957
2356475585
2352283136
2352265984
3423906576
3424102656
3486951424
3464931328
3464928256
3460795603
3456926883
3456943266
3389916338
3423485062
3424530054
3439279766
3434943078
3434943015
3434885669
3432784421
3432784388
3431736116
1288449316
1280055340
1141639405
1141787135
1074678159
34524046
34000782
38257550
37782431
306221549
302031341
302031212
838902060
838919484
587255084
553766700
553901868
553873197
558200621
566495035
567018811
567084410
567226746
634204506
634220890
634220891
617574875
550466955
550070667
818506139
818506139
826898842
323705226
307157386
307163531
315597195
48210331
49783275
48603178
48537642
48533546
1114091578
1122958346
1139472394
1101682698
1084901642
1084885786
3232434747
3232239320
3254256264
1131938456
1131958968
1129960104
1113174696
1129882348
1096393341
1075426111
1075548439
1075483911
1077582086
1077852422
1082112278
1090435878
1090189094
1165631751
1182335239
1199112455
1161367845
1146822949
1146758437
1154363191
3301706503
3230419461
1082968645
1104120772
3268321156
3265191300
3267347860
3266793908
3264557220
3264487844
3267633572
3255054757
3255047087
3255620590
1108129550
1096593162
1079880458
1147121434
1163891994
1180664074
1179627530
1313710091
1565368331
1544396843
1477352491
1477348415
1477347663
2018164302
2093661770
2089524810
2111344458
2121830222
2117717486
1849359854
1847295470
1847144942
1846030842
2114466250
2118853594
4287247342
3700101742
3700165142
3431733766
2357996038
2357996327
2307795749
2324571908
2324562692
2325480260
2394686308
2263630181
2280408421
2238504293
2221800935
2221932023
2221931991
2221864387
2221929939
2221929969
2221798897
2221800945
2221931987
2221930963
2221930967
2154823127
2272263639
2255420871
2255404487
2263850453
2263719413
2263662053
2255273461
2255273460
2255338740
2255336693
2255335653
2255073447
2250879159
2250944695
2267723198
2221588158
2355800767
2357127871
2356017887
2355919391
2355920439
2355899958
2355900198
2364354342
2364357414
2355956534
2352942870
2367642886
2404377606
2395857926
2391581718
2391319605
2261288020
2252899396
2187035844
2189069524
2453310676
2470092020
2441017844
2166291452
2166242045
2166308605
2198683229
2198812509
2203006229
2211259701
2207071541
2207071543
2274172182
2244566342
2227795270
2219386198
2219520342
2227835254
2228880102
2228945639
2226664164
2226676404
2229827220
2229847940
2229915008
2154552752
2154552800
2150364656
2150299601
2151310913
2150266433
2150268417
2171239936
2213281600
2259287889
2259287923
2259205986
2259457890
2259457378
2263651682
2196549986
2189275234
2457448674
2457579682
2457579698
3526926485
4063814788
4047068292
4029308044
3760872892
3760873132
3766116012
3774372520
3772546696
3822874248
4082925512
4066196984
4068355320
4093521000
3015585064
2444115243
2444040490
2443974938
2158770954
2162769694
2162898718
2162889534
2163938110
2226848542
2226877215
2226709260
2360926980
2364048708
2364048852
2229898492
2221640932
2217647332
2217663700
2150562245
2151573957
2151563237
2151489509
2155812816
2172531520
2180657920
2214548785
2193454370
2193489186
2196634930
2196543282
2197328674
2197328866
2188956582
2188956582
2184729510
2267578294
2238212511
2221504908
2238274444
2272222092
2251184653
2251193871
2251122191
2263638831
2393858351
2393825599
2410537253
2410451236
2347532780
2347532716
2339144104
2339212536
2323486808
2317330441
2317265162
2585700666
2585701178
2585708298
2587541834
2591703498
2598961643
2582192557
2566596525
2566601429
2566470343
2289580742
2289572438
2298093366
2293899542
2361073718
2360881382
2359824550
2380820901
2414364052
2389460372
2389525916
2389595292
2386458761
2386438219
2403280922
2222795066
2230266426
2226006554
2226009610
2225673737
2225603384
2229846312
2246608236
2242413948
2242485756
2179702764
2179709932
2179701740
2172361196
2172213740
2205751789
2205892077
2205826415
2213166447
2213166446
2213035390
2179497302
2179521622
2154404886
2154534214
2154475846
2155590478
2151395934
2151387871
2218505181
2222565320
2221453192
2238290824
2171182024
2200673224
2452265976
2452275176
2452274664
2989143288
2989143192
2993336505
2724901033
2742728121
2686171035
2685138586
2685107898
2684956330
2686004970
2688040746
2691249450
2716415294
2712150046
2745704462
3014156303
2997478685
2997470476
3002648396
2457454556
2451293180
2451231100
2988109948
2988105785
2992305209
3017473051
3017472283
2983917835
2983975179
3024836937
2483625289
2483557849
2483557369
2487956457
2492085227
2425041338
2424845722
2424845758
2424846254
2429101743
2157651647
2157522589
2163764893
2163756989
2171095485
2200522175
2183757214
2183753182
2183884126
2200923422
2205150478
2179986694
2175784198
2175652102
2175660830
2175399709
2175532861
2175523116
2179581996
2162739261
2171176989
2204862495
2188033086
2456527150
2456396074
2456331050
2523440702
2540424734
2490026526
2490026526
2490030910
2424036142
2958621998
2958595455
2983761277
3000534524
3000540636
2994273740
2990071244
2990234108
3055163885
3076135917
3041537007
2496342623
2496216654
2492022606
2491948510
2491956479
2493054207
2627267741
2627316109
2633542285
2633546381
2640875213
2636746495
2502596335
2502595182
2502620014
2502653294
2506702190
2489923950
2489915734
2489915734
2490046486
2498436119
2498442269
2242520157
2276140100
2259186756
2259207236
2397603140
2263454804
2263463036
2256120876
2383984684
2651494444
2668288076
3691649229
3691653326
3691916766
3370002350
2292131502
2291468014
2290353894
2294548022
2294560262
2294555143
2290475525
3431768581
3431769381
3431501100
3444082732
3457714284
1310362717
1310381389
1310384397
235626764
235413788
218636668
67706988
67831148
4853596
13241933
9064015
10149454
78436302
99390687
124556540
120427772
86947036
74380764
82753532
95401724
263041788
1320006396
1320006653
1319940334
1324134638
1312616686
1312616686
1312698590
1295921354
1279140298
217984730
213858922
213727786
1286351418
1152134715
1147958847
1143788061
1143767308
1148158220
1164869964
1190039900
1190039932
1191114093
1190524398
1188361710
1205659118
1163722734
3307077614
3307069182
3340754654
3323723470
3327891150
2264568518
2260382550
2260378454
2260382071
2260316516
2260246884
2260246884
2263384420
2196276708
2464780260
2189007844
2184829924
2184960996
2201648116
2436513653
2434676565
2422093653
2426368375
2442946038
2442980854
2442976758
2480720374
2468137974
2199736214
2199811478
2434687366
2422104198
2430230934
2426106271
2444817308
2449008284
2473115272
2473302984
2993338824
2993338568
3005982856
4079593656
4079611064
4046149048
3778740664
3812430264
3812430249
3799978409
3807323626
4071368042
4088147230
4054658318
3501075726
2427075846
2426995974
2158511382
2175333686
2175333671
2208998693
2209064228
2175307540
2431160156
2432404444
2423950076
2423954156
2419718892
2419620860
2434547580
2468298108
2467960108
2438608236
2446992765
2426086910
2425896958
2157451774
2161646014
2149075382
2164870038
2198559622
2185916294
2194335366
2190141318
2459674519
2463672228
2465763252
2456326100
2989079892
2989075740
4062948476
4062948588
4062964908
4062860476
1664746684
1631192236
1631194284
1618622908
1625959353
1621699290
1890331338
1890331210
1890348554
3501188618
3521615642
3521418026
2443490094
2443502382
2443507503
2443638573
2444156709
2444218149
2449329461
2482882839
2203830550
2186991926
2205875494
2205843254
2172286743
2440779589
2423833428
2432227316
2432220660
2432286132
2438764980
2468121013
2451426711
2451494278
2450420102
2450137478
2433360022
2429170111
2429162927
2425954223
2427988975
2426939930
2175347466
2208955146
2208954634
2208937226
2213064730
2213064922
2213073083
2204680361
2183660716
3525905644
3525983532
3542756644
3546951460
3513658932
3245286935
3224315398
3224949254
3227042310
3234366038
3230172150
2156429798
2156500197
2156569828
2227875060
2222626884
2221578244
2221587204
2171255316
2179644980
2213213749
2204848695
2468876854
2435322214
2436436327
2434479205
2433428604
2466851164
2450012493
3523754318
3523837198
2194404366
2190070846
2190000174
2458435694
2458419694
2475332078
2445977567
2513086412
2514001860
2507706324
2502466036
2536086004
2520431092
2520426980
2524637668
3059412452
3067799524
3084637932
3051012828
2967160397
2958644831
2423815790
2423798318
2423864110
2423863614
2432186398
2446866462
2480483422
2480618590
2479567902
2463831054
2195264782
2195211535
2195218245
2195218245
2186862453
2186935652
2189031540
2189023445
2189121733
2205834567
2172288327
2153414519
2161803239
2161868263
2161670647
2161670597
2153257157
2237339847
2220570966
2222668134
2220506982
2228895334
2228960822
2228760070
2230861390
2247626318
2238209887
2238307679
2271862239
2271844829
2271853053
2271853021
2271854045
2271976925
2271976925
2271985052
2271919548
2271919012
2234170340
2235235301
2235251573
2235251575
2218408742
2247765286
2277125414
2277192998
2277053702
2214100226
2197351747
2188955461
2204733268
2204802932
2188025188
2188098916
2187901036
2188949596
2189023324
2182862941
2466962815
2437602815
2437578749
2420797181
2429255421
2160606973
2160599037
2160599005
2160598878
2160672606
2160803646
2160803630
2160803118
2160605502
2160601166
2228779086
2247710798
2281393230
2271825231
2271829343
2271991663
2271936495
2271854581
2271789013
2280168917
2280234485
2280365556
2263531516
2271920124
2271984349
2267654877
2234117085
2485844463
2485845487
2490301551
2499802223
2516448639
2514285853
2547838735
2539444751
2541570591
2537232959
2537176623
2537176879
2541360447
2547650687
2543546493
2545475804
2209928396
2180566220
2172160204
2172311772
2168125692
2199550445
2203724143
2187210046
2195666206
2279551262
2245857558
2229089654
2229081974
2228821622
2228820694
2228759239
2230861511
2281182919
2280199893
2280346085
2280256997
2280174821
2246622716
2246621644
2154404172
2422836045
2440731485
2507849596
2520428412
2520493948
2520295804
3057187180
4265302124
4265237548
4131011628
1987720300
1987712068
1446646980
1444548804
1461326016
1276846576
1283139296
1287335648
1152060000
3299543552
3299412480
3232303616
2158565904
2158574129
2158509603
2192055842
2192066338
2196264226
2196264290
2196264290
2263373154
2263414130
2263479670
2280256854
2246702934
2238578518
2238578518
2356019030
2356016982
2356016470
2356015446
2288906590
2288906575
2289037773
2289037772
2289021388
3362100700
3362242008
3358046664
3357997512
3374758344
3392317896
3392317896
3390221768
3390285128
3397755160
3397755192
3397754920
2391056425
2395267115
2382630954
2248412207
2232289327
2216561165
2224429581
2226526796
2360621692
2359569004
2360093284
2364279396
2221689189
2238536053
2238544247
2238544247
2238544247
2171436407
2171467135
2171466079
2205020511
2188244315
2188245339
2188245371
2188228986
2188228986
2188360058
2188360026
2185149770
2185147467
2185147467
2184098891
2272181327
3345939551
3329226878
3329095790
3329096558
3325033070
3325033086
3325033046
3341744967
3341744197
3308255301
3295639748
3304013044
3438227941
2360292325
2360292079
2360161002
2359898874
2359833322
2359836266
2364045930
2355657322
2351491706
2351688266
2351692362
2217344587
2280444491
2259534665
2259603817
2259538283
2263642475
2263642474
2255254894
2272083310
2272082286
2238658926
2238658910
2238658910
2221750606
2221766982
2238544198
2238536006
2238576967
2238576967
2238576967
2246965591
2246965623
2247096677
2272262501
2272262501
2272262517
2272131397
2280520005
2246932823
2246932855
2246932839
2238544231
2238544231
2238544245
2238576965
2238576965
2246965701
2246949333
2246949348
2246949348
2238560740
2238560740
2221784020
2221784020
2221784004
2230303572
2364521316
2372844388
2372840292
2372909925
2372771703
2372771830
2372788214
2406481910
2406481398
2280650230
2280650230
2280649174
2272227550
2272096350
2172481626
2155831322
2155832587
2155834651
2149416761
2149403448
2148354312
2152683785
2152683593
2211339339
2194562138
2194625642
2194494570
2194493818
2194494330
2194494315
2194428777
2194436968
2211247480
2202858872
2202924408
2203055480
2203055481
2203055465
2202924395
2202924139
2202924139
2169502843
2169502811
2169470283
2169468251
2169468923
2177889275
2177758202
2177759194
2177761274
2177760746
2177759722
2169354650
2169355402
2169484682
2152706458
2161029786
2160506554
3225925306
3221601982
3489971871
3506681487
3607271301
4144144773
4127367557
4127359445
4149444885
4145132837
4147162407
4147162406
3077679406
2952182062
2947976510
2948500750
2948241166
2914620974
2918744621
2906165820
2906191580
2939709148
2939764716
2938707372
2938965164
2942700724
2951087237
2913350805
3182563508
3182626196
3163579844
3180392260
3184585220
2647783940
2639624724
2639608340
2541043252
2541164068
2549547300
2545221735
2545172646
2545205414
2527887542
2527364246
2531558550
2518979734
2519186654
3055987790
3055986702
3072764174
3038947598
2757941599
3831648094
3831695198
3827304286
3827312430
3827508015
3831706415
3839914815
3839943455
3840997135
2784288527
2784271199
2784267006
2767489710
2768014015
2759184279
2759251863
2910249973
2910249445
2947997989
2931127073
3199682065
3195155971
3189843667
3190044386
3076787618
3052145826
3047951526
3047689398
3048805510
3044680838
2541363334
2537169031
2519408790
2523803870
2523796574
2540050490
2514884666
2510362634
2241865738
3315607818
3315690762
3349233934
3336585503
3336585525
3336589621
3328430113
3324154913
3324161315
3341199699
3341195715
3588657024
3584462720
3617951632
3739525088
3727474464
3593252640
3593266464
4130268448
4130268192
4151243824
1961772225
1961774467
1961871747
1961876403
1961716387
1970240147
1932479427
1915182929
1919249761
1927570915
4070893027
4054181811
4041659265
4100441729
4096231041
4096102097
3026566753
3034950176
2762254880
2762254896
2766450177
2774838801
2804721185
2787964451
2787956263
2787952487
2791589862
2816755174
2816955858
2816876994
2808488130
2938377458
3206548642
3206617250
3210881170
3219269762
3181779074
2644905154
2628662466
2360288322
2360091698
2376623143
2376657957
2376641829
2376646420
2649263620
2649394884
2498399956
3035545588
3022831588
3022295012
2770636772
2770452316
2804067868
2804067884
2804084260
2791431716
2791370293
2787176229
2787525927
2791720311
2792179159
2817344695
2767082935
2767082903
2767091590
2767157142
2766432182
2758043622
2758043446
2758227734
2758094598
2758028566
2758093110
2758092886
2766485719
2766604503
3048623239
3065398407
3063825795
3070153347
3204375250
3204309730
3204244322
3070026082
3070021922
3061633302
3078616327
3078553351
3078545157
3085884180
3085810468
3085737836
3078397820
2805784524
2803881933
2803881983
2803746286
2773767662
2773833198
2759275958
2759209350
2759209350
2767401366
3048305061
3048239597
3085989324
3077893452
3077892380
3043273020
2774968636
2783361308
2783348508
2816840473
2808406585
2808402539
2808464362
2787495338
2788248750
2804959406
2939178158
2910278814
2893439438
2893161038
2901549582
2901545534
2901738030
2900636214
3169593110
3186390046
3182222398
3215718455
3198867477
3199977477
3136945167
3128553487
3122360334
3124375566
3107590154
3090809098
3095004986
3098152490
3098020587
3098041065
3098081928
3098066824
3120082824
3111691912
3107563192
3174733544
3174732524
3174732524
3158045428
3157844724
3157844724
3156206501
3172980133
2908734885
2941770997
2933323973
2933323973
2935483589
2801138933
2801130989
2810140157
2818467839
2810148799
2810009535
2808370687
2808354286
2808419326
3043111894
4100072262
4100129286
4099998470
4099947798
4100991254
4101007414
4108679202
4108736562
4154870850
3605414978
3605414210
3605480274
3606393698
3606324002
3597935906
2398367010
2398423074
2392788002
2275345458
2274955526
2241388806
2243474231
2377683764
2381874044
2683867132
2675477172
2603190964
2603326196
2604317396
2604313300
3141201876
3105514452
3105772501
3093168631
3118428647
4187750823
4186711447
4190907783
4181994886
3645187462
3624285366
3629519014
3705012390
3705012374
3717530054
1570005327
1553262349
1553262340
1152906508
1148712204
1412268316
1429045308
1462734968
1379841368
1920900424
1928761096
1928825368
1927649848
1936501289
1932324393
1898735163
1898709867
1898184938
1902514410
1642475758
1639329966
1622630566
1624629415
1623495047
1623500483
3762589251
3762522691
3775048258
3842158146
3876824690
3859916386
3864121958
3864151670
3872544070
4141055014
4140833830
3218344998
3220452406
3187023879
3716030471
3699253255
3698197015
3706323479
3702134343
3718911685
3753445069
3753379293
3757577705
3732418665
3732418665
1601708409
1601909049
1601901337
1610289672
1610159624
