307679245
307679245
307679293
324325677
289702765
298092269
835034877
826588911
826597359
860159983
856160127
860284735
591849022
591918622
591681079
587482679
587482669
553928556
558172012
566572540
549793116
549731676
549719132
549723244
566573165
562378815
562510110
868620574
868628830
860039502
843066718
860118367
860114303
591711737
591789561
558235097
558235597
566599631
558227423
558227454
587595246
587562478
587691247
558331119
558265791
835188127
830863247
830799755
830799755
835050939
835099051
826718697
826714585
827828552
823438600
823443224
555067192
559325784
559346265
559367931
559156970
559681514
559889834
593439914
593437914
593309898
593297482
595546186
595550298
561898843
560786811
560323449
812112891
820502475
837154763
837080523
870699467
866578907
849798651
854058987
853909353
1919393641
1937158008
1668720408
1634051848
1633977176
3765801560
3761746552
3761615480
3761538664
3778381416
3816201833
3823562602
3806850346
3798301722
3798227994
3794095166
3810919470
3781563422
3765837838
1626743054
1639346766
1672992478
1653987071
1658114047
1918164479
1912921183
1912927311
1913053279
1913020507
1896231291
1883637625
1892044540
1887853308
1889532604
1889401500
1909258188
1917645004
1912926405
1913122935
1896276006
1880552486
1885232406
1887362582
1895823895
1890564727
1941413845
1929219269
1914475716
1914483908
1646055652
1646195813
1650385957
1677620527
1644125999
1635589951
1618820671
545078847
569843231
567746326
566562646
549730646
541338102
541466614
549861078
549942943
546173599
562861757
596412085
583831509
575442119
571259990
571386998
1896784950
1880007734
1612637491
1616838449
1616838256
1625217652
1675479412
1658640756
1650224212
1650287684
1650352197
1918791766
1937178982
1903493614
1884557806
1885110270
1885100702
1892670110
1619974814
1637858014
1670753989
1670689540
1716818180
1714720788
1731584036
1698160676
1614701860
1614691812
1618874277
1627065015
1620577974
1905790646
1905798838
1906124470
1910453910
4090968006
4093065030
3554748230
3554682695
3521210181
1373797972
1358126612
1357991476
3505446501
3522228085
3555782007
3539047767
4076045655
4067657207
4080121335
4080117751
4046694359
4050818645
4050814549
4050896501
4084262693
4080037157
4080020773
4083367205
4058123559
4058123638
4042464710
4042472902
4042470854
4042486230
1976791527
1976660455
1976594805
1976594780
1968239900
2001993020
2001922365
2004023577
2004080921
1970395417
1978916187
1976816971
1976817611
2001982427
4149310443
4149306351
4082230271
4057330687
4053124607
4036347261
4040554333
4034258717
3497222941
3497161501
3497162015
3497022783
3497024814
3514072430
3514268158
3522584030
3555970958
3555903374
3553810319
3553880021
2471551989
2437997429
2421220133
3495011104
3497189664
3505845553
3522623809
4084652481
4067936721
4063611297
4061519281
4061352343
4061352407
4065358311
4067451366
4092600686
4059046270
4041309470
4041431358
4041362238
4042447646
4050905870
4050906894
4082362126
1917974286
1917895006
1917895038
1918289391
1926645247
4076226045
4093081085
4092929532
4050986492
1901410269
1901418461
1884640765
1892996607
1909839341
1905652989
1907866845
1911921757
4051022861
4046566413
4029867277
4029871389
4034066223
4042512175
4059291437
4092722981
4075862805
4075850501
4067528469
2993919797
3061228341
3060982551
3060986630
3071357302
3037729254
3021149670
2958167462
3033664934
3029405094
3031448983
3029362061
3029394829
3587236813
3553665901
3528700717
3524523325
3524326687
3524296062
4063329390
4063387134
4084340190
4059432334
4038529422
4038349711
4042586013
4042586093
4042588141
4033150957
4033146717
4033081167
4049860367
4084463391
4084331327
4062278447
4066472743
4066431269
4091670821
4088655924
4055094276
4040416516
2958155012
2417229588
2419256852
2419482165
2423654197
2440496439
2482312487
2482320487
2478052455
2475955319
2475963870
2475962878
2476028398
2446807550
2448769470
2440361406
2440359358
2433874367
2433866207
3541163469
3541171661
3541300557
3541230349
3612533535
3623020095
3589404462
3589308206
3580919598
3580919678
3576714702
3581133198
3587359135
3587428799
3586192317
3611355063
3607226327
3608342487
3612538199
3555980631
3555751223
3521148215
3521344805
3522319661
3505603940
3522385236
3522254100
3513808212
3509615957
3509681631
3543366110
3545393630
3545397710
3553775054
3539092942
3535000542
3534812031
3533754989
3550516012
2480972588
2439030061
2434833709
2485377405
3559061983
3560074190
3560079310
3564244958
3587246078
3583002094
3616567534
3618726143
3623084125
3613646940
3609456732
3610293596
3610294140
3608264572
3612589628
3547586108
3555974692
3547586357
3513965847
3513931031
3497149782
3497416150
3505804758
3505838070
3505903347
3497314035
3513828977
3513832977
3513841425
4084458773
3547522309
3555910935
3539137847
3539195191
3539191158
4073772518
4090525158
4090521062
4057066726
4057464055
4032232645
4032189637
3495314756
2423461124
2435921717
2473670181
3547412007
3539284510
3535016526
3549434846
3549450734
3515938218
2425396395
2423294459
2486208969
3576937417
3576868680
3610421004
3610436365
3547545917
3546480943
3513847855
4050727975
3522311207
3522303239
3549561159
1402148679
1401956183
1388324711
1379940199
1375801215
1392708991
1359027581
1359224157
273096477
818290461
818364249
813967129
818157369
834930473
826737961
823016747
822947119
822881583
558107935
591727887
588188943
592381247
592385391
600643055
600645115
567089627
567114203
567138779
558733785
558734809
558874056
558874568
558739160
558743288
558734056
558733928
558865016
592427608
592363128
592428652
558743404
567138156
567146477
558725085
558716879
559882238
593443822
592394734
592263290
592263258
592263290
592395514
558855370
567272586
567145611
558730633
558735000
558735000
558874329
558872185
558884651
558752043
567275818
567271786
558752218
541939146
541919690
537856474
558774490
558770298
566634554
600192010
864432138
869146698
870080971
333226411
323256747
323257770
306482602
306548158
306681230
306623630
307668174
1381412094
1396092286
1349954830
1081261318
1085472518
1353899829
1353766692
3501253924
3501238052
3513820964
3543242016
3524433184
3524701265
3524703299
4061496386
4061429874
4061446375
1914163382
4082557878
4059194046
4042405550
4042264302
4031789818
4031785306
4031784986
1892755482
1890655242
1890678026
1889792841
1890685912
1911587832
1930462696
1912650984
1912642808
570678488
571882552
573977656
590745913
561386297
544613929
553002553
546641435
546573835
546578011
549723771
566497147
600051067
601822585
601782105
601843545
600598393
567035773
558680045
558749693
558890493
558755295
567147903
566746495
566745598
558356990
558344606
826781086
826785214
826772990
835028478
835032542
835035614
835166558
1373086078
1373103614
1371764222
1405255614
1472355007
1468168893
1468164797
1451256476
1455451784
1447061384
1448104344
1393709208
1360150780
1362247933
1345523839
271787327
275852574
284372766
284376606
279133722
278994458
299912987
300994331
292603257
324047321
323060104
323060104
322994584
289707432
1371839976
1364631017
1347860841
1347857711
1366730047
1366730014
1937223950
1937092894
1937093950
1934923135
1935117679
1935052647
1901522807
1897328599
1897145799
1897145799
1360073045
1355940199
1351745825
1351750433
1351823889
1351630337
1355840017
1364257587
1376839955
1381170437
1381418311
1381417351
1382011287
1381818791
1381819559
1397519535
1364483247
1343495359
1881087197
1887328013
1894700573
1890509357
1889837615
1907664447
1905573503
1909755375
1896123887
1896258751
1896263063
1896261015
1627841527
3775394677
3779576373
3789013543
3788945191
3784748343
3788877063
2740755719
2723974935
2724110103
2732506959
2732506975
2726137839
2738681839
2705126895
2702561775
2688020989
2687984601
2692179961
2692185579
2717240815
2717239807
2750798303
2742549967
2742484303
2725770573
2725639549
2750805357
2750936365
2750936349
2742383901
2708755733
2704606581
2708872565
2707832293
2716302823
2711969254
2712690590
2748350350
2748381134
2747398110
2743269230
2710693743
2714824061
2689658237
2685463933
2685525372
2687683964
2704426365
2742437245
2742440271
2733073758
2733077886
2734448126
2726055390
2726092250
2742417914
2750873083
2717318617
2750870872
2750804824
2750477080
2708529944
2708562729
2704503081
2692171049
2692107581
2700500285
2717875517
2713546012
2751299340
2732412748
2732447453
2724194047
2740971263
2709379006
2692601246
2688505246
2688441758
3765853662
3772087790
3788799342
3788797294
3788797198
3780470030
3763823934
3763856686
3780625710
3789014327
3789016343
3787824903
3787759381
3812990581
3813130101
3779575765
3776314837
3809861109
2736245989
2736184804
2740387308
2740381180
2750936412
2750797596
2750764828
2717738780
2716689965
2716690031
2751285103
2751221758
2742308318
2742312398
2742515934
2742483198
2750610558
2750610766
2750670158
2748375374
2739986782
2705387887
2705445231
2706527597
2706537837
2708887916
2717342060
2717211004
2713017692
2713023948
2715104141
2715235213
2740335295
2740393902
2740264366
2740207022
2748591358
2744478814
2713154574
2696148238
2700207886
2959140382
2955011646
2972800574
3006386046
2742144511
2748439727
2744384701
2744310925
2710762892
2983458196
2958161332
2955989940
2704339956
2771641316
2805129965
2809295487
2817750591
2812370462
2816769806
2808376606
2774821934
2770465854
2775766047
2784153677
2784149853
2781922680
2773546328
2802902344
2769544537
2769483129
2752697721
2759247645
2759313181
2767574845
2767517481
2767484712
2767484717
2776388893
2810008847
2805945630
2805945726
2944357886
2918675934
2950133214
2945938894
2950112590
2941723914
2790602522
3860143930
3864346474
4141690218
4137500139
4137501945
4137435273
4137177225
4149797005
4145602973
4112177133
4112177133
4049262591
4049258327
4059681607
4059619669
4059619709
4059619693
4032516461
4032513517
4032644581
4031741431
4040060343
4041109399
4041174663
4041078405
1348425345
1360478915
1360479043
1366774067
1348739363
1357194274
1348871442
1348867330
1080427778
1080493842
1155864355
1168406307
1168506689
1470611265
1470601024
3601172304
3606348656
3530863584
3528762337
3524633587
3524699090
4061583346
4061515234
4061415910
2991868390
2991905262
3000368606
2996239823
2996233421
3000333516
2991871468
4082374636
4032239276
4034279100
4042401421
4042469055
1895054766
1911819438
1634995374
1633950862
560213198
560326095
828875597
837136989
837063196
862229052
862230332
1919262524
1919400252
1927723308
1927723309
1927723821
1927724845
4066834271
4080259663
4046484046
1880121950
1880257150
1624397614
1626496302
1626430782
1626365023
1635056863
1635054815
1632949711
1616725471
1616725487
1885306862
1893695342
1910471982
1946107166
1928801550
1920410958
1928816094
1928426991
4069574125
4086351340
4089562620
4056134996
4115898644
4115702068
4115702068
4115703057
4115773233
4115832611
4115845094
4149660662
3059141558
3059108278
3059178934
3075699862
3042140358
3041992902
3035640167
3035637095
3035705199
3048352615
2544982375
2549111287
2549120471
2538697927
2549338566
2515718614
3048379383
3048453095
3052451685
3039870837
3039862613
3023150933
3023241045
3023238773
3022149207
3026394710
4108402391
4108402679
3035830775
3052477687
3085970647
3086185543
3086143559
3086139655
3086062391
3086000677
3052446245
3044058644
3044058932
3040210724
3172466469
3155413303
3037907223
2773666103
2815609142
2798832950
2794583126
3062947926
3197165655
3200282727
3191885927
3075567654
3042127974
3042057575
3044167015
3052620663
3084082119
3008589509
3008622212
4048809604
4049002116
4032220804
4040678820
4040490405
2977228005
3010781285
4063621143
4063744263
4067737878
4067741990
4067750190
4076264750
4082555359
4082555855
4089904015
4056415165
3787838877
3780440461
3847545293
3826639071
3828805743
2687694127
2691882287
2708720431
2750634559
2750512671
2817554237
3085965101
3052409213
3052409087
3035836671
3035837607
3036042423
3036038551
3034992599
4100355783
4096255685
4029015876
4046776148
4084491636
4084557108
4076230452
4093071156
4092907301
3790927661
3790927167
3791115614
3788953054
3789026814
3822441902
3813983662
3813949630
3809755550
3809759646
3809965050
3814089435
4093011547
4059463179
4059523901
2968807725
2968808765
2968810765
2977370379
3514172235
3555918331
3551728111
2477995503
2478003695
2477905407
2482041305
2473633225
2473699273
3006377801
4080118345
2970860155
3004414955
3006387690
3010580970
3010576858
3018998234
3019002362
2985435630
2983273838
2976917806
2976913710
2985642286
3018153246
3014124807
3014910215
4076056837
4065431861
4061168933
4061238565
4061310261
4065504341
4065573975
4082146551
3759508695
2685848791
2687946199
2692106215
2690995879
2959357607
2967806647
2967675607
2967549653
2967475941
2967476068
2968528228
2968544532
2968774404
2968708868
4041408004
4042513988
4059168501
4084334311
4063348711
4061217271
4061216982
4061360342
4061356278
4067501294
4082117870
4057016542
4040325454
4036124494
4103325206
4105228822
4105233182
4126204279
3589402981
3589522725
3581134196
3576847700
3576840021
3576833621
3614582357
3614642807
3606119279
3606122847
3606081615
3603981390
3612370014
3511936506
3495093723
3503478731
3505702859
3505704923
3522481659
3547713003
3547520491
3547461099
3547390299
3555848457
3522359581
3497177917
3497177901
3497501500
3497308980
4034238228
4051146548
4082554684
4065773405
3524775773
4078391167
4080484351
4084543471
4050990590
3522442686
3555983534
1406402750
1372917902
1372987526
1356211590
1356215703
1356297703
1356133735
1349821751
1366598919
3546723591
3529938695
3530985223
3539308087
3539246631
3556025893
3547653669
4084523557
4082418541
4082483693
4082548973
4082561269
4048970967
4048907767
4032129527
4032199126
4032191966
4040496606
4057207774
4090827743
1918305231
1918304767
4065686895
4082396521
1943300137
1943328793
1937102920
1937161672
1937237448
1937109960
1937101784
4082553340
4049008108
4049003885
4041043245
4041071903
4043167502
4043175710
4043109166
1903465262
1937016174
1918813406
1913584838
1913646214
1913412759
1913472247
1913533663
1930306911
1935550303
1943434871
4086652519
4086587127
4086621895
4056213127
3511150215
3511056022
3495315094
3503769527
3503296487
3522178407
3522178343
3496027157
3563271189
3564336145
1416848403
1414620163
1414560770
1413569618
1170361810
1204159938
1187907010
1188970946
1205420499
1205367267
1196974565
1163453797
1163455845
1205533652
1188747973
1188809669
1180228566
1312325094
1312308454
1312425030
1329201158
1299841030
1291473206
1555686182
1554555686
1554555687
1554556708
2095624044
2112395756
4285106588
4265319828
4131036612
4128945604
4128944596
4062105956
4078945636
3780594981
3780533541
3763748151
3763813750
4031984982
4031910742
4034265942
4040622934
4040495958
4036261703
4036259669
4039441253
4056210277
4089773029
4090884036
4074174404
4074165189
4074623479
4091343079
4048319719
4044104935
4044172534
4045286646
1931357686
1927159798
1922434758
1922500550
1922372550
1389646807
1390211559
1398592999
1885111669
1884659029
1884727557
1884728065
1895217681
1895217971
1911991347
4084708355
4063739905
4063576129
4063572065
4063699169
4092990432
4036428452
4036953780
4036836999
4036766342
3504089814
3512482534
3541835494
3541972678
3512623558
3520979414
3516716263
3516699893
1906093260
1920314700
1916185932
1916181764
1916192533
1915994917
1915802407
1934680367
1909584191
1892991295
1884668285
1883766237
1883662741
1879517589
1879378871
1883705254
1900418742
4090901142
4069925830
4072104198
3534087446
3534023990
3550800183
1403316532
1374026004
1366816020
1396130292
1396064740
1393971620
1398215076
1398088101
1398088083
1364685251
1347900739
1347683602
1356089110
1358257974
1354165782
1354165814
1354231350
3518349062
3539967750
3537864007
3537863892
3529278564
3525088356
2451367204
2468210468
2471945844
3554076404
3516323524
3520317141
3520186019
3511735971
3511735203
3511808498
3511803986
3511934998
3507740678
3507675142
3509779462
4046637110
4048804134
4090620198
4069652799
4069625101
4069572876
4065378564
4078006612
4044448101
4027786085
4027999207
4039604199
4035251686
4052044166
4052175238
4089792903
4090781111
4090787247
4057231855
4056969711
4057166189
4048773485
4048676669
4044416565
4048614932
4048680644
3545626565
3554006405
3554102455
3545652391
3545389238
3511826566
3520232838
3522389910
3518030822
3516986214
3516985726
3554730279
3546341415
3546345511
3546403093
3546539269
3514035477
3513970485
3513948980
3497167668
4034038548
4033974036
4046501637
4046512901
4045595143
4083335703
4074914342
4074832678
4075819302
4067435623
4067435751
4082115799
4082185349
4090692741
1371669901
1371944925
1373009885
1373075295
1350035231
1350559006
1349385502
1349360926
1357684030
1375509822
1408537727
1398259933
3528900813
3528904925
3545657837
3512100845
3512100583
3495329526
3503587030
3503584854
3503617654
3503617911
3522525047
3522655573
3556136261
3522630993
3514111345
3514119521
1364665699
1364665715
1398220115
1398232403
1381487939
1391981895
1391891783
1391822165
1473545701
1473549797
1439999461
1423765989
3561873893
3561873765
3563057445
3562983733
3497981205
1399778565
1383001861
1919934215
1920452375
1920320871
1918222702
1918157310
4082430462
4082431482
4048879099
4049587547
4091530713
3554115065
3537200605
3532992989
2459374557
2459308719
2476159663
2446402222
2161190830
2161194478
2161186278
2161136950
2180019478
2213668102
2213668103
3279021367
3278950693
3513812261
3509683509
3507848533
3507979733
3507916229
4077305732
4077305732
4077238172
4078221308
4044720092
3776354268
3759597532
3763857400
3763629931
3788791658
1641307434
1666473258
3814020394
3814027546
1666535690
1635217675
1643573631
1624700397
1624760317
1615088541
1615088517
1631936391
1632056727
1665606070
1918247094
1926635670
1926377654
1926705590
1939109302
1941202390
1945462742
1945462614
1944417822
1935965726
1935949631
1936015167
1902607677
1894217020
1894241564
1894110492
1893791004
1903228172
1903206156
1903267596
1943248700
1943191085
1945540143
1945601599
1937027902
1663345454
1630843710
1631047998
1628815670
1628816439
1632093223
1673974885
1674048637
1665459293
1665431005
1665490429
1666080767
1666072574
1674461150
1674518490
1674853882
1909728762
1909749210
1620428235
1619494365
1623431036
1623240508
1631629116
1661054492
1645264412
1645518396
1645577773
1645626103
1645613462
1645555878
1645490342
1651770534
1689390246
1688341638
1689401222
1957832327
1957750479
1957733901
1961930509
1416870719
3588590383
3588528943
3588601662
3589731102
3623223870
3587453486
3570672367
3570610927
3570534125
3572633597
3572697564
3572586700
3564173516
3576994828
3610545421
3609495309
1445306943
1449632302
1457972014
3606503718
3606233126
3595714646
3595780178
3594575970
3594576098
1463918691
1465034051
1397917123
1397919681
1398251393
1400356225
1400358033
1400193185
1362899361
1882464673
1882661605
1884754661
1893025381
1888767591
1888804663
4036294919
3516185863
3537288453
3528892165
3529438725
3529438741
3596612149
2547864117
2514309925
2497261863
2497192295
2497455462
2497658358
2497665526
2514307558
2530507250
2522183106
2253898178
2253898178
2255999459
2255971299
2549572561
3587695569
3570784224
3562328032
3558199268
3558195156
3574967620
3608257796
3595805700
3596059652
3598046484
2524311348
2534768420
2501279348
2488688245
2497070821
2492810215
2495366134
2495402326
2499662198
2516555046
3086783523
3076303987
3059592259
3055529025
3055484113
3055469811
3072213171
3038118034
4099285394
4099346866
4101308834
4109645730
4109641639
4105449143
4122308309
4160061381
4084727620
3542613828
3543138052
3543137796
3547166325
3555059301
3555062375
4092449574
3018703142
2986197270
2985680918
2968839222
4055166054
4059422199
4051160565
3004550645
3004516341
2987870173
4065752013
4084687709
4084540223
4084471615
3514042142
3522436894
3501661998
3501661990
3501528358
3505747206
3497488454
3497455814
3579244759
3310704055
3342882231
1161824242
1145243506
1145189906
1146234627
3302172433
3304072496
3304074272
3295701088
3346462912
3328625792
3336996224
3333784449
3333718946
3333730726
3331629478
3335823526
3327173862
3341851750
3341941778
3610504194
3610504451
3614631219
3623019825
1441944851
1165116675
1160922371
1160922881
1161185091
1165379411
1199003507
1207271281
1173716849
1173748049
1173743953
1171646801
1207294288
1198902640
1195165040
1111356784
1111487473
1396634353
1400812273
1375703697
1374655107
1357763458
1357763986
1349375139
1349319843
1349283043
3497815521
3505876433
3556179905
3539465921
3539334849
3539330769
3539333715
3606435619
3621046049
3621012769
3612638497
3612683569
3312922419
3313381139
3313370882
3321758978
3321692178
3321450530
3355045986
3355172946
3329151170
3345989826
1198506371
1199427761
1165882528
1165880736
1155394976
1155398064
1155389936
1432222704
1434300017
1434297969
1434301171
3615339218
3610751426
3610677634
3610673363
3610690803
3610760417
3509970273
2976933669
2985322020
2981114404
2981179932
2964402781
2964349693
2964412397
2431929839
2423541247
2436122975
3509934414
3510004046
3508940110
3509007702
3514052694
3497800150
1358377430
1358320118
1370936246
1406649234
1406453634
1381818242
1381824915
1382017461
1400892836
1937634724
1899291044
4046775292
4083676988
4091924261
4091828519
4075055398
1919166774
1914779990
1394816454
1407333254
1369572246
3585229734
3585130983
3589312867
3575685123
3575686149
1461758981
1394785284
1398967296
1394788624
1394765620
1395809844
1383468596
1381371713
1113005825
1115098371
1132397827
1132401955
1107112226
1105010978
1088237826
1088373058
1088340290
1090437619
1090508787
1157494771
1156441987
1156448131
1157619634
1174272946
1197239218
3344182706
3344184754
3327209954
3335598566
2274455911
2274456437
2375082620
2375085804
2375084780
2375088812
2379274927
2370837166
2368802478
2367752110
2367750318
2237870254
3311542494
3479331022
3479429319
3480281172
3346052468
1198568724
1198763268
1194507524
1194506004
3308427060
3307386676
3290621780
3563257685
3571698135
3303229942
3319941558
3353480694
3336711638
3336775126
3269535734
3261084526
1113600302
1131684142
1106583823
1085759757
1089843485
1081443645
1077710133
1075621173
1344056629
1343532305
1360496385
1360430595
1091995139
1092021843
1125576291
1364622963
1375141203
1471675635
3619013875
3619537107
3622273219
3605434435
3597070659
3592933713
3592802673
3610539361
3614795104
3623321056
3619127152
3585474388
3585408885
3522494421
3514302407
3514209607
3514798550
3514663414
3514077414
4050952422
4048871846
4049073591
4049000119
4049002199
4049032949
4082382581
4084474477
4084474671
3530821951
3529838655
3555144734
3550882846
1369847839
1101404183
1089865991
1081477895
1081548290
1081418242
1098150418
24629842
66503122
1140228562
1140822226
1140699283
1199550609
1199551921
1164950960
3312303024
3312319472
3320183536
3320184432
2246336032
2247128608
2247124772
2247124772
2247190325
2243093847
2243085811
2243020194
2242954658
2247161266
2272327090
2272318882
2268124582
2503079350
2503140806
2502092102
3575837959
3512976695
3554737445
3554733093
3529567252
3529698308
3547790596
3514223941
3514224631
3520448230
3497383650
3514160882
3514292178
3547845058
3543625922
3543625795
3543490643
3547820385
3588698977
3588699875
3567726291
3567726275
3571539923
3320926195
3320862163
3318769091
3285215221
3553683429
3520194533
3520321505
3511932865
3511940545
3507746241
3514036689
3547460083
3547591155
3530773863
3530771751
3546373415
3546316087
3546410294
3512984854
1365438722
1366343939
1349833009
1349834016
1364706656
1364647376
1431756161
1463174275
1463174274
1467434370
1467438514
1475573218
1470195170
1436575218
1440769235
1440834643
1432700273
1432700241
1416066897
1416066641
1417098865
1416967905
1425024736
1441800928
1441870577
1173558209
1165165505
1165039427
1164996407
1165029159
1173481767
1441905959
1471454487
1387566349
1387630925
1387627485
3539240429
3528758765
3524629997
3524691453
3524710655
3524718959
3528974719
3547685342
3514120158
3497467870
3497402110
3505790718
3572965358
3572766070
3573379334
3589140742
3622630663
3618415893
3619469076
3623786256
3623860048
3613173216
3609044385
3575616695
2501280950
3044445426
3044445410
3044138210
3044074962
3039847894
3039847143
3039900261
3044217445
3052536375
3052471927
2510305127
2510302567
2493529335
3571596487
3572690053
3572694156
3513945228
3514008780
3543172308
3526407285
3526403111
3526468662
3526737974
3525820454
3542573350
3546702630
3522586166
3518416439
3518350901
3516190468
2446647044
2538995012
2534860244
3612796372
3612767669
3587655093
3587446199
3562290599
3564387749
3564445157
3564574033
1416040723
1415590163
1415586051
1415667974
1432510726
1467151622
1456987926
1589960551
1455725925
1455719797
1465681876
1428133828
4095651780
4099845717
4108238421
4108291703
4124878439
4133282406
4129059446
4131197558
4131132134
4135325934
4160226542
4122477806
4103740559
3566873741
3567135885
3571346828
3562827676
3564957628
3577601980
3581319164
3614946292
3623194964
3602153812
3601174836
3601178661
3605324839
3592480102
3592645986
2518830966
2519863062
2536638230
3614512918
3589285126
3588366598
3567677702
3568714054
3568584038
3585897831
3583305071
3587505453
3581262909
3577195532
3577128012
3577128388
3577132484
4115896228
4048797348
4082208437
4077946517
4077962903
4078040023
4080165238
4084343074
4058198050
4058063154
4038140178
1894986002
1358106935
1374885173
1375151381
1370959109
1368676677
1405406165
1405389781
1397002196
1397137284
3523651012
3541475796
3541541876
4082471796
4149576292
4116034145
4116046435
4107625059
4107743783
4099281446
4101378902
3565106550
3564907622
3564910695
3589544191
3623233741
3623250125
3604413839
3595945358
3595879870
3604271534
3604279726
3604402606
3606241774
2549277031
2545133413
2545002084
2549125732
2540753460
3614503444
3576980309
3560251751
3558215974
3558211878
3491106102
3558304006
3562400006
3503597830
3554117958
3535178182
3539371206
3539894407
3531444375
3527401703
3527401701
3543097572
3547293028
2514910500
2510706997
3584494357
3588504324
3588501269
3580110677
3589612149
3589739233
3589751521
2516009713
2505556563
2507666179
2507663106
3623347458
3623089154
3623212146
3547649250
3511993574
3512059062
3519534518
3519543215
3520460461
3512000189
4082208461
4063468493
4063342557
4063275005
4061456351
4078302159
4044768093
3512091437
3512144677
2448692517
2511615265
2510562593
2497979697
2490709265
2486568257
2620788033
3428191681
3453423041
3453304145
3482594675
3465817443
3465835875
3465830898
3335840242
3326468210
3339051234
3290403314
1142863234
1144962435
1350487427
1350487427
1358286291
1375010275
3514099170
3547653986
3509909350
3509901174
3581269847
3589791575
3585531733
3585521621
3589777013
3623200373
2541073269
2541011829
2541081461
2541184375
2541118823
2507539815
2507605350
2490697054
2490574158
2498962782
3589496182
3585301878
3618766807
3618694615
3618944407
3597963703
3610743191
3610677447
3576091843
3576092099
3576061426
3580198755
3588587363
3584063335
4120930087
4126172437
3589284117
3564138853
3564204388
3564270436
3581039573
3581035461
3580974021
3580949461
1431361013
1431358829
1431427453
1467148621
1395812429
1395096655
1395086687
1399288159
1400320990
1375097822
1375158974
1370998718
1375074238
1375071678
3514166782
3511737822
3578840350
3581003038
3588618046
3588612654
3521634871
3555091221
3534116100
3534177588
3539209252
1383348324
1379154292
1396062548
1396077828
1362514181
1344127255
1344065575
1344049186
1347191075
1347192115
1347259697
3494681953
3511532384
3536764752
3532561984
2458820288
2527000257
2533222113
2524735463
2541516774
2507998694
2508135934
2516401646
2516333806
2538874110
3612681358
3612762503
3612758407
3621180805
3617052117
3621123317
3612669029
3541431351
3510100999
3510035719
1345779463
1348879895
1358317079
1358366295
3505722997
3505665893
3522443109
3520406389
3252101717
3252507221
3252437879
3286062967
3286234487
2279603479
2245909781
2245910324
2239626772
2239753748
2281698900
2281624148
2277360500
2260517357
2259997166
2263150830
2548364526
2539949294
2503444718
2503383246
2436278726
3510021574
3510019526
3510010310
4080452551
4080456597
4080464821
4080394732
4084592108
4084594924
4084324573
4082161869
4082170957
4090549341
4090744920
4092813688
4059128168
4059521832
4034286140
2968929820
2969040444
2968839724
2966748716
2983511864
3017049880
3017246009
3019289917
3010851901
3010786367
3006623807
3006755135
2973118750
2977313566
2968913470
2968981110
2968854102
3035922294
3035955190
3027556311
3027751621
3027694277
3044528772
3042235068
3075764909
3075762093
3075812783
3058777518
3060809134
4159710382
4157677722
4157812938
4157829322
4115915082
4115719438
4098927934
4099128622
4233273135
4258438943
4258641423
4283802127
4262900239
4262908511
4262904535
4262805990
4278472934
4148429030
4123459831
4106625231
4106690767
4106577103
4102450655
4102446589
3028732397
2979318269
2476002653
2463419741
2452935773
2452976093
2453041663
2474013167
2480280047
2442531838
2425714686
2429839230
2446618478
2438264366
2480129598
2480129822
2463233822
2463167774
2470499615
2470499391
2466370687
2437058933
2421354997
2958218741
2958548437
2954231237
3038248903
3071795159
4128757623
4128731958
4132856598
4141245191
4143411479
4159993189
4099173733
4099370997
4099301317
4107687877
4124529621
4157886933
3612635607
3612631255
4145504375
4149638527
4124474735
4103428975
4103424638
4107587150
4107589199
4099208799
4095013583
4110808029
4114837949
4148392109
4156806317
3603158173
3619931277
2537805268
2537813364
2505303828
2547246868
2545149748
2544989989
2549110565
2548127030
2515686678
2515681638
2498969958
2498843110
2494812630
2496779222
2496722934
2639326823
2635098679
2635152135
2668771662
2670877022
2540850302
2532557950
2528366814
4138840287
4136739004
4140867764
4266696948
4127241460
4145063156
4111638724
4096975044
4096938356
4029825892
4033939045
4100992629
4109381191
4105251415
4105386614
4105248374
4121972310
4121970374
3522253254
3547590726
3514036295
3514028117
3522416757
3520324965
3520194421
3522422389
3522680437
2474104405
2473973589
3010778485
3008415028
3008421172
3016816404
2983327252
2446782997
2446750327
2438296303
2438206446
2440828078
2440842406
2449235094
2449300630
3523114182
3556668486
3548275718
2469257223
2469258263
2473518101
2473513989
2481898756
2444198708
2445054564
2444535405
2429871853
2417295085
2417287149
2434060271
2471939823
3000389359
3002537566
2524264014
2524263942
2524264214
2541035810
2549424162
2549428274
2547462162
2547396610
2546360387
3620106689
3318203776
3318074752
3309656464
3288693652
3288693684
3292625396
3301015013
3520132581
3520132581
3285214197
3276829653
3260101253
3276944261
3285325717
3251766711
3251832231
3251639463
3251660007
3245401215
3278941215
3547446557
3547504397
3547512589
3530798863
3555832671
3547378173
3547443693
3509814765
3507930621
3491225581
3497355117
3497223805
4042356319
4042282879
4042348399
4042519935
4042519933
4059161949
4092978957
4076188429
4067787551
4066674475
4063026475
4063033643
4063225883
4067317775
4084943894
4082713654
4049203511
4049265459
4049252915
4084904467
4068127251
4068127299
4084896706
4051337666
4030383490
4030547122
2955693219
2959883431
2959879653
2968333797
2964139989
2964139981
2964154063
2980935622
4088188854
4075605494
2993544662
2989464790
2989466871
2989466871
2989400517
3006174020
3005661764
2976367140
2976182820
2959369764
2959359524
2959351588
2959228725
2967612725
2963488103
2980060646
3013610998
3018003846
2993844614
2452812230
2472792518
2472853830
3521433910
3504629046
3504635191
3504766245
3504761893
3521537077
3522651141
3556078597
3545584901
3541423365
3541484805
3541486615
3545682997
3579180085
3586515221
3586646279
3292951303
3292943127
3292874615
3293894503
3569745383
3569876963
3569737715
3569678227
3561284483
3561485250
3288781778
3239473650
3239473651
3543552499
3543582195
3531064817
3538798033
3538802112
3539851200
3539842004
3556615157
3523076727
3514688127
2440947583
2436750702
2474498414
2474506350
2482371646
2478109967
2444546319
2447491359
2422461247
2490454317
3027521837
3044308269
3086314799
3086383967
3069598671
3061800910
2520536974
2518447006
2522821054
2538549678
4157415854
4123812094
4123813086
4123847774
4150131807
4149673053
2530661581
2530657485
2547339485
2504275133
3510904255
3494133167
3494252463
3504217775
3502118573
3518437053
3550754444
3286509196
3273942988
2201288564
2201419556
2201382692
2205511477
2213902085
2214033159
2208764679
2175075094
2175619366
2160062758
2160053350
2174601383
2177665431
2169276823
2166131075
2166267267
2149496259
2149507395
2149507331
2149511987
2153641763
2170353441
2195580705
2191451905
2191447809
2191376753
2191032803
2186056163
2181862822
2198656406
2198797702
2165242263
2165242263
2437869471
2437869213
2437473932
3511214732
3511186060
3508229820
3508160168
3508172716
1343825853
1344021919
1348211102
1348206750
1348277438
274674878
274627806
293035214
293076174
326559055
65464077
65458693
31969812
15521312
1156375072
1157390881
1157522227
1157521683
1155428658
1155416530
1171670402
1207324034
1199000962
1196543410
1196486114
1198583266
1198564819
3354506567
3270747463
3265509191
3269691221
3269559797
3261183461
3262243301
3270627815
3270562279
3253854695
3234981351
3226719719
3490956535
3492935126
3509707206
3530809670
3539137302
3534935830
3534871863
3539000615
2456877351
2456939821
2440291709
2423509964
2431894220
2431894236
2429666028
2429605604
2428561124
2436949732
2471552628
2538862453
2549347446
2549150822
2549109862
2540979302
2536981590
2503373894
2503404614
2503142470
2507340103
2515786452
2494619380
2442194644
2442192532
2479940244
2471547556
2970632868
2970633127
2972734694
2977133798
2976116838
4091793414
4066563078
4066550790
4067535902
4067470398
4132482110
4132691167
3880963295
3830631631
4099044831
4099028479
4101190655
4101059199
4101059135
4109448767
4109450815
4121968159
4155518815
3599787871
3600021455
3600008655
3600008653
3604071901
3595687421
3614565868
3610502508
3576948604
3576877660
3581138461
3564172861
3564236333
2516057919
2516045079
2448770327
2448708919
2440065335
2421318485
2496811735
2492646135
2491668135
2491479974
2508259302
2504064998
2534473206
2517890502
2452804038
2452771270
2473742550
2440254678
2507238647
3579014527
3578883391
3578819855
3620827407
3620958221
3600175133
3535224861
3539289149
2482330924
2440555308
2440493628
2487208524
2491277004
2491212492
2449273548
2482487965
2482389933
2480239013
2471502245
2437951911
2421167527
3495040390
3495048582
3495047046
3494981526
3497012694
3497012694
3245358262
3278062774
3270661510
3287470470
3287532502
3287339751
3270566887
3261113205
1382261589
1399043349
3542324501
3508778293
3508714775
3492199703
3513163030
4049835318
4150367542
4133597462
4133593878
4133613879
4129419583
4129543469
4130823468
4130691436
4134881772
4141239772
4141241740
4141339021
4116050319
4099273102
4099264990
4032271342
3772225518
3772247791
3774344927
3832870749
3828676477
3845415229
3811844413
3799454013
3799385389
4076274989
4076281644
4076158748
3002347276
3002363656
3015179800
3013002776
2979497480
2962526744
2967261752
2967257644
2958869036
2960971372
2969367405
2969359341
2961031655
2961166807
2961101190
2960060822
2960119222
2960053750
2976832726
2976832710
2976873670
3010422982
3010422934
3010342326
3018733462
3018733446
3018797958
3018600886
2984521894
2976133286
2976149734
4049957974
4049953798
3513017606
3513017606
3513120022
3513185590
3513181458
3521569794
3588684802
3622947922
3623208050
3598185490
3728207879
3728109831
1584804615
1584542519
3732088613
3757125477
3723501037
3706721789
3704649165
3704677773
3703625167
3720398814
3720468478
3619809134
3620857710
3622958446
2549204334
2549466478
2516042863
2515916015
2507535871
3579180495
3612864991
3612791293
3613315565
3613385197
3579700733
3579704829
3575502173
3575502173
3575502111
3574981911
3579307287
4149732663
4158117677
4158117693
3621256781
3621191365
3621181125
3621246869
4149597151
4149531647
4149539311
4149498735
4151657263
4118233375
4118238543
4101074271
4101008639
4115688943
3578875375
3586330591
3586348750
3587266126
3620796222
3612402990
2672944174
2656281654
2530386950
2526196742
2526253061
2530246932
2537607956
2533545540
2537742068
2546126564
2545962724
2513719013
2513721286
2505532814
2488755646
2488550894
2499020270
2498909638
2498917830
2624814550
2624601447
3692051733
3708840965
3742559232
3746751504
3738362896
3729952768
3730014208
3725832256
3728908608
3746738496
3692217168
4229154420
4229025380
3155487332
3159665252
2895424044
2945759532
2927924285
2927939598
3200569422
3193401422
3205902590
3172405482
2887064746
2893351338
2901805994
3904248458
3918933707
4187236041
4223936073
4215550489
4177797419
4183040043
4183044138
2111242298
2110132234
2139563082
1602511946
1589964250
1590025722
1606786490
1598340538
1607241114
1573424523
1607042457
1607172536
1591390632
1583276392
1579081772
1595858988
1597493364
1563753684
2081745028
2081859988
2086059668
2107543172
2107541196
2141160972
2142012956
2146217509
4151111462
4113362214
4096185378
4096181346
4100341922
4124459170
4153831554
2010538115
1985356931
1981154435
1999965363
1998860259
2103715559
2108962342
1823802926
2092176910
2025072142
2028234511
2036655883
1566877451
1567926043
1565833019
1564844027
1564970943
1606917055
1590163903
3729128894
3729126654
3737554975
3737567263
3739140111
2665463839
2683949375
3707426093
3707422525
3639266909
3639299661
3630706429
3631754861
3627560559
3627564911
4164621614
2036007982
2035093518
2035032079
2035081231
961340685
961394045
961525117
961525245
961000895
1497732543
2063963583
2064094655
2064039319
2047261829
2051448005
2060426452
2056232036
2056166452
2051994645
2048791557
2065498135
2031419750
2018906854
2027291374
2023162542
2022965950
2021925518
1485054606
1506043791
1506078093
1506126236
1573239740
1564974076
1598201804
1599248332
1582531533
1582416895
1599198062
3746689902
3713263470
3696488230
3696491830
3696350519
3704739095
3721515269
4292055301
4292055316
4292064564
4223925556
4215537012
4215364980
4177559029
4177608165
4177737703
4181858294
4190246742
2042836822
2076257654
1539341670
1539363926
3687116870
3670384966
3670385095
3670520287
3678770157
3678770925
3678797549
4182112957
4182080221
4165417949
4173740509
2044075227
2035747930
2035352634
2035298362
2068918330
2077324570
2060576571
2060510847
2059462653
2076242429
2034274749
2017563037
2013368797
2013524989
2013521773
2017721197
2093218669
2109987197
2143541581
2126731599
2118344015
2114148170
2118255386
2118583082
2118201642
2144363370
2144624990
1573183823
1506079055
1506070751
1548023039
1544027391
1543962111
1548147167
1548147661
1573051341
1573126093
1606677901
1582420445
1581273581
2134962669
2136077295
2102654831
2043934319
2043733823
2027218711
2018829575
2019029255
2018956567
2035733783
2036260151
2078269239
2061360951
2061368903
2052978245
1532327509
1493521271
1497847654
2035762542
2044024174
2077555758
2055531574
2055597078
2059793479
1523053637
1531433029
1493684421
1476907221
2013722613
2017910501
2026295013
2038779639
2038759127
2076468935
2076468943
2068140493
2030372317
2013598829
2017803373
2017557613
2042723693
2072504149
2072373061
2059794181
1531244869
1531048279
1493365223
2013459941
2013451621
4165130101
4173586005
4169195132
4185964092
4257277500
4282443292
4282447420
3208894268
3217216813
3213022253
2676087919
2642793718
2646996182
2638574774
3557245110
3557179542
3557184902
3578158982
3588116118
3621215894
3604348550
4141149830
4132759511
3595858423
3623121143
3622859007
3589366253
3581093357
3576763757
3610314559
3610449679
3581048095
3589537085
3585142045
3568347405
3572545805
3572666180
3572665940
3589453653
3620925781
3606138917
3597664293
2519733285
2519931941
2182297653
2186361140
2190482196
2172853764
2156013060
2223120900
2223444532
2224292389
2157184613
2161395429
2163527653
2180833269
2172491253
2171459037
2171393373
2171460989
2172566845
2172563327
2180951903
2172432383
2172426239
2171371999
2171507102
2171515294
2205070238
2272245662
2238504670
2234276570
2268805722
2402954010
2402953498
2407151882
2407085066
2415403018
2348294154
2314805562
2314760490
2314760554
2296968575
2313737725
2313919997
2380963325
2414517692
2271845788
2255003036
2250802588
3278544316
3278548412
3278564780
3278596524
3543677116
1362626748
1360660892
1394228668
1393180060
856229852
860375005
860669919
861730687
828220799
828222847
828161407
828153311
860725207
860856279
844021751
1918811639
1398797815
1398765047
1348432375
1356755317
1356788085
1356771632
1356641584
1356637456
1348250880
1356774656
1356764416
1365152773
1377801221
3525166167
3524740311
3524660454
3528859558
3554098854
3551997590
3551934150
3551867590
3551539926
3555730415
3287311343
3287511551
3253891533
3237115333
3228824916
3226531108
3234921772
3234917692
3253792012
3245473052
3279093525
3279091509
3287729975
3287793970
3287662946
3279241570
3275051362
3273085299
3273548115
3260969299
3260944643
3260945667
3286043923
3252444451
3235703139
3235900787
3229545795
3229602243
3229467587
3229471717
3254776805
3288331237
3271554005
3262469957
3258210141
3262412077
3539297579
3539299627
3537648987
3277592921
3277592921
3277684216
3243931128
3252384152
2176340360
2176340360
2176401900
2176512493
2178605551
2212161398
2212488982
2187122486
2187121958
2187121974
2187310358
2187310454
2451363310
3541616622
3541616542
3508064142
3508272799
3512725183
3495918301
3497877277
3514654495
3514791231
3514786102
3514720278
3514822678
3514613814
3546054719
3554446463
3537865213
3537803772
3536763868
3528375244
2471403468
2437845964
2421092804
2422071781
2421973479
2421977574
2430423522
2430539186
2430539154
2438937986
2474524098
2453552514
2455641478
2455584662
2463924151
2463924215
2463956991
2464016381
2480203485
2480206429
2482344573
2448527917
2448470573
2430657069
2422269751
2418044791
2418171239
2434947559
2469533927
2457213143
2457222277
2457216133
3539345796
3539415444
3537310644
3281323700
3251963581
3254075325
3236261375
3236298239
3253075038
3253511198
3547112478
3526202430
3526333470
3526340638
3526336543
3526340669
4079980605
4046356541
4030644573
4030645721
4034842619
4034775722
4042545834
4042554298
1886727562
1886862746
1886721466
1902121450
1944134142
1927488350
1927488286
1927357214
1944070015
1373650815
1373838847
1436749789
1419839437
1436555213
1172338653
1173414765
1164026671
3311641391
3311510303
3319898887
3319960327
3315767053
3315842620
2247208492
2238823980
2236800540
2236794396
2169685884
2176958957
2446643685
2446647783
2438263287
2169959767
2148717847
2150790423
3224527875
3224511507
3224581395
3226685715
3495121746
3503543154
3516257138
3516175731
3553924435
3553990099
2455214035
2467682001
2466567925
2466543269
2432972453
2437357989
2446730677
2446800023
2478273687
2478140663
3535138039
3539268695
3530867031
3258237783
3274797655
3241353815
3224511239
3228710167
3235061031
3234929703
3232856119
3233283079
3249978631
3282408709
3270808885
2197066533
2186588709
2186650165
2202325541
2202288743
2168804199
2437378403
2421645411
2446807155
2446737607
2476134599
3537368261
3537163605
3528758629
2450838885
2451043701
2469881613
3510069004
3493271068
3497395837
3505788637
2429908703
2442459135
2476006831
2459229359
2463415470
2455027102
2522331022
2518127246
2518020758
2534535910
2534568934
2505204198
2515755234
2498847970
2496914642
2513628226
2505305411
2534534979
2538727251
2538731363
2547045221
2542846821
2509297525
2442258293
2446452604
2513559532
2438057980
2438061916
2507265884
2536626044
2536634236
2536600925
2540795229
2540860735
2515719471
2511586607
2511455551
2515599134
2515595022
2507187734
2507380278
2541127286
3078013814
3077960566
3077890422
3077927286
3073855862
3073774078
3078042111
2975280637
2975283705
2983528921
2983201241
3016849736
2463329608
2463323913
2463191817
2454844169
2454843689
2471620971
2446444011
2428880363
2965493199
2428761487
2420372879
2420372927
2487346671
2487346671
3041124717
3041063229
2537779997
2546168591
2546164495
2513528638
2513532206
2496681326
2488354302
2488419534
2490780814
2507623582
2507625631
2541118863
2541122959
2541180879
3614728159
3614719855
3614715758
3581158718
3715440926
3715445022
3715305846
3713217014
3755160054
3749917174
3733024150
3732958103
3732990357
3737184693
3753950637
3745617340
3745747421
3741421917
3742404909
3742478639
3744703295
3748898623
3757225791
3723662639
2649937215
2647739711
2638234975
2638443983
2621601247
2513589759
2513585647
2513520125
2547008861
2547017053
2270225759
3310613983
3310535639
3293758423
3293758423
3292713941
3317953493
3317785077
3351273972
3344004596
3343996372
3306304964
3308402500
3228702532
3228765812
3228585828
3236982756
3248547324
3315725773
3349397965
3353577375
3346372334
3346382574
3744792174
3728535150
3728533310
3728564494
3732369678
3665252638
3673494830
3673435950
3687853870
3654299438
3654301502
3653243166
3636478298
3636478298
3653292379
3653363069
3653365244
3644980188
3644971852
3640908620
3376570189
3376578383
3384950622
3385013630
3384882542
3384815726
3384832230
3384922294
3384922247
3443626117
3443634324
3439572372
3473063300
3338845580
3305370828
3305296988
3225605180
3235009852
3237170476
3233238829
3236322879
3236355606
3245852166
3245638167
2167702295
2169995527
2169929989
2429982053
2425860448
2442503136
2446717829
2471875461
2468157333
3541906855
3541646759
3545840870
3554229478
3550160198
3552256262
3552567559
3539833111
3531378983
3526668581
3524563255
3595862303
3595011919
3594948170
3612785354
2501049050
2488466154
3027304106
3035682475
3031487401
3035681689
3033588620
2488427164
2501010428
2534553588
2536641908
2522953060
2531537012
2477077589
2477139021
2443591119
2443595263
2430682607
2422261759
2418078671
2422268878
2422268878
2430661614
2447431662
2439091694
2468593006
2988619086
2988615502
2992895819
2992756299
4083275513
3005437928
2971686888
2971694568
2975884792
2984338680
2984341593
2980106555
2980167994
2984497466
4083409722
4083262270
4062306654
4066496990
4066624958
4066526650
4067575194
4065490426
4084409851
4084213113
4080018457
4084216857
4050850107
1911755115
1890808187
1888645451
1888678219
1892926795
1892713819
1884339499
1880206633
4027755833
3778193161
3778131465
3782509081
3778314809
3811951145
3812028971
3812091434
4084555306
4067905130
4076281850
4076152830
4076085758
4076081310
4076077214
3533127838
3537260702
3520491662
3495883910
3497981382
3498047438
3506437855
3501063933
4037340796
4058312556
3009740652
3005546348
3005347836
3005313884
3077600124
3077575021
3044094317
3052613997
2511499631
2543220087
2543150454
2543084903
2530505063
2549470007
2675430159
2641424911
2624643615
2622744127
2622664507
2631118651
3167853883
3167849755
3178333449
3174089993
3174094105
3174094697
3208050537
3208045931
3189144955
3189595483
4267531355
4267269147
4275665983
4258915615
4233879879
4233851841
4233786305
3160076752
3168457184
3034432480
3084763888
3002491584
3002488512
4075245185
4066643621
2992913063
2993433007
3010210987
2986089627
2986165387
2986329225
2960053449
2968425805
2968430351
2985207566
2984687406
3018299174
3009709862
3060593430
3060654854
3077530438
3053340663
3052817831
3027701157
3027581351
3026267543
3027316103
3027264902
3044040902
4117782742
4117979222
4151505942
4159894838
4142054710
4138974999
2998124295
3002187013
2993724725
2989524277
3006383413
2973159703
2973126919
2960527702
2985759206
3048478118
3046380710
3079951782
3080025526
2547380190
2538926030
2538667854
2540830494
2536762654
2535681342
2539869462
2507212054
2490438422
2633114374
2626822934
2626819366
2626766182
2642431335
2545974741
2546003157
2546072724
2546072724
2537616788
2537674164
2500051364
2483209140
2483221140
2484232925
3558024735
3564314142
3563264534
3571530294
3571460390
3567287399
3584050389
1475395780
1448329412
1578270916
1577230340
1595056144
1595057456
1429385008
1429387796
1432783380
1954007764
1979502261
1971111589
4116464295
4150096823
4145361845
4151783861
4160172453
4159124901
4154533364
4120979412
1973495765
1960934741
3722468733
4250958909
4284542013
4284539967
4284720447
4293112631
4259418679
2112926326
2104551030
2104555254
2098452454
2098352630
2098331798
2100428998
1970405830
1969362390
1977701630
1977644271
1977675005
1978723805
1978723661
1970405197
1970527821
1970468381
1970435903
2003990334
2011304222
1994457150
1994396782
1457595646
1458779358
1456670166
1448302070
1464956918
1464891350
1431365582
1439823358
1435743606
3585316214
3585316183
3585192213
3585188149
3589387045
3564214053
3564213559
3560035639
3560135991
3560049959
3564248549
3706854901
3721608628
3755029908
3755021760
3729872337
3727803761
1580455187
1597104898
1599136530
1565583154
1565648690
1548973570
1548899906
1548900179
1557288945
1305609681
1171326160
1162952912
1162952768
1163128832
1165161744
1165161745
1173476659
133231923
124839218
1196515666
1163088338
1163088279
1171407287
1439909303
1439817127
1473305013
1456593303
1456577943
1448131990
1450223062
1446027646
1445065006
1449386278
1457774886
1474388262
1440817959
1441870695
1416721383
1347670455
1355993525
1909622165
1905298837
1905298357
1905302005
1901111797
1896983637
1899144261
1898106901
1629667381
1663226149
1667395877
1927434519
1927499783
1945133063
1936745526
1903254838
1892830999
1892874775
1972562485
2006187637
1991366229
1995952967
1987547463
4130848774
4131242086
4112314406
4095567142
4099829559
4108209783
4108258933
4108130005
4108089044
3036444628
2495440340
2511857108
2545352149
2549604161
2524403217
2524272179
2524213798
2549375782
2544132390
2511613998
2511602798
2515797246
2641626270
2635218063
3713150351
3713150341
3696439173
3696438917
1548957333
1544628181
1561355077
1565586181
1599189773
1582801693
1584899868
1584906012
1584774972
3748966252
3709118188
4233474780
4233548492
4232495836
4099031725
4124133294
4124073390
4124114158
4159757550
4159882446
4151477454
4147295310
4130514190
4134724894
4134796606
4143021351
4151344423
4151393573
4117976868
4117906992
4117938800
4107453008
4107440832
4107514816
4123108288
3040977872
3037832688
3037965808
3037904240
3075657061
2809384295
2809152807
2809165094
2774545726
2774615358
2707572014
2707576702
2715957070
2717328334
3824448478
3824448494
3822342634
4090778106
4082439626
4051008714
4051138810
1903319278
1936939198
1936800910
1936797839
1936855439
1903297423
829559551
1903305455
1894852335
1894805119
1957755246
1957746990
1957738778
1978711306
2012256010
2012451339
1987228187
1987240553
4130595695
4130398703
4149277039
4124151855
4107448383
3029505055
3029572879
3035732743
3035859733
3044187693
3077740349
3073495837
3056616268
3054715836
3075622828
3075610540
3075489709
4149231037
4149228943
4157810063
4136854750
3870553214
3870553118
4142113807
4158891023
4116816151
4112626455
4096889367
4094804599
4245902950
3037816550
3041945062
3050337510
3052421350
3048423639
3048359111
3048400327
3050565061
3050569173
4117875157
4113620439
4112543223
4112737782
4116861942
4125230070
4121051607
4125316567
4116735095
4150322279
4150322295
4158891351
3890394885
3890382613
3890316853
3882919477
3878725429
3878725396
2771629365
2771572005
2809386277
2808337709
2799949101
2800961375
2733856590
2725328854
2742100967
2708485095
2691761127
2960328663
4042655703
4042725205
4038532373
4038401285
3518328065
3517408515
3555124483
3622229251
1466351891
1429684515
1429557539
1429562739
1433873731
1416773059
1441995986
1475550454
1592857846
1592856790
1592791254
1592865238
1592993654
1542666086
1508916774
1485844006
1485844014
1485842206
1484793614
1233150270
1270903087
1262539111
1224790389
1208021460
1208017908
1208023024
1208090608
1208219984
1208219984
1212349889
1262681539
1254290883
1254278531
1254279047
1254344599
1245958583
1245763047
1228989799
1480615207
1480617254
1480686910
1480751926
1497529110
1531084294
1514288646
1522668038
1254183879
1270895077
1237381285
1220604069
1212216485
1212218517
1212414341
1212332423
1229109639
1254276487
1321401797
1321387845
1322370933
1255200549
1246783269
1246766885
1515205935
1532050734
1532116014
1497504814
1497570334
1505828110
1505836318
432039230
432076063
465621343
465605117
457224685
457224684
457291692
2068037564
2063834556
2047064508
1782824124
1782817980
1782817948
1845735644
1862512972
1828868940
1813123629
1813124655
1819412014
1827737130
1823477562
1823481098
1838165258
2110909450
2143529994
2143396874
2143327306
2126544986
2144370939
2135998699
2136293549
2097549757
3712360877
3712362415
3720756910
3720678078
3716422366
3720621006
3721736142
3721605966
3482518286
3417527071
3417396028
3387978540
3377488684
3356518188
3356589628
3355602716
3359829788
3368156445
3380665823
3380647102
3414274222
1245745326
1308659902
1325502622
1594070175
1560388759
1560454293
1543681476
1413920196
3562444116
3560291636
4114066708
4147559940
4151741956
4134979124
4143301156
4275327540
4293931543
4260377190
4243596774
4235213030
4260366438
4277225590
2119358470
1582490630
1578262535
1577213956
1577283632
1578266720
1548891104
1557534448
1284902592
1286934208
1286868689
1284779747
1284796262
1301572950
1322704198
1322700246
1314377206
1310182870
1242947014
1515251038
1530980206
1505814383
1505780335
1497457279
3644940927
3644977919
3720475119
3720392941
3720385773
3720396028
3720386652
2646841436
2646784284
2671951628
2538771980
2539029004
2538979932
2539111133
2547434239
2547434158
2547013038
2647686638
2639285486
2637188190
2635300103
2635261191
3713197319
4250067223
4258461015
4258518359
3176307797
3176307792
3176303616
3205664000
3188757764
3053496116
2789253668
2797908516
2793927277
2928474094
2949412334
3160147118
3155887294
3158181086
3161339390
3102614894
3099405678
3098811734
2559851846
2559913414
2558733766
2562932103
3368097166
3384813454
3418366974
3376427502
3359659382
3355471190
3355503878
3355573506
3355688194
3368203587
3431117121
3447894464
3464664000
2395113408
2388037584
2387972064
2383724512
2383734240
2383733220
2656559605
2673263093
2681389557
2681460223
2681272686
2672880110
2651875822
2652264926
2652266446
2522236878
2532721551
2549564317
2513720317
2496950765
2488558061
2488296941
3578817647
3612372079
3620830334
3620953182
3620951262
3579041246
3578986462
3562274399
3558078031
3557869133
3692086813
3713062716
3721455420
3717325180
3717460349
3721589101
3713167725
3708899647
3707891775
3691110463
3696469023
4241665039
4241668117
4241594677
4233141093
4244676309
3724728007
3724690119
3725722310
3725722358
3662676326
3683655782
3650102310
3633396774
3632479238
3632344135
3644878151
1224828359
1224897991
1224896967
1224896967
1229148599
1228960231
1237329383
1237399039
3418437087
3418445309
3464591341
3464624125
3464607711
3733034975
3737229307
3737163753
3745551721
3741627688
3742741784
3742479112
4245926664
4245861128
4161991192
4165124648
4173580141
4173422575
4190404095
4182015166
4215561402
4282862778
2118538394
2127975834
2128074122
2119460234
2136237471
1997824175
1964466605
1951814637
1960198716
1962361396
1894020660
1885613588
1902390804
1902393109
1936069941
1944453143
1945518151
1406584006
1944034518
1939639798
1938590198
4086078967
4091329879
4083000343
4078870549
4078874901
4044796181
2973168439
2973159975
2973095463
2706755302
2715770606
2715638718
2749192606
2749193358
3017626782
3017635327
3017617919
3017552895
3009164015
3010732783
3010814951
2985784679
2968908887
2968908870
2968970310
4032230407
4032224519
4044741975
4078202725
4061425509
4061544309
4065725781
4074636629
4070314341
4070334565
4137181405
4137181645
4141376989
4131943869
4144725437
4111105533
4027219453
4032779741
4041164239
3506392526
3506269662
3514576382
3579590126
3621599166
3621730294
3583457239
3516348407
3518306293
3518322645
3522295765
3581010901
3576803799
3576803799
3580997958
3580929046
3589340214
3522223398
3513833766
3555983206
3555885030
3555940343
3522287540
3520189844
3495089540
3497186692
3493059972
4045454740
4079005684
4062428788
1919080021
1919087159
3797987878
3797984038
3797983534
3814761774
3877747742
3810637838
3810768926
3814885438
3814886459
3815953417
3811763272
3809702104
3809685992
3780194792
3791067112
3774287592
3770093176
1624513049
1624521225
1618221833
1635000075
1643460381
1945526557
1943433549
1944043981
1926021581
1942799805
1942800293
1909317557
1909358551
1908830198
1883663334
1883728750
1880383294
1897155854
1901382926
1937564934
1937564951
1920856375
1918746935
1918748007
1925563815
1925698967
1925697687
1405571223
1371952279
1355175367
1355177438
1356229494
1356163894
1358195574
1349807943
1345683405
1345804237
1343701964
1347928828
1373099748
1406985956
1390208868
1390209012
3529290741
3529487349
3529429975
3546268382
3512062974
4049070062
4040615278
4040686638
4036352062
3505707038
3505781022
3497393439
3493160271
3493148111
3497267679
1372914159
1373049255
1388781991
1380328919
1381377479
1381397831
1381450839
1383384103
1408562469
1406460189
1364566301
1364698909
1364715293
1347813237
1347800055
1346750951
1883687398
1900477879
1908843975
1943450567
1935119189
1918219797
1913959988
1913978676
1913978148
1645607973
1649931301
1675096101
1943527445
1883721991
1884242247
1884242903
1884245999
1892514799
1892514799
1938783231
1921936335
1922985935
1390276943
1390199053
1920778301
1916596269
1931468845
1931386925
1935586335
1935645723
1942326362
1933892698
1929694458
1896207594
1896305131
1883640315
1883714041
1891967977
4039387113
4039385065
4039449305
3502734025
3498405577
3498374873
3498365645
3498365645
3499414239
3503682287
3491161830
3493260966
3493232274
3493222338
3509994946
3513893058
3522220147
3522289777
3522420753
3522289937
3505447713
3505418788
3505484340
3522639412
3514113589
3547618597
3530840101
3530938469
3539392519
1391909895
1391973382
1383366710
1381290022
1360388198
1343681014
1347834354
1346787234
1346838434
1346706354
1371872178
1405435795
1388654471
1385641365
1385264565
1385230821
1391502693
3555763477
3547440389
3546522903
3542197039
3508646703
3575902751
3576886798
3509739102
3511901038
3511708015
4057004143
4086356095
4086418511
4069642317
4069642317
4073836605
1917972525
1932750893
1899123759
4046617919
4027737951
4032231007
4040541951
4039411455
4039417567
4039417567
4056718975
4048527149
4082016029
2991564055
2992611647
2992546095
2992566317
2992554285
2992522621
3009368061
3042869180
3051241372
4125038492
4099671453
4099149981
4233442527
4233503999
4243996026
4244060506
3707578714
3707531226
3721684810
3755270474
3734302730
3734343802
3734483050
3600266349
3623146748
3578906108
3558000604
3558004428
3558000324
3575041612
4128562748
4128566828
4128567092
4134917141
3597123589
3597582343
3563999239
3563991510
3573420454
3573487014
3567072678
3567005095
3567009191
3506183607
3514662791
3548378823
3544162887
3508843015
3513033223
3513033015
3496252711
3492125735
3510098983
3507936583
3507903815
3545630535
3556050551
3539216102
3539281918
3539277278
3539207422
3537114359
3537204469
3520328957
3495158108
3495031564
3494957580
3494957596
3520373293
3520373551
4090869039
4090858543
2975173743
2975303773
2975239629
2975250253
2975245133
3008684889
3004462073
3006558699
3006756331
2977322479
2985690606
2981429726
4059304270
4034208079
3497140687
3497145855
3495042463
3503504287
3503324045
3503389597
3511812029
3547460509
3556033485
1390707533
1382323005
1919263533
1915217197
1915137335
1915066407
1915001127
1936103742
1969675534
1969669382
1969733958
1970585830
1951715494
1948020902
4094439591
4098765237
4098768789
4106628757
4103498391
4120215255
4153794247
4160005958
4160009990
4126447415
3841236775
3841244967
3830754615
3826560279
3877086230
3054915670
3054895318
3054896114
4130747106
4076212962
4087678626
4054058674
4037885825
4037815684
4038339716
3514070148
3543516292
3526804612
4063663172
4062688292
4083526956
4091588141
4125142589
3856766479
4125476367
4151690974
4149429166
4145246638
4145094823
4132446375
4132513013
4140967125
4136773069
4153501005
4090521165
4090717791
4082292319
4084385406
4084516718
1937033006
1934906683
1632978203
1612078363
1614183707
1614245209
1618378073
1618173433
1624329709
1636845053
1635829596
1635833372
1669452316
1674699325
1632756525
1632756013
1628763439
1628753007
1627736159
1627867215
1665603599
1631992079
558264079
1640392255
1674043951
1674900271
1674871167
1674346975
1649181119
1649186239
1649186238
1649251774
1666162110
3779526574
3779522478
3771132863
4039568287
4039568845
4123387357
4124111196
4115722524
4048777484
4050809693
4034029181
4042489583
4109655791
3025428398
3042211230
3075827086
4149555662
4149543262
4115988862
3572831598
3568512367
3567462783
3567466879
3585169887
3622919647
3597915471
3597914439
3614699783
3621892407
3588289317
3563124517
3564171111
3560041335
3574791159
3608337798
4128431494
4132672646
4140926166
4140864759
4140872935
4132480053
1980801077
1729208597
3845304628
3844251957
3844273445
3848520997
3848652069
3883257127
3881291063
3881229639
3880246727
3846692295
3846600151
4047917559
4047966678
4048884183
4048892927
4057281519
4040496879
4036302575
4036312831
3499437725
3499437701
3499433605
3503640197
3503607429
3520394901
2448733909
2214049621
2482418961
2456200497
2456137761
2456154145
2456150067
2465718291
2465657171
2465633763
2482474467
3010826213
2973011701
2972753492
2970861060
2970856964
2706482716
2706416172
2702238252
2702242605
2706457391
2708685678
2708671982
2742238718
2742103550
2809142510
2798650622
3016955086
4090634446
4057080910
4031921486
4031987062
1880305462
1880303414
1884762902
1893007623
1905525007
1905545245
1939137661
1909784061
1901365693
1901366205
1900318621
1934088077
1934017423
1917244383
1918296431
1918165295
1934945583
1632934191
1641388351
1641462045
1641453829
1666555141
1645515781
3792015380
3792105524
3792101412
3796296036
3804689376
3822048224
3784165300
3788300180
2706136980
2970360788
2970491892
2957392741
2965781287
2962636599
2962567430
2425626950
2425627510
2425631206
2425672166
2425669094
2421460438
2417269190
2417469510
2434181446
2434181446
2467736646
2470894663
2463089749
2462565621
2462401764
2462414308
2479322596
2480371684
2480216037
2438281191
2438293159
2438166167
2438092423
2446513799
2441215621
2445344501
2470489573
2471558503
2471548023
2480137302
2482430166
2516054263
2506572263
2486654439
2486359541
2486359381
3044267829
3052535605
3052465669
3086085637
2540809989
3073560327
3071462743
3004288359
3008423015
2974868583
2983425127
3016905943
4082241735
4082241735
4061466871
4061409703
4061406631
4082575255
4057339527
4040642183
4035989181
4040187581
4040222365
4031833565
4050707837
4050739261
1902339101
1902322719
1902191679
1902196015
1902318895
1902515519
1902511901
1912033101
1372938189
1372872653
1372899212
1372964508
1372967581
1375073021
1366684655
1366685487
1366685486
1395109182
1399237918
1399239950
1391957262
1391821086
3539321214
3604468094
3612861807
3612829551
3612829549
3579262845
3512080221
3520534493
3520411613
1355036669
1355027965
1372003743
1371946383
1397108111
1397833119
1398021549
307500461
307500477
307512733
307544511
318013935
853840174
853909566
870686750
862429214
1936176158
1902624063
1902615853
1885838652
1885769500
4034301724
4032204316
4032276012
4031899180
4048807452
4048770583
4048766518
4048622374
4031778918
4040163574
4040365254
3503436934
3503434886
3520211078
1465006470
1448287702
1450247670
3606069622
3606057238
1390682374
1390698782
1403347839
1101460205
1085195004
1086276316
3237757916
3229369340
3224130920
1077701928
1077241897
1349871661
1349797951
1357923599
1374867727
1408684813
1391903501
1383579945
1383462185
1379167533
1379170653
1396530013
293554749
284580413
821515805
821318173
829715229
857039165
840261951
839143727
839124261
570694951
570760487
591740199
591740199
600065325
595903869
596415837
596414940
600608988
600609180
558666136
822981016
806336409
1879490233
1884207785
1892588459
1892153775
1904671167
1905683919
1408656463
1400251678
1399137598
1399285046
1374091062
1374081810
1374864130
1366553346
1364517635
1393857299
1393870833
1394008021
1394012037
1362545029
1367330229
1912394917
1908208037
1908208047
1907683839
1945612799
1945612655
1936041263
1931865407
1931999515
1931933979
1663478043
1663495451
1667552283
1667547147
1635107147
1635238265
1618473961
1618438125
1641378543
1641378495
1674933182
1674933166
1674924462
1631863279
1632388447
1885174799
1885235214
1886808078
1953982478
1970764814
1976982606
2010535902
2006348542
2006409975
4120208119
3587502805
3587494612
4149540852
4149274604
4149342188
4132694012
4132698076
4151560141
4118005711
4118009726
4101076846
4101006702
4100990318
4117832062
3589419102
3622965342
3618844767
3752927327
3752928637
3723704157
3706916444
3706932797
3706805821
3706740283
3715128890
3748691738
3727719706
3732042778
1515344926
1523733566
1535189119
1505763565
1480593644
1476481452
1476654012
1476584116
1493280388
2030085764
2067840708
2067897156
1539554069
1540536631
1540615990
1540880190
3679974206
3679900478
3686978366
3687039846
3749761510
3716478183
3716478199
3695695045
3691433413
3691433413
3691444933
3709266629
3746750165
3755200213
3755005652
3755012852
3755012708
3755004772
4149318436
3075576101
3077681189
3077813285
3077755909
3042112839
3042114887
3176292351
3176300527
2639405023
2515602910
2515537390
2507148782
2515604974
2515629910
3585172038
3585204806
3616666391
3620852023
3612447847
3608269941
3608411349
3574791365
3574758532
3574799796
3507556260
3512010404
3520534260
3587319508
1437820500
3622920709
3622855175
3623154199
3612661542
3343963430
3343971622
3612472374
3578975238
3696411654
3705062854
3705068934
3700800950
3700731302
2647977382
2673147046
2652230839
2652369047
2658587093
2665992692
2682778468
2649056868
2649056821
2623831607
2636144166
2637370918
2637312854
2507354566
3623039446
3618845182
3619100093
3616804252
3587464668
3581209052
3291802076
3291917644
3564551436
3564606741
3572732213
3588460852
3617820724
3605237812
3597914224
3610399184
3610396609
3576829585
3581025975
3589480103
3522174630
3555737526
3287295446
3278927303
3279016151
3513898231
3522274679
3500189015
3584075607
3584276311
3621954871
3596792887
3592930359
2518991927
2518971447
2518951207
2523210286
2528514606
2545304110
2510242366
2493338190
2497699790
2497694670
2489174943
2489113005
2489121197
2506089885
2508058765
2541076636
2507649469
2507579901
3040256509
3073881981
3077684773
3077678645
3085149725
3085166173
3076641405
3076539117
3077587949
3077570799
3077640431
3086168318
3086181630
3086181471
3086154831
3086417165
3085368589
3085303580
2539945756
2535814412
3609531741
3576107519
3581284846
4126545390
3589747950
3585438958
3589305454
3578851350
3578851333
3578908676
3578982660
3581079860
3581137204
3578910517
3612596087
3620995062
3586379774
3587428286
3578912702
3578920846
3579051918
3579047822
3612534687
4159956463
4159820143
4159754623
4158705727
4116770863
4117820461
4101108789
4101174293
4101395797
4101396343
4235673463
3715579478
3715571414
3715436246
3715112566
3715114982
3723503590
3723704214
1572017542
1569734023
1569729716
1569728676
1599093924
1595088364
1580337020
1580352317
1579210271
1583392286
1591783246
1588641614
1605615582
1569889791
1569889709
1574083756
1561499116
3711156732
3710960072
1428218696
1432594200
1953677113
4101151529
4100164415
4099980063
4099975711
4049780303
4083324879
4067591119
4067656189
4061311461
4063424613
4067618853
4067618869
4084364311
4049802247
4032891927
4033027135
4032970095
4109532799
4105330303
4119971423
4153463583
4157657887
3608207903
3610305053
3576817181
3560078909
4101134943
4107426559
4103293375
4103097535
4124073119
3620820111
3612496015
3595706847
3595772927
3595576303
3620742127
3587183087
3503358319
3503357997
3562225693
3562234893
3564235785
3304123403
3318803467
3247553546
3285421066
3285355610
3279341050
3279341567
3279410909
3287798525
3287675500
3262440060
3526681116
3543524124
3510104373
3513972005
3522624807
3518418231
3518285399
3522482807
3507806821
3507778165
3507902039
3507885431
3512153191
3511952615
1373060230
1372990598
1398226054
1398021527
1381240231
1389692327
1389774247
3551981974
3518488902
3500253442
3504383282
3231753250
3232017446
3517242406
1386695735
3538296005
1390806404
1382418340
1383335588
1395918500
1395922572
288634508
288630668
322187229
325463870
333852446
329656090
333735706
300214074
300212522
291803450
291996442
276730651
282493785
281510873
281380761
272730009
273792441
271756729
1362275769
1400024521
1382202829
1390908877
1390773725
3538335101
3555123581
3521569597
3521573677
3504722477
3505771069
3505771071
3503608382
3503613230
3512001582
3541564526
3526810846
3526808782
3526771918
1376993486
1397838303
1372680571
1351840057
1353912633
1358180665
1349793065
1345594665
271985961
288767259
326569803
317984587
43274187
43306393
47578301
39150765
34873533
37040269
37093773
40763805
57545653
23986835
7157427
15494755
283962915
279752231
329561637
312779044
308584484
304381988
1445953588
1412333828
1950262788
4236159492
4242450948
3096349300
3096353508
3168639716
3168571108
3204235991
3060646534
3060646902
3060585447
3060070375
2791628135
2791824663
3060167959
3068617014
3086229878
3035898326
3027706262
3027645862
2959411366
2959870118
4058843318
4089325702
3535677574
3604882566
1449009286
1444896911
1461645789
1432347437
1442624037
1442611748
1475117876
1466741020
1462546716
1462673437
1564401981
1545495853
1549674269
416167695
214304523
211158795
215221531
217318714
74777914
73798938
90572618
90558410
124030859
124030859
132416921
132421049
384086457
318026152
1383440809
1381474729
1381409195
1381426175
1383519214
1383466990
1383350190
1399073710
1374108094
1375082910
1375083679
334852575
309621087
1383387406
305508382
1378132014
1378132014
1378132014
1432716319
1425444107
1421261321
1419160268
3699874556
3703881405
3561271261
3562046973
3562046973
3570579455
3505563359
3505559263
3514024951
4046766567
4080293351
4080297191
4080411877
4084606117
4092986773
4093051781
4082439109
4082590404
4082622996
4057331244
4059362860
4055170604
4122269244
4126668300
4127090189
3564049951
3563914606
2491225326
2499613926
2499613926
2497656022
2514362438
2279485702
2271163142
2271160070
2279423766
2278326070
2273672510
2273828126
2258093390
2257961311
2274656509
2274660589
2243211624
2230628712
2230629224
2222241768
2218106600
2218168045
2503380957
2503400847
2534796687
2518148511
3591824831
3612792222
3612759430
3579270550
3562371062
3562104822
3562170326
3587368902
3620925766
3604070486
2532360294
2532364390
2532369511
2666622069
2683383797
2675117781
2675313365
2406878805
2415271477
2415211829
2410947877
2415157285
2415157564
2247615260
2228740700
2224415452
2224353980
2228540076
2220132269
2216005037
2234894831
2268317950
3593635918
3593644110
3530730574
3547573326
3546457414
3575821254
3580003286
3580003302
4158882790
4159738342
4151357815
4147175511
4112769109
4116899173
4100093029
3026259300
3026193764
3021998948
3026336468
3026333252
2498963012
2494575124
2494575124
2511344151
2544898582
2280661798
2263884070
2255490086
2272463926
2238860294
2228411398
2224219142
2224284934
2224091471
2228258271
2219935167
2404551855
2387778733
2383543485
2387670429
2524230077
3606557356
3607081644
3598513836
3527210668
3525076924
3525141901
1377707149
1377460413
1935302845
1887064479
1895744463
1895809999
1894561335
1357690662
1349320486
1366096166
3492559126
3492620566
3559795510
3571851126
3568701382
3568437142
3566404534
3583009719
3583042481
3587220400
3562055396
3557863140
3557867124
3037969924
2972890628
4084376116
4084380196
2993852965
2989737509
2989608487
2989607726
2994194750
4067940414
4076337214
3001416734
2993013766
3076964358
3072741382
3039170870
3023452006
3025548898
3168222834
3163889394
3162521298
2626692818
2643468755
2626687185
2626683121
2625638640
3430948980
3435143284
3426754876
3426759996
3422633277
3293722909
3293722895
3293711631
1146228047
1146357197
1163150797
1165476237
1207354253
1207337885
1202096125
1202030373
1172608295
1172616487
1198304558
1177330734
1178444830
1446682694
1444577478
1444577526
1443594470
1443602662
1447666158
1447617903
1464368623
1464552958
1464744382
1464740286
1473129886
1371999631
1371997583
1356269469
1356231356
1352131260
3499487932
3501503228
3505693244
3497304620
4028937773
4028931631
4045708590
4045731886
4080003118
4085180510
4068404430
4065744079
4082434526
4081320958
3511091774
3495301662
2429953598
2431921710
2427727406
2159284030
2173961534
2241282111
2274226237
2274156636
2241634508
2245833884
2245893564
2220854188
2216659644
2233376444
2234971820
2268521468
2268488701
2272666111
2272600430
2272276854
2247307574
2230464574
3304394814
3304329246
3293840394
3289779211
3292454153
3313429257
3321801480
1202564040
1202491273
1206683065
1160544699
3308093883
3543044538
3543044538
3543053290
3529941994
3606422382
3623134846
4160005758
4152147838
4133261182
4132818302
4132947454
4132959742
4132659582
3595702623
3595698527
3746763135
3721404783
3717211501
3717295469
3717291484
3583114700
3616796044
3612867724
3575110844
3577169333
3560326069
3493204631
3497403133
3505857149
3500500509
3500441116
3500473876
3500202788
3504406308
3512786740
3542406932
3543647045
3543581511
3541549654
3512058742
3511994214
4057331046
4049069286
4049593590
3512726726
3546240390
3546240398
3529455518
3531551166
3598594478
3598595310
3623695470
1475109950
1441031182
1441096718
1415996431
1415738375
1415763221
1366443301
1374897509
1408254837
1397781269
1381098253
1448276765
1381159741
1383330621
1383114556
1383118396
1928629816
1928710744
1945459400
1945591512
1400309496
1366692217
1366700091
1366761498
1364467738
1372856362
1356080170
1355549738
1355548794
1355631946
1355730379
1355732427
1355658697
1371912121
1364174777
1397728953
1397733289
1397524395
1380222907
3527775130
3527799226
3545620906
3545489642
3553779946
3520225386
3516035387
3518198047
3522290457
3513837337
3492869407
1345377567
1345571903
1429654910
1417076191
1440145351
1475715015
1475643079
1450676869
1450619797
1446421461
1446420981
1983238645
4147442149
4113884653
4101042157
4034002924
4042379244
4042311660
4040214396
4040226652
2968643164
2968714780
2968714844
2977103485
3010854639
2994009839
4067705598
4067689438
4080468958
4080480638
4046725166
4046726190
4049933358
4059503646
4088867854
3600116750
3600149582
3532113102
3532112334
3532112286
3548566446
3516064175
2446451117
2421219756
2423281148
3492954460
3491910412
3491901964
3491832332
3495962392
3504348984
3505720617
1358367789
1089864751
1081545743
1081360655
1081360719
1079296511
1079441327
1104609182
1121385870
1120390534
3267714454
3259458718
3260506334
3268636798
3270635566
3337675054
3350307119
1202759465
1183884584
1456514348
1448190008
3591802936
3591864380
3591210108
3591347421
3574508685
3557731725
4107181709
4104029853
4104111837
4106089213
4106019583
4101825901
3577505133
4047254893
4030674429
4028511709
4032694237
4036954093
4036981373
4036977229
4036813327
4036806159
3504131694
2422005486
2958879470
2975644606
3008748958
2992100766
2992107918
3059216782
3067539934
3067605806
3086344750
3044368942
3026544190
2968348478
2968354111
2968325375
2424114319
2423985295
2436510863
2541385151
2539353535
2532930719
2532955359
3539530847
3539772477
3539772733
3539842332
4076765980
4075716925
4075782189
4075073581
4062502957
4046319679
4029550607
4030596431
4030598877
4034857645
4043049645
1891375807
1889283727
1402217358
1402434446
1402196447
1406255469
3547370797
3610291237
3610290197
3610290197
3593514269
1446237967
1379287822
1383465550
3602269166
3602858414
3600560303
3617337581
3579584589
3558827021
1411278092
1344169740
1348345356
1358499357
1358499551
1356535519
1347954367
1347969711
1364743163
1363723723
1406000537
1390264253
1390259901
1381869245
1381868189
1914475165
1931445149
4045308319
4049506799
4057839086
4059889518
4059328366
4083494894
4150666742
4150665558
3564515702
3572699430
3706720550
3706729782
3706727702
3706793222
3698468102
1307718918
1335039302
1318130582
1182816173
1183078317
1455708072
1447351720
1443689880
1460532696
1428009288
1344135433
1350426889
1350165769
1349244219
1349174571
1349436719
1349445407
1367340815
1375520591
1372897759
1373078461
1368823741
1373087421
3552683709
3544299167
3527534223
3523471327
3524716030
3528979822
3531076975
3539461407
3539336477
3539262781
3530882413
3530931580
3528954972
3528962140
3528831036
3528765740
3545555244
3495420708
3495322421
3495318359
3495888742
3495692134
3495693670
3504160118
3521080790
3512729030
3546139078
3541945798
3541950343
3546150533
3554669245
3554534061
3520914157
2421969653
2421969655
2421520231
3497291559
3505663782
3505667894
3522632983
3556119815
3555071237
3546677253
3546763348
3543429364
3543425524
1360294341
1360282061
1363493343
1363670255
1355148526
1372973310
1440217310
1473706190
1456930254
1448535502
1444276126
1444803518
1444799423
1465771007
1431954429
1423688189
1423556973
1425597743
3573081391
3580390702
3613994350
3278781822
3262516606
2197161054
2190623838
2190688606
3281051999
3281035645
3283133804
3283138028
3287319788
3274736876
3509617772
3509752956
3576886604
3576882957
1462953743
1467119390
1458658622
1584477502
1584866590
1584866334
1517759754
1534475531
1507269915
1507663659
1507620651
1507648314
1490875226
1489810379
1556984479
3704337055
3700143789
3700010669
3704335021
3695885199
2635778446
2669611150
2535267582
2270444782
2278634858
2408777002
2375222554
2360424250
2360354618
2359306042
2292197147
3371181577
3371173576
3360737180
3355494300
1275180956
1275176860
1275307964
1275306940
1275175868
201565116
201565148
469935964
471052056
1544797980
1544796684
1544731148
1547090444
1432264204
3613298444
3596257036
3604591996
3603555308
3603624940
2529841837
2530083503
2530149038
2529498026
2529436154
2277515514
2227183866
2160147546
2161182778
2156988474
2156935194
2156931082
2161191947
2209568009
2192736521
2192736524
2192802156
2196803948
2194965484
2186642412
2186642173
2187167343
2182977134
2535298670
3575506542
3558532414
3558503486
4095376446
2085497870
2085365774
2085366095
1963798349
1997166540
1984611212
1993068988
1988678060
1988682172
1456005532
1447616956
1464365997
1372132077
1355678463
1087244118
1087772470
1087520038
3234929958
3226541079
3226541061
1079194628
1095979012
1137922052
1133625604
1117110645
1133887863
1100465126
1104664422
1096079206
1091886886
1075312134
1144436230
1144501830
1165792966
134068190
132097982
1205839807
1331537847
1327343543
1327470583
1327477591
1195221303
1182572583
1190961255
1191108727
1190588615
3335930055
3335930327
3336029159
3352811367
3352614695
3621041967
3537151263
3537151311
3537348063
3537282239
3528899775
3524707509
3543581877
3493220485
3493216653
3496395421
3500667629
3500466735
3500451374
4037324334
3018111278
2992937007
2989268031
2989339661
4130271245
4130263324
4148085613
4114498285
4118693559
4116676247
4125061014
4124523958
4124511638
4115993991
4111738261
4094961077
4032243636
4040570548
4038525620
4052759284
1905271380
1905271325
1351639839
1349734702
1345412398
1344337966
1344600110
1886902522
1970702474
1976994958
2010612879
2004189389
1999745277
1982980397
4130464045
4130530095
4134728255
4143116846
4138854190
4136691054
4135642494
4135648735
4156751359
4148321791
3611494367
3573942263
3579184119
3578921959
3570467303
3570413909
3570491661
3562204428
3562203404
3579033868
3612584764
3595676476
3595613980
3591422796
3541287884
3497148876
3505541613
3501618413
3501530351
2427718886
2431933942
2439309270
2473059142
2472981062
2481361478
2482344774
2478094198
2478161254
3002448230
2989796454
2989532198
3056660502
3056848919
3060944917
4143067173
4143128612
4151387492
4252055412
2641501940
2633109237
2628914933
2494566101
2492493509
2509301637
2512429444
2546176900
3619927684
3619792612
3540053732
2467364580
2467356388
2436093413
4046672999
4034217079
4042740806
4042712390
4042683718
3505803078
3497414230
3509866470
3543433190
4067714534
4074038766
4069844319
4086821711
4086731533
4124480061
4116025901
4097094445
4096845085
4113687823
4245875807
4245847151
4244847854
4177538302
4211157342
4282531102
3217165598
3214083342
3212846350
2675974414
2676257054
2676314478
2676445423
2542236140
3598995628
3335798972
3327393972
3256156404
3239522804
3222742996
1075195588
1075198661
1079384775
1087769478
3235253126
3254067078
3270784966
3270775638
3266593590
3266638630
3284001063
3249381668
2158798116
2158804244
2179762516
3274476004
3324873188
3324943797
3258889607
3527340422
3525300614
3546108838
3512562662
3579667431
3562808295
3588039511
3588117319
3583918919
3585558389
3568688493
3505716717
3497319933
3510078924
3510013388
3510081484
3509974748
3547719420
3547850492
3547850492
3547722476
3547624173
3543429805
4080325047
4084520103
4048866535
4057238631
4092890167
4091984903
3085362439
3085362695
2548495895
2540062247
2640774951
3715372326
3698598950
3696503846
3704953894
3638430742
3638430742
1506751494
1506615558
1271406854
1237852430
1237905679
1237890383
1229493629
1229503980
1293463036
1293664140
1293586316
1296729996
1288361868
1284501437
1150152679
1149760870
1086768422
1079427106
1077313586
1077837826
1076801794
1093574914
1160680706
1194233666
1194299074
1182633714
1459197602
3606688418
3606700965
3606635428
3598246380
3598251500
4145605996
4149800300
4150061372
4158450968
4158586121
4067869707
4067836987
4063577195
1916208251
1932919882
1932924362
1911960575
1895052271
1890849775
1354519509
1358787541
1358882775
1358360407
1373108995
1398267139
1112997122
1115125010
1115103490
1132343555
1107170115
1157497441
1157564000
1157371424
1148990992
1149052416
1149052416
1156391680
1155797761
98894081
99419473
133105011
133004579
100494627
92041011
92039027
89941971
89487299
89608599
88555955
54915507
63746467
1120712115
1120900503
1117685143
1121883605
1121826805
1113368565
1112844133
1112847983
1112909423
3528975982
3528976238
3545626094
3545355502
3545257134
3545322654
3536929935
3537061023
3268560319
3537003455
3539100319
3287425759
3253932767
1106249439
1374707707
1366358123
1366358123
1395701803
1379118091
1446158347
1446158351
1467191311
1466990877
1433452860
1431693100
1427532588
1429629804
1467382124
3614854620
3623224652
3623306573
3590084367
3581699630
3562825262
3571212846
2426393150
2426393214
2426176239
2426177508
2426176932
2421988772
2434567620
2470354372
2990450116
2990450628
2994661333
2994652606
2989835758
2989753838
2989753582
3005547630
4050064478
4058390862
4058390798
4054278414
3518358798
3516192030
3621555230
3621624854
3615407382
3614878998
4118209911
4118279671
4118102519
4113957829
4113957836
3581022932
3497203301
3497006887
3505405734
2431659318
2431659270
2427464966
3230665990
3230860550
3298166102
2243311094
2276861398
2260563414
2264423891
2256068083
2251855219
2268697939
2235281745
3447300432
3454574960
3488129380
3463165300
3728444788
3728379220
3594160436
3728452916
3728387380
3732579636
2658922556
2541277245
2503561309
2491040989
2499429887
2499694511
2495438510
2495377070
2495375022
2432464574
2449242047
2472301983
2468115855
2468111821
2467784701
2471978605
2446746157
2432168509
2432037389
2431971853
2429875741
2429869935
2430393839
2447166703
2480786687
2457846997
2457784519
2453070023
2453075031
2536920439
3577118583
3581030214
3581030214
3589485910
3622843510
3622834278
3606065254
3620827191
3620958487
3587396373
3587200535
3587204631
3578849047
3578916151
3579239743
3612757471
3612757151
3544665247
3553051805
3552911773
1405362589
1363423677
1078203308
1078395820
1079381932
1079450548
7813844
6777796
6597440
56933697
308580417
308777025
1382461441
1378258961
1378258992
1378267408
1931916816
1881574960
4029008420
4033141285
4041533989
4058312495
3014452271
3064840223
3064971343
3070152911
3087003871
3044994413
3028220716
3028278060
3023919676
2955771404
2955878988
2960007756
2985251839
2981970414
2981904622
2964589806
4042529006
4029954254
4030081230
4046859214
4080416398
1932989071
1937060493
1943351965
1939620517
1938573221
1904795621
1905851349
1910107607
1400563015
1396629767
1430184198
1417666870
1417532710
1425394978
1423232306
1423038738
1423174914
1414718738
1465054211
1450622979
1450624001
1449411601
1445211233
1445342577
1400258001
1375078355
1369244659
1369191399
1369203687
3516719989
3520963925
3520892724
3546058533
3536619301
3532427549
3533668365
3533606927
3537264702
3541901422
3508348138
3491635115
3495824026
3504212619
1352469131
1369194123
1373437579
1130149839
1098224925
1366659357
3522474292
3513033508
3508839220
3508970256
3609633552
3592876560
2524889616
2533311025
2533098209
2531013603
2531010466
2682203574
2514360502
2514290854
2514225334
2505579670
2539336838
2537251278
3581636943
3589890941
3501744748
3501744748
3501744748
3505975852
2423833132
2419707452
2419968540
2417793820
2417793340
2438826268
2480839949
2459866894
3003024206
3003028350
2994573678
2990322158
2989813998
3004494062
2971095198
4031649166
4031655390
4031129854
4032641274
4116527322
4116528330
2004825547
2004694347
2013074267
1977361179
1977361179
1960370970
1960367387
1952042299
1968766331
1431889371
1465443785
1448797065
1380635529
1389253529
1389101993
1389102507
1401163179
1368800683
1372994970
1350000074
1345607114
1345646922
1344594187
1898426635
1902547737
1944556345
1944434489
1910814521
1374985753
1358204475
3505753658
3505819434
3505820970
3505824810
3520454782
3554013262
3554136270
3553018079
3553019373
3544602349
3544676093
3545593565
3545593597
3528975853
3537233149
3537233117
4065711309
4065690828
4082599164
4082537852
4049057572
4051156789
4046847765
4046843701
2973200231
2973120359
2960524918
2958230134
4040360566
4036039222
4103086638
4103087406
4103351342
4120148094
4149508318
3591886991
3590772875
3590769802
3595027594
3602998682
3594527722
2537632362
2513637930
2513576494
2226332206
2226348567
2226254597
2226176820
2230355748
2219870052
2215679988
2215876564
2501031876
2534586308
2534596036
3591491061
3591396583
3591453942
3591582966
3528594902
3545376094
3520209758
3251966518
3230994966
3231003151
3231015695
3231015197
3254055997
3251950701
3243623679
3222783197
3221736669
2152189149
2160577629
2160981020
2161927228
2203935804
2187219996
2195608861
2191152749
3264812655
3264747118
3268948590
3277345406
3275477790
3239826206
3239686942
1360570174
1393076030
1393145118
1359713551
822844687
822725901
822893885
822951213
823017260
823015260
806237148
827007900
810034109
818422713
818422681
277422731
277550731
277352123
9178026
9178026
1083129274
1099836810
1105143178
1107046795
1107055097
1097617769
1097855289
1097786121
1106240265
1101849369
1101853481
1106039595
1106236203
1097783081
1097785177
1107152729
1140689881
1123912185
1115667801
1111139593
103526667
103403802
103403834
120320042
489349162
473620538
473604378
1008312606
1007195438
755533162
755545578
789097902
789294494
789315006
793501099
793501097
793509865
793509884
801882076
1841936092
2110297820
1959297724
4106851004
3570119356
3570131644
3570098877
2492150509
2492084975
2424993775
2157673583
2159889519
2164115583
2163198159
2171505103
2188286605
2188287631
2188301967
2456670879
2456343279
2456351595
2452156715
2468933929
2473123897
2456349752
2464933945
2464856089
2464847899
2456455194
3530197002
3594241034
4130983946
4131090490
1983537194
2121949226
2138710058
2103076125
1028222732
738815836
755597276
755596748
789081484
789085340
789126333
776670701
709561839
726286207
1036723807
1019946591
1015640799
478769807
478769807
482898575
1422415759
1153963934
1154035134
1149971902
1149906878
3230545822
3230602174
3231253215
3250127451
3286827545
3286828569
3278378553
3278405176
3278401304
3286787353
3253335321
3253465371
3249254747
3253580282
3253567914
3246228906
3279914426
3261045979
3328162843
1444658201
1444527113
1580835849
1580834873
2117787689
2118017065
975053099
974004779
978133567
986456669
999055965
999055965
999089757
999095677
969463917
956876927
1024149599
1024096607
1007348687
1028325071
1036703375
902398621
1959301821
1883812532
1879618228
1879611044
1883889316
1892277924
4039863973
4035653287
4035655334
4035511982
4057482670
3019424943
2994263231
2724838605
2725096712
2725031688
2725031432
2725031448
2737677880
2737567273
2737558057
2708423275
2708423530
2716680554
2699907198
2968327230
2968327230
2968482830
2985190414
2985192462
4058934302
4092474398
4084085790
3597603934
3593344206
3610645710
3614840014
3757446623
3719641087
3700451309
3700483053
3704673132
3696272188
4166034204
4161839892
4161839892
4162053652
4178769428
3679641108
3679637268
3679964980
3679804708
4216649076
4225037524
3687118044
3687305436
3666268636
3670471629
3687248591
3688290038
3646277358
3645949934
3646181870
4183060606
4212416590
4216807502
3679875342
3688264986
3688331066
3654674235
3629643545
3629604105
3637562633
3637566557
3636524140
3653333096
3745665241
3729916105
3729932745
3732292457
3732063849
3732012777
4283494121
4249939657
2098243529
2098254793
2098451401
2098385867
2098348411
2102547818
2110946602
2110942506
4258784522
4260685130
4260688203
4260680027
4294299771
4292268153
4283879545
4283887737
4132790649
2002014587
2002014715
2144434154
2144593898
2111043066
4250256858
4250195418
4111791579
4116174283
3579233225
3579232985
3612824312
3621081849
3621020393
3587467243
3587534842
3623321082
3623340538
3606301946
3597923550
3597922510
3597762766
3528556799
1381015789
1381015789
1380049397
1376972997
1393743047
1360155895
1345473767
3497151975
3504475509
3504407893
3504613204
3505661780
3505678196
3505747948
3505878764
3520487165
3520548573
3518364623
3555782559
3555786158
3547395502
3547357374
3547422862
3513999834
3513971178
3497183083
3496206123
3496065567
2959129101
2959130141
2959384349
2976159517
3018167069
3019813661
3061756733
3061764909
3057637167
3057603887
3196017791
4286545023
4285885567
4286053471
4250293327
4246094925
4283880717
4283954460
4258621229
4258621037
4258621055
4233438815
4233967359
4232917758
4241298174
4241297886
3716485374
3717476474
3721684090
2648040474
2648030490
3183984411
3183853112
3168058968
3184827976
3184828120
3042950904
3042885352
3072235177
3074409131
3074278058
3074249646
2738704814
2705150462
2717742335
2696903917
2696830324
3049152340
3052888580
3040289284
3040158212
3040096823
3026465126
3034588270
3164603630
3164605694
3169979534
3161615502
2622647759
3696389839
3696289373
3696289325
3696288063
3713392927
3749179422
3749172254
3740783679
3740720255
3732331743
3730294223
3730687391
3729637791
3729650111
3746554303
4292862381
4292862445
4259177965
4259147645
4236082781
4235557453
4235684447
4235685471
4251391710
4251124702
4285612447
4293939631
4275073453
4275069421
4275069437
4275069785
4291912473
4115887929
4117960507
4096984859
4096218379
4100455691
4100447547
1977994523
1977912779
1969522122
2004125066
2004202938
2004345258
2004246970
4150677947
4150673913
3748025128
3714212664
3722667832
3756025144
3757105464
3752910904
3750809659
3751002142
3717649534
3721844206
3693004270
3693004734
3713942158
3713950414
3724370639
3623642093
3623646700
3615292908
3612670125
3541428413
3544579213
3544503439
3536160143
1381417359
1381429663
1377235351
1379324919
1378272231
1382052839
1902143463
1885366263
4032985055
4033005055
4032941541
4041260389
4041256228
4041260852
4041318148
4058226437
4091655477
2992760103
2992861222
2988585046
2988839158
2988836326
3010921958
3015118318
2981371342
2964597838
3501466703
3505599837
3497137533
3497133949
3497154396
3513941580
3514003020
1366388300
1366646364
1362445909
1362444885
1362391903
1366647167
1366388846
1366413438
1366545438
1374870606
1475516751
1475521503
1475455967
1475391231
3622868701
4117791453
4117988348
4117930860
3581059884
3614630716
3610498876
3610539812
3610535716
3614795581
3623777597
3623769407
3619636542
3590276446
3590313310
3581927758
3581932366
3565142814
4102014751
4102018879
4097174845
4095012207
4111777647
4115963903
4157972186
4158051978
4065841802
4061418426
4061147562
4065341610
4073730218
4069856426
4088870074
4055252123
4037426649
4108721736
3571914248
3563410952
3563386380
3563382556
3563382301
3697337885
3698451991
3696415287
3713192503
3745764197
3745641317
3737252404
3737383444
3753997900
3686809181
3644865919
3644931182
3646102638
3645967470
3646096462
3675418702
3679641678
3671257550
3733172734
3733041653
3749754357
3753948660
3745560060
3712081404
3573809132
3573809132
2538758141
2538751965
2549236701
2549207405
2549137773
2513490221
3050352925
3042162461
3042174749
4149735229
3075994901
3210204477
3210134653
3176547453
3176285517
3159586653
3109283372
3117540908
3151033900
3145787148
3145786636
3150049564
3150106732
2579644781
2562933103
2554410990
2554412910
2550144878
2550139262
2621520198
3703777286
3431148610
3431019602
3435204818
3302359250
3310747842
1192652930
1175867778
1180091779
1121177043
1116987345
1116863473
1120991712
1112567264
33564128
50345440
201184
4338144
4400096
5252976
1062768
1069008
3558849
7785923
23510467
57062787
65508739
48664963
115774403
111579857
111514225
115647009
241492513
1327785509
1294298661
1545890348
3697596460
3701786668
3718368332
3753018572
3736253837
3734217613
3464618687
2395038383
2386764459
2387743723
2406679915
2381385001
2376345913
2409900089
2258921529
3337419833
3270295753
3270492299
3270242442
1110007978
1109991594
1093271722
1076494734
1076496270
6954639
15215263
15215341
6876781
1080862221
1089246735
1084786191
1135186495
1118417710
1118679854
1122996542
1114608926
1114618902
1378855974
3526274086
3525750054
3525768455
3529949509
3538338245
3538305413
3530965436
3514241964
3495170988
3495179180
3503630057
3505661497
3505661497
3504612891
3504610843
3236237083
2162495257
2162499353
3236181785
2162971417
2246918921
2276147977
3349922075
3333017915
3337135147
2255005739
2523445289
2523637769
2456463369
2452333640
3525878456
3526001320
3542778520
4046111369
4046082714
4050153898
4092096686
4083700910
4066923758
4067058766
4083868686
4050381837
2959867149
2422955836
2431344444
2427131421
2427130397
2427138623
2427007530
2426934058
2431124266
2498232618
3303609850
3572050074
3697813642
1277700506
1294535050
1227426698
187198346
187188939
422068763
136925755
136999723
141189419
142336299
142123307
142123311
150510895
148474151
148544343
467319239
450541765
442141892
440042692
1513717972
2118090964
2118029524
4131303604
4148076964
3762217636
3766310564
3774629543
3786147494
3807123118
3798742702
4067176358
4062981366
4067174470
4075186182
4070995974
4070995975
3550903301
3521534980
3513138181
3492232213
3223788599
2162630438
2158430758
2158430766
2158299694
2225879598
2360094254
2292981294
2297169422
2297169487
2297190221
2297222524
2288573740
3362281772
3358153020
3358292284
1210743100
1211789068
135997196
134832904
134767432
403203912
403275609
403307385
403306875
424270171
424402251
424342859
457896267
457814363
440964459
440964459
442211707
172670299
172686411
172749915
172618075
189452619
155898187
139129675
147485515
147837787
147641195
138999147
139001195
407501179
407492955
424409417
424532425
458083785
458083785
458180059
458125819
458122235
424567803
432763883
432628587
415785835
415818603
147383146
164167530
164150122
164141946
1237949274
1238080330
1267449162
1250537546
1250537690
1250537707
1250537704
1254715628
1242038508
1209664996
1209667296
134886992
134882880
139080260
140182020
140050949
139989263
242812255
175703423
174673279
174605659
174642523
174642682
174644714
191421946
174709242
174815738
183205210
179008858
178999674
1252618746
1252553131
1319694760
1324147112
1312612776
1193050536
118341020
118335900
386771356
906865044
575650196
575650228
578795892
573278260
573278260
573421620
573552692
573478956
573503532
573470764
573184044
640288812
778701116
787160637
1052444189
1052443213
1052443341
934876813
901340813
347724429
347708301
351115661
351115421
343913629
341831837
274718943
274554999
274539815
274541863
276631334
284888611
284900979
12268115
12128963
16585411
16716483
8340163
15720147
15596275
15596275
65928146
48552274
1122261298
1113873458
1114580018
3262062642
3270451250
3350147090
3316584499
3299803425
2226077985
2225914336
2225653152
2230097824
2238486432
2235340704
2233440176
2215556992
2148509316
2152572548
2228070020
2152637172
2153677541
2419819111
2418640438
3492404758
3492470550
3496921366
3513698326
3546803222
3546637318
3525796870
3542597702
3543581110
3507942326
3512133271
4040685189
4041006720
4124901028
4126731940
4152028916
4152020548
4286268932
4285085237
4285014567
4201128486
3932692774
1793590310
1793590318
1793590318
1786274830
1784407046
1784586246
709796878
709801039
709803215
726506653
722246845
688897215
688845983
688784543
672009407
672795119
676993582
681261614
700004895
733505039
716759565
720937741
1786294556
2054795644
2033755116
2016977572
2016990900
2017082004
2084190900
4244257445
4240054951
4239068070
4289269638
4272756102
4134352326
1445732662
1449403430
1994662950
1994662950
2011525167
2012594237
2004136316
2002035092
2000988036
2000989828
1996794500
1996786356
1996868277
1996938934
1985375846
2129800230
2128614438
2128610338
2120229890
2120295426
2132945923
2099391493
2088114629
2094418581
1552239255
3699702423
4102355591
4106532535
4120163047
4120224359
4053041709
4036272685
4103397928
2496950824
2486441513
2485979690
3559852330
3559524394
3563722778
3505003594
1386876042
1386941578
1386925195
1386912952
3534466216
3530073512
3525878440
3525878424
1366860440
1350279848
1346101931
3493671662
3493660398
3493791974
4029618406
2985175255
2477684804
2460940292
2460916740
2460788228
2192352804
2196632108
2196591151
2196247342
2208825390
2175271982
2158496878
2163083662
2164141454
3246265782
3256680870
3256684726
1109205126
1108680846
1108664463
18130057
1411528
1477385
7780875
7252750
32291102
1139586110
1114148894
1110032442
1126875246
1105904109
1084941020
1084942020
1085204180
3304899172
3292316196
3291791908
3425986085
3425988398
3480496430
3463850302
3472767246
1320836302
1455064206
1454932143
1991807151
1996005545
1987616936
1714988200
1713935512
1647031368
1646965784
1646945340
1663448364
1663180332
1633820204
1638010412
1638141501
3786672655
4055112206
4053539662
4040841726
4035598766
3515555246
3549117855
1384721807
1384656271
1388850591
1376337071
1377508526
840633518
859458782
825939022
824960014
812168462
812160782
808032030
271302206
275426862
1374399278
1403627823
1387899165
1388034316
1388035100
3533344028
3537536828
3537798716
3529496116
3525277236
2451471892
2501787172
2487103012
2625519156
2633895428
2629699077
2361070087
2359059030
2359059046
2359091558
2379538662
2673116398
2673118382
2655358174
2655496398
2387060814
2387011662
2382780430
2384332814
2250116127
2249866303
2270835775
2358915341
2361004557
2361066204
2360885988
2359875236
2359875237
2305327783
2322105326
2317910062
2339098670
2380984367
2364203085
2355817676
2217339020
2485962908
2486094748
3560884924
3558779533
3578703502
3612140238
3591135822
3524031002
3525059370
3537851178
3533587242
3533588266
3533228825
2463693128
2454251976
2181625992
3255531656
3255442568
3260678281
3264872585
1102713001
1085940137
1086137005
1089745581
1077154485
1077154493
1077913
1091209
269528777
269527624
810584632
1894812200
1894812216
4038106632
4041318920
3504439816
3496329769
3496428075
3496354346
3504743274
3501599914
3499563162
3499440314
3522955434
3257862298
3257272458
1109786762
1109913802
36040714
40673326
44605742
61382694
11116581
1084929076
1084931076
1093380112
1126795568
1111132608
1111132352
1379571904
1383765184
1383043264
1382912148
1383067812
1915646116
1932461477
1898778022
825040366
808271358
808266062
820849422
816654862
816392718
816396813
816331276
816380444
284727868
291016252
840470324
839421204
839423028
906539061
906604599
906661974
1040888022
1024124094
1008363934
947526558
2088372894
2096831166
1555783406
1555814126
2092472030
2092472014
1979236318
2012785662
2012785127
2012850407
2012920053
1920654581
1916355829
1916276981
1916416225
1915368929
845809313
850071203
850071187
313212545
1403596416
1353199232
1088978560
1090059920
1090100976
1090043440
1090059824
1088977456
78407970
78392354
216742946
225057826
170527762
170789890
439254018
439278850
444571411
450669857
441232417
973909221
973928700
973797596
990533836
940202188
944398156
969590301
999014975
982029038
982033066
982032810
994620602
2015082634
2015005066
2021297034
2021296779
2096795291
4238329529
4238135977
4136919784
4136919528
4141211881
4132946152
3038758120
3021884488
3023993672
2491312652
2424203788
2432637500
2432501277
3514565199
3547071198
3538420142
3534237870
3534225582
3535343802
3602392202
1448618186
1444423802
1597573403
356206857
876465928
875927304
876065544
876065560
890610040
911517608
910470584
1044749752
910548409
910645691
906394027
839285226
861305130
1895746830
1891552527
1890225933
1890162460
3505174060
3497829932
3508317756
2450304573
2450287151
2454522414
2463042990
2442005678
2425228462
2425238702
3230540958
3231654031
3235655823
3223060925
3223077309
3225260431
3225265486
3223890958
3228149774
3236669454
3551180815
3534395405
3534396428
2460923660
2460914188
2456781356
2452407020
2452439724
2469266092
2955817644
2960077741
2968269742
2964268446
2964269566
4037818478
4042016878
4033665102
4079873102
4062635470
1915150798
1915671487
1920320431
1918158767
1918164399
1918168511
1649798389
1649845365
4074152997
4076774437
4143949109
4142700309
4134307591
4134065414
4130040894
2520393774
2541365358
2497317038
2493384846
2493385102
2225015182
2224299966
2228500142
2153002734
2161517102
2159419967
2159289885
2158245388
2158255628
2179254556
2179254588
2171423100
2171554300
2154696124
2155754413
2164159407
2164257710
2231170542
2221186542
2221193598
2233837838
2267457799
2251733063
2251723845
2253824197
2270601413
2232922356
2214954468
2349173476
2349312548
2353441332
2354506244
2245421572
2273248964
2189165237
2183660454
2452095150
2456289454
2481459374
3619366042
3602590858
3606653066
1597581386
1596524826
1462586123
355293705
891674120
875021832
876073736
892725083
355772394
391440298
507803562
507856830
516755886
1586442350
1334719534
1302211630
3300853789
3300673804
3304900888
3296234264
3306916620
3343562188
3331039628
3330842781
3263733933
1116247213
1128909997
1075464429
1075448165
1077546949
1077544645
1077617287
1075520150
1074344862
1078460878
1086865870
3230176527
3230251289
3231295768
3250235912
2192222728
2192222728
2192158264
2523432488
2520285944
2520482488
2520679081
2501808815
2485047982
3021928094
3023990686
3028052462
3036424558
3032242478
2428313406
2445160014
2449354446
2470192782
2453406894
2457603246
2461797550
2998275255
4072021125
3530958020
3543479300
1396123396
1396123397
1395991823
857023518
861353198
868695214
331614350
298584206
281872782
277744270
277756558
277752462
278736543
280766125
283912109
292300220
53229020
36455645
35966453
52747749
52820453
57014645
23460213
31844725
27781428
28309876
61839700
330275157
317692277
309311781
304986407
304978999
1378452502
1110020102
1110028318
1110093854
1093300234
1080958986
3232642843
3232631337
3233679912
2157779496
2224831016
2220624392
2220690952
2245853705
2193424969
2193453947
2193449834
2193383790
2197603694
2189215086
2185020782
2199844174
2165237579
2165305305
2202845145
2194446796
2190249420
2190315005
2190448109
2194116847
2261233902
2252841134
2252447918
2181157038
2197963966
2147638430
2147629518
2147625931
2147642057
2147740360
2160180936
2155919048
3229660889
3246692073
3280244459
3284437739
3276065514
3238861354
1091377978
1359877947
1360933145
1360666905
823664649
822620170
268960026
268977466
608602
4807130
13327322
1082792842
1082792842
1082800522
1082865038
1082732958
3230151103
3251319743
3339597710
3322836806
3323882774
3327946018
3332140322
3348688162
3315131698
3298420019
3304691040
3304623584
2222558112
2222558112
2239466384
2271910784
2183839680
2185147904
2199827984
2199168544
2202314272
2168499744
2210433572
2210581028
2202454757
2202421925
2202356646
2479098790
2480152502
2471572886
3547542934
3547542710
3273856178
1126248626
1092624562
1075847298
2171074
2170886
6496262
6500622
6520094
6379838
19093818
52582666
35813642
35801354
106973454
106975022
106984750
123949366
123879702
132530498
132530562
115753346
116277635
115787155
115856819
249798066
258063794
123846130
90291506
90221858
90221858
98610402
81898674
10679426
10929282
10928274
11518386
15696802
23958178
19698466
57451303
65839397
44867628
313304104
393126920
355136520
338301960
338297864
472516360
472516137
480970283
1017644586
1034434106
1067987482
1000870426
463995739
430444889
497570264
501871096
359264760
355317176
355448216
354923928
86488473
69580219
74817722
74555578
74559642
83067034
83018234
78827819
78833195
99806763
116551195
108260874
1178064394
1182581274
1182319594
1207485418
1167638954
1285136810
1284022698
1300867051
3347766795
3351969293
3344624157
3344625469
3313102117
3447284775
3430510646
3447259158
3443081286
3480961270
3413791218
3403314642
3399112134
3398058438
2324316997
2325308220
2329436968
2331534120
2323145256
2330485288
2330486328
2330586681
2347498299
2339084602
2334887290
3408495962
3643380170
3626611658
3630924427
4176118409
4167800488
4163415720
4163432104
4230487736
1948851848
1948848088
1617497128
1621690408
1621699624
1621845016
1676599304
1651421192
1651408907
1916436490
1913160494
1644724846
1644742378
1661487850
1665735402
3855301610
3851041130
4153031034
4287310922
4270399819
3733479755
3737674697
3729318649
3730367145
3730432681
3730420648
3732575672
3749350540
3722091660
3705314444
3696926092
3558514636
3560545868
3559521868
3693805124
3693768388
3693766388
3706537700
2645295844
2661548788
2661356236
2665625164
2665625404
2661383468
2661317932
2662392872
2679170088
2645618985
2632024425
2632024939
2632024938
2623636346
2619443006
2619456831
3156339007
3156338990
3026381118
3026386718
3051550222
3051550222
2808202782
2808120686
2803932206
2737084462
2736035886
2739379486
2739322383
2735189517
2734992956
2735574572
2735574637
2739703791
2705902054
2773010854
2770336166
2772368290
2906061730
2909207442
2942622098
2925582466
2921461890
2921490562
2921490898
2942462449
2909866864
2833451572
2833398292
2833460740
2833262103
2833261366
2846097702
2846441518
2879963194
2879963258
2879968506
2842392730
2838112650
3911854731
3911854744
3911858856
1768623032
1777074312
1772355785
1772105786
1772302378
1773219866
699408394
965746698
427849738
193042714
1266911546
1518573851
2051520841
4194941256
3926492488
3950740040
4025123576
2917835496
2909446888
2905121512
2906170088
2772023020
2770067180
2702952940
2706033004
2710227068
2710231421
2711222655
2711153630
2706960094
2704899838
2704936678
2688159458
2758680562
3832288706
3832295506
4033622098
1886204018
1894654066
1889936450
279328834
279320642
329418818
312580099
316718353
308323121
842048048
1930732064
1661244004
1627688676
1661897380
1645140608
4062075520
4135468688
4142142113
4142141858
4137685218
4271911010
4259344418
4242731090
2095243458
2095244674
2086862466
1008979586
1008943794
1042363043
773862051
639636387
639635695
648033322
648030250
580921386
582019082
582002698
582006794
586259466
585203978
577078218
557482681
538612392
537817768
537273000
537211560
536878056
541067560
813701160
880814104
343943180
1418782732
1420862476
1571914052
1604486084
1587708608
4272075456
4272075376
4276269600
3211900449
2939200034
2939200034
2939201058
2939215394
2938489702
2943338982
2951502318
2884114670
2951232762
2942844058
2943034522
2951357882
2880056763
2880060857
2879985051
2879927434
3152552090
4184355066
4180484122
4180549642
1500128266
1508517898
1504389899
1235761675
195574281
163068680
142099720
136921356
136986892
136970500
136970532
136847652
136851236
136993602
153803590
187358022
174754630
1252559686
1252562262
1252634966
1252700502
1252635110
1269342695
1236836772
1287168428
1282980268
3426322852
3426388372
3577383296
1463482752
1446923136
1445200512
1444942496
1457726112
1453466274
1453466290
1587553202
1604330722
1608524898
1574969378
1574985734
1558290446
1558421514
1491252490
3638738714
3638730299
4188052025
4221869624
3149708824
3149698568
3153703512
3111863016
3106603945
3106538411
3110732778
4184474426
4184674570
4184617226
2037129226
2070750234
2080187418
2146178058
770214923
635997257
669617352
602507656
594132376
589937848
556380344
1630122136
1613730200
1613730200
1614189289
3759583850
3758547498
3770936874
3817204250
2726619658
2730818314
2730810843
2739719416
2773271740
2765018540
2760828844
2764497836
2915562404
2936066996
2920534401
2920478083
2922573251
2922638833
2943379936
2918218080
2851158833
2851225090
2842834434
2851279378
2884710946
2880467490
2880459046
2947858478
2948382778
2948384826
2952526025
2906384776
3979963272
3980073912
3979025336
3978892681
3979149706
1835401386
1839595754
1839595562
1772433418
1806491658
1806478346
1772660746
1772660763
3920144411
3911751945
3895036168
3895166216
3911880968
3978990376
2951385896
2948235560
2948170024
2948115532
2941824204
2803404284
2802487020
2802486957
2735656638
2735132078
2738945198
2768272559
2769313213
2756844188
3841075908
3841075905
3970968306
3974114018
1818242530
1818234098
1818362994
2111967314
1067589698
1050812482
1050828867
1050846465
1050774273
787516273
779135525
1848683045
1865464364
1863353880
3977425480
3977425480
3977417448
3977433832
2773730984
2784021160
2778782648
2778782139
2783050170
2783047098
2774660538
2774782426
2804109786
3878822874
3878822554
3878889146
3810535082
1667240874
1667236267
1675624633
1671430361
1671508041
564208649
564209673
564144139
832579595
832597002
300020746
300122122
283279370
284328218
819107358
1884466702
1901243919
1901243919
1901305351
1934984823
1934918261
1897186021
1896088548
1879323104
1879318688
1883583648
1905661088
1905669296
1404449152
1404182912
1454584705
133235590
123814262
123755814
123758886
90204198
90204198
81799190
82119682
82067458
217038850
216694979
216707216
1307222416
1542100368
1534037904
2053479056
2049022704
1780595248
3928078880
3996166691
3996167970
2922441762
2922407970
2939160610
2939160615
2939553829
2918058292
2913618460
2913585756
2913521660
2913533901
2913529294
2938695118
2938686446
2938817262
2922044142
2859137790
2863397470
2879978013
2879962636
2850598412
2905124364
2905140300
2905143532
2837989540
2838431908
2821589156
2821078452
2825268880
2830311057
2830319282
3115531922
3182569090
2679121282
3736347826
3736346786
3465814162
3466421378
3470779521
1333765252
1295418756
1278641604
1278652421
1277358087
1277218830
1411441710
350283050
1419968299
1437784856
1452460552
1456577032
3327442440
3327434456
3344205560
3310650024
3302277807
3301233326
3318080174
2244932254
2274279814
2241777910
2241262823
2247490789
2222254292
3290753228
3290818956
3576056716
3592581005
3592562590
3596682142
3596616174
3596616170
3605016682
3588252010
3571541306
3572688138
3589512970
3612446474
3612380955
3595601689
3604325656
2528486712
2545265960
2499120488
2490748392
2484456940
2484527021
2483222253
3041055463
3217212119
3214070483
3214141152
2677073888
2674960368
2670770112
3207837635
3207771458
3207769122
3174284322
3178481714
3170031634
3186780162
3186767938
3220316098
3220639395
3204255395
3202879142
3215462055
3181911975
3035372709
3027031175
3022316679
3039077575
4146569285
4129726469
4133920789
4150702389
3827667252
3827618084
3828317996
3828234796
3832420972
3849194220
3874884509
3874888590
4268891534
4268753358
2121269598
4276093230
4288766766
4255343150
4256358942
4256415494
3218119974
3209727270
3208677414
3217340701
3213207836
3213339500
3209166572
3205435068
3206483644
3206417068
3205896868
4250287012
4254277047
4187034759
4187037894
2041585734
2045796366
2037424138
2033229834
1802543114
1811135515
1871943705
1876138264
1863556360
1863564552
1830008584
1829930504
1695712872
3845572200
3778529000
3782004712
3790397400
3857506264
3891118040
3891115929
3891115930
2809115578
2808591274
2808598954
2808271338
2774716922
2774724986
2770493754
3827310894
3828360486
3828424994
3832754482
3841134882
3840999794
3851485554
3851620674
3885117766
3885118279
4153546509
4153609997
4153416473
4157614379
4157892650
4148455530
4081342666
4081863882
4078502090
4082831514
4091163113
4086960616
4086960936
3516604968
3516409356
3520605708
3507043900
3490434349
3490286631
4027092007
4031284309
4056516036
3783885444
3783889548
2714346124
2706089661
2701897390
3037715178
3037137642
2936408810
2936421370
2874550746
2881366234
2881235194
3954972922
4222356633
4188280008
3643023368
3642810377
3643973899
3675431722
3678576938
3665863978
4202732830
4202732878
3129326878
3134045497
3150692152
3150618152
2849672744
2851769896
2842266136
2838006348
2871564748
2871585956
3123211429
3123387559
3123315938
3123578322
3194894018
3199086274
3198893762
3198746323
3215499249
3181944720
2900995712
2892606080
2821237376
2821233312
2821491361
2904869859
2938228194
2921520242
2854480978
2858544179
2867915825
2884856849
3899796483
3897699330
3893505282
3897704230
3906280998
3904637478
3904375334
3902278446
3919059742
3919064334
3919064334
1777888523
1776868619
1776868682
1810480458
4218142682
3949699066
3928595418
3928537562
3928537562
2867576042
2863316458
2880085611
2880085593
2842361357
2838191708
2837974772
2837974756
2905152932
2909412516
3987344548
3836610692
3836086468
3837081668
1708419076
1631906828
1627431948
1660985356
587432248
1661436200
1661305832
1628275625
1611384761
1611325353
1611291561
1615731625
1682774973
1690581900
1690778508
1690446732
1837246348
2109940180
2144412020
2127782228
2119394116
2119263046
1599107670
1498447462
1506900782
1490147630
3654342974
3654350862
3683695626
3669209098
3669393418
3669921851
3131810088
3148395304
3144191528
3089664616
2821233400
2821372648
2821372648
2821365464
2838020809
2871542346
2855813738
2860143466
2868535594
2863390762
2863190058
2863169594
2879950923
2942869704
2905122184
2905189272
2754272168
2754272168
2754271656
2691385832
2691173643
3790078218
3823829770
3799659306
3797557802
3805880891
3804772187
3804759995
3817344443
1636375739
1636506777
1619729545
1686977672
1959017608
1975532680
2009150620
381890812
381903068
382853452
533963532
1599317508
1565698567
2098379270
2085787958
4258437414
3990001942
4015163142
4013064718
2905768462
2905768493
2771870253
2754880109
2889103085
2892762799
2892761519
2892761262
2902407318
3166055558
4239862982
4254473286
3667266566
3667278854
3667799046
1251945734
1253780774
1253647663
1522016300
1538797612
1509454040
2031923352
2031390904
1745129912
1744874904
1744874424
1812048888
1828817432
3842214408
3842162184
3842156088
2701305384
2701297193
2705770027
2714750506
2748108650
2739424766
2739424671
2739631502
2747934606
2781751198
2781822654
3846445990
4009760934
4009760918
4014094466
4023527555
4019348672
4019347520
3925041152
4182795009
4161889795
4161893938
4166082082
4186969634
4186968610
3113226534
3213905966
3214165242
4287912074
4292683915
4286130568
4281932424
4248372904
4247454120
4230676920
4230549704
3698070537
3697552442
1549805626
1289758746
1302554890
3416714506
3416710410
3417294090
3417020218
2344199978
2331543339
2390328121
2675672024
2675680248
2549719784
3085473448
3043527336
2972224488
2703792488
2738600040
2736434536
2735384424
2735666792
2706294504
2714160808
2714029737
2705641129
2705612731
2705612218
2772643230
3888260510
3854705830
3988788454
4232053858
2085818370
2085756930
2087854082
2094146819
1016258371
1033013827
1066506819
1874967363
1874960130
1874900754
1866510902
1862316605
1862308396
1862382120
1845686824
3994219304
3994174760
4000402792
4008987113
4003744250
4020357530
4020369802
4020305802
4024489610
3877696138
3877692042
3877888667
3877823403
3848466859
3856777387
3853598905
3857797257
3849543880
3845382424
3845386024
3777067816
3781188408
2707450392
2707520028
2715897372
2711963156
2745647636
2746667540
2750865921
2750931459
2742927891
2742895474
2810004466
2784559602
2783777202
2767008178
2758553778
2758029478
2758029478
3840226495
3837146271
4105577613
1974609033
2006066313
1456616585
1448154507
1580219898
1310727466
1314916650
1340283178
1290153258
1285891082
1286418446
1219313678
1219215574
1220182166
1220190353
1232774544
1262136720
3728706960
3727131536
3727000240
4130452128
4130382560
4130385632
3864046305
3872430759
3868318630
2798901734
2790514150
2788609302
2805909255
2772354837
2758788388
2762757436
3164894212
3169070085
3157534773
2568235041
2588227619
2596419618
4202846498
4202875169
3665989392
3733357056
3730219521
3728650755
3745416002
3710878178
3710502050
3710454946
3693812898
4235081890
4239276978
4239276675
4239342209
3635751555
3635686019
3639881719
3719310439
3752862821
3752861795
3685753026
3387957442
3369152738
3369210082
3360834786
3356607554
3360924678
3654724870
3686245638
3686047030
3149708589
3149445420
3145238824
3139996456
3140058680
3140171288
3140092521
3140092522
3152675690
3149463850
4223139882
3635945547
3635945481
3371753480
1222160392
1213765576
1209646776
1292610232
1594538632
1577749128
1443531657
1443793291
1985383578
1993838778
2012262826
1977655722
1700831658
3878724074
3878724459
3876827691
3876749865
3877013033
2809562664
2783837720
2779377464
2762570540
3036220268
3025668796
3154971325
3155102637
3158711719
3179682982
3180536982
3180421315
3182551248
3220414672
2608042944
3140719297
3140726339
3140659810
3138628130
2838534438
2838530086
2842926102
2851263502
2952151822
2952098318
2952536810
2868388522
2885158570
2850554282
2833776826
3102212250
3102618826
3102616586
3102632970
3102533642
3110923530
2599281930
2599351050
2595148298
2595963451
2600014377
3665301416
3665299896
3711436968
3697936552
3697948856
3706385544
4243427464
4236022217
4236030315
4097090347
3843531307
3877021229
3877027357
3860303421
3860172348
3859646252
2786055468
2806703468
2773104104
2907309480
2890469304
2890403768
3964156840
3968740268
4254480829
4254539150
4254082190
4287635606
3746619606
3742601294
4245860366
4245856526
2102632986
1821488681
1823514152
1827715608
4013013512
3996302088
3996551448
3996617784
3995960552
3995451897
3995451803
3995452315
4012360635
3882276778
3857121259
3857186795
3852599259
3789617097
3789616072
3781227464
2736907256
2809389417
2775736619
2758964526
2767586614
2767586566
3841728850
3772522594
3772514402
3772711010
3784179794
1704857671
1740520452
1992173828
1992239884
1992124940
1994172936
1985789466
1650230826
1644987946
3813442282
3821634474
3788150186
3788166571
3771407784
3762830776
3762896312
3762958312
3788121704
3788121644
1674126108
1674327309
1934382103
1900580919
1615364101
1615364421
1615430348
1615499932
1615573656
1632215736
3809060843
3792674282
3792586858
3792574682
3792578970
3863621050
3868864426
3887800250
3987212186
4238873994
4238877067
4243136907
3697926602
3693928730
3698106650
3705970986
3718750522
3718681370
2628686394
2297098794
2288771625
2284453688
2558122008
2566490360
2582284456
2594867608
2594867084
2666103436
2666037916
2657915565
2654790635
3191759338
3191218474
3207996730
3174963482
3161327898
3169470731
3165153611
4238932425
4238921609
4255678859
4255678858
4217934010
4214223018
4196851886
3995525350
3996280055
1865573457
1878074576
1844650176
2104635841
2087850434
2020738034
3631285858
3635428902
3652200998
3652200990
3652206094
3384028686
2343839242
2310825738
2310600458
2293778219
2297972523
2288519033
2288730585
2288706041
2297094633
2314842600
2339934680
3396965768
3397042056
3413817992
3359283848
3359169192
3359129256
1211639480
1211638665
1482387865
1557841065
1587197097
2124328089
2127998092
2115274124
2115273613
2115285679
2117378794
4264600106
4147295786
4113759786
3044466474
3035547951
3031419197
3031021828
2628299012
2628315392
2633522944
2558068241
2568619745
2568621731
2681883299
2684013442
3149572482
3149506947
3153639840
3153895328
2876026496
2838277952
2838281216
2837941280
2837875744
2837636129
2837639458
2837594678
2842034695
2850423375
2850832027
3924568746
3924298666
3920107946
3924310202
3924564122
3957589130
3957797066
1811095562
1806770186
1806786602
2075189290
2075447322
2073400328
2039848200
2040379656
2099047368
2098813832
490408840
355076488
355338632
359009419
90374350
123736142
124792870
131080230
110125346
109240610
1182957826
1183223042
1322682626
1339996418
3418339602
3384654705
3384650480
3372067504
3359428256
3627814560
3626831520
3626442400
3630242208
3634366624
1504713888
1538269329
1519394945
1246830787
170946562
170975238
187736126
527474986
535926074
535993611
527604491
489855753
1026727688
1026613192
892389320
892372904
938509736
601916840
597732792
602121625
585278969
585282795
1927516267
1918931002
1916051482
1916182555
1916162077
1931871013
1898320416
1969623584
1956971044
1956971220
1957110405
1420242822
1424427398
1416956334
1412696494
1416636910
1952476634
1977644362
1990520842
1990303754
2128847130
2121376058
2115015466
4262758186
4265903402
4140606762
4136610859
4158581864
4116380904
4099624184
4095397368
3025850360
2698700396
2698764860
2698617372
2740953621
2740818469
2718730021
2718728481
2735505713
2705900016
2697708516
2697642732
2697622269
2697619451
2773433706
2803841066
2786924602
2789161050
2793351306
2934910090
3215932810
4289596826
4256105914
3165402522
3169072538
3156488634
3156308458
3106074922
3152273690
3147882762
3147883274
3152340494
2608197182
3145580077
3111885356
3111815980
3103426844
3102379788
2850790940
2885199452
2860033748
3128472564
3124347109
3124314343
3124303074
3124442210
3124370546
3128559890
3148483330
3148499458
3215579713
3181963968
3181948544
3169365888
3160974720
3156784272
3156800672
3156794529
2888748195
2888190179
3961677938
3975375186
3971034434
3903991106
3924965186
4180805186
4180739698
4214232610
3153079842
3148885542
3146787102
2609916942
2576624650
2308713482
2310810634
2310544650
2313702683
2305314619
2305380219
2338938235
2338946427
2338946395
2338946395
2313778523
2313778523
2313778555
2313770363
2305508731
2305381721
2305389913
2305422713
2305416569
2305555833
2305555833
2305553753
2305421657
2305422168
2313810776
2297033560
3370775416
3370906488
3387618168
3454730104
3446300536
3307884408
3342454088
3241723209
1094242635
1094242635
1105850699
1101656441
1101656568
1105982968
1093402040
1093369241
1093294475
1160468874
1143594394
1156117946
1170010554
1168503226
1202123194
1336078778
1331863850
1327604010
1311023402
3462767914
3471157562
3467491610
3400268058
3404397835
3395995401
3395994376
3412754953
3387589129
3387594267
3370827579
3362437435
3630865467
3630924827
3093856459
3093856409
2838007976
2838016168
2871763880
2871698088
2871718568
2905264808
2905228008
3832106536
3840432936
3840469288
3840469304
3765037336
3765162248
3815489800
3795567368
3793404728
3792400936
3792175721
3796373099
3796437994
3821607402
3821615594
3817438682
3817438667
3783808457
1636356424
1636356936
1640591992
1628009080
1628004984
1628009048
1628132728
1632263272
1636554856
1636563048
1619638344
1620620616
1616696136
1681707720
1681740440
3829297832
3829299112
4022239144
2931719832
2930146952
2929784456
2933978776
2933977832
2933977704
2950751080
2918246248
2918245865
2901452267
2901509610
2917369322
2917303774
2950860126
2925694238
2921439038
2921376062
2921392446
2938203451
2938256696
2872182120
2876377064
2845968312
2845906874
2846111162
2846102714
3115062522
2561414266
2561154106
2292791322
2292918282
2292787210
2296981514
2313893898
2347390986
2330647562
2330629450
2330558794
2330493306
2330497387
2322109803
2338897259
2338963433
2305415869
2301352637
2305448620
2305433260
2313828013
2313761709
2313687485
2305298617
2288791673
2288857097
3363646477
3372034061
3372034077
3363661855
3363526927
3376039178
3391799562
3395993866
3404382539
3400192345
3416843112
3387484008
3362320232
3358120808
3358313288
3358219080
3358218575
3375005006
3375034702
3387617606
3383415110
3383411058
3383349603
3383350113
3383358304
3370705504
3358123616
3358127968
1210734400
1227519808
1227498817
1265247555
1273705811
1256789107
1256731763
1256748151
1265137015
1265137021
1265202525
1248425305
1248425337
1248351609
1248351609
1248383353
174649721
191427960
157873528
157873528
141088120
141153656
141284696
137090392
137024840
137023945
157995465
258642313
124426137
48928664
48994232
48863144
65583020
32028092
15316412
2863532
2859500
2732516
19894645
20292471
57968422
63997794
64194546
59962818
59964866
63044850
46165219
130247795
122826049
122825985
124985105
1198526241
1297119015
1305503591
1301341559
1300344279
1300344215
1300348339
1304542643
1304665491
1297259921
1297266097
1297343713
1295119585
1295021171
119747859
119682307
123869010
98766706
99704690
99646834
80805234
80805170
80985362
91404034
91403010
1433572098
1433637649
1441829168
1439733028
1464900644
1460901940
1392941140
1392957636
3540404356
3524136068
3546156468
3554543269
3550418599
3550294694
3550225110
3516670486
3516674598
3522967334
3506189350
3229430822
1348301842
1348232194
1364849923
1363920129
1363922256
1363795440
1431292400
1431239120
1431218624
1431154128
1967959441
1967437233
1967495089
1707186084
3888224164
