4256801559
4256936711
4126847751
4114256663
4114532118
4148053874
4145940450
4129230310
4133227622
4141091942
4136975446
4154420423
4053757381
4053786316
4053649116
4053325564
4124635900
3611849468
3607908973
4145828653
4112339237
3042606117
3050989604
2509961236
3617192964
3587757060
3579461636
3562696773
3562676686
3571057326
3570992814
3570928302
3570928302
3508276158
3507228558
3511580046
3519997837
3549422488
3550339836
3554472685
3277648621
3244094319
3239899943
3227305254
3227305271
3227376919
1079962705
1365174400
1394535552
3527343232
3531228544
3531228033
3538567827
3538539186
3546833650
3513279014
3513279014
3496501806
2426955054
2426950699
2427049000
2427057208
2448030744
2540292168
2520418760
2520431496
3598363545
3594104235
3594032554
3610821050
3577528794
3560260442
3560329786
3563205182
2497847854
2511415078
2545100070
2662552918
2660259030
2664486134
2681263350
2647781590
2647847375
2648109391
2641744255
2507424047
2486457721
2486646137
3291888985
3291888985
3296146777
3319211272
3352649992
1200910600
1205129481
1431680281
1431745597
1410774047
1410761743
1410826253
1410699341
1410846797
1410744541
1360396541
1359414701
1363484333
1406499565
1402067695
1385298638
1387308750
1391501902
1378915166
1915785566
1913893758
1914086254
1917952870
1925501798
1921368431
1942372477
4148572280
4111934584
4097255672
4097186296
4100332280
4104538777
4104407689
4104451723
4105499275
4109681307
4126589674
4126597994
4126499690
4159971630
4151582766
4151582767
4084682779
4048961545
4048962569
4032220185
3503749401
3522624265
3623221769
3612663627
3595880411
3595884026
3613381098
3621704170
4122923370
4106154362
3573408638
3573343086
3562922862
3579835766
3579696631
4150117591
4150117621
4133343461
4133413348
4133413364
4133409108
4133418244
4152354052
4085087508
1903982884
1887263013
1887262767
1887394847
1887392846
1881100622
1897877982
1900925798
4056740454
4052537958
4052530807
4056723159
4047813365
2974079733
3007826677
3074875125
3066456021
3066454997
2529571157
2530693427
2547274019
2549408803
3052926003
3036085251
2488719619
2488768963
3042417537
3042376577
3071790721
3071592081
3071595171
3075859107
3075892131
3050525090
3052425570
3052692530
3051643923
3043255315
3076809745
3076810021
3077461797
3085879093
4160669525
4158510917
4124964677
4116575557
4150126069
4145931517
4145902845
4145831103
4145879231
4116060574
4124467086
4105588366
4105586382
4105458270
3572769343
3573293631
2507940655
2491229039
3565106031
3573092863
3573092831
3570991583
3570995679
3589828733
3589824569
1400463641
1399529737
1395537737
1395531721
1395592889
321718201
288101787
291767435
283395274
283427866
283442202
300199226
316976442
317056314
48680986
49168459
49152217
40767740
20852972
4071852
1975284
8274644
16631541
12359415
66365415
39101670
34903286
35095750
35030214
20370822
3288710
6483599
350420639
346135231
1420861167
1605414511
1588635455
1587585086
1591779374
2120265774
2048962606
2048962606
4213568830
4184241726
4176877094
4172677671
3633582965
3637780784
3629391924
3625197620
3624149012
1489380629
1220946519
3364227654
3364227782
3369933510
3386669766
3405567686
2331558606
2327413454
2326365022
2326307694
2331551022
2331569454
2323441966
2323478830
2331385118
2348160798
2314208046
2295337855
2295346175
2295345581
2295338413
2295340461
2294286781
2302679503
2302748942
2336438558
2337414446
2337432878
2345853230
2295374614
2295370567
2295366597
2285929348
2285998508
2353247660
2349054380
2365765772
2383599756
2383599756
2383837324
2383817132
2396401069
2396792314
2396791050
2388406538
2369728794
3430834462
3438699294
3434533407
3434992248
3434934952
3439125160
3424419496
1276922552
1277057976
1279159784
1546314824
1546317833
1567342603
1567261707
2137691147
2137701401
2145955115
1869130537
3949510185
3949500025
3946550987
3946492554
3946463914
1866400426
1765016238
1765020078
1819291886
1827741738
1823617051
1016216585
1016211467
478161166
494988062
494975754
398506442
1472234890
1448116618
1448247691
1388483487
1388483245
3535852197
3552891877
3552867301
3553059175
3554107687
3621086502
3545724214
3546207495
3542009615
3540895501
3574387997
3578592572
3613244780
3613244524
3613244509
3596465485
3596060509
4149643005
4283876061
3747541965
3747538381
3715982573
3715916973
2642177197
2640141501
2489174013
3034433279
3030247167
2493375071
2493375039
2493313837
2505888557
2537079612
3057309468
3057311580
3074087740
3220871532
2948438125
2913769821
2950995213
2939453963
2939191835
2937225790
2937233966
2941362990
2941289766
2874199078
2836450342
2870070582
2870140694
2836589078
2941446710
2943634215
2943634935
2808351959
2791638199
2934322359
2934322335
2813799582
2780249278
2767068574
2758679958
2758483862
2767927198
3856213646
3889702798
3889964487
4154205671
4120716389
4258999349
4244319493
3698998533
3698986757
3724152644
3753514868
3753457141
3757584885
3757584597
3447263703
3430830547
1551791426
1291747138
1560207186
1559551346
1551166835
1597303825
1580622849
1580613632
506937424
504713588
1582658404
1582425060
1606543076
1572990684
1489099484
1489017852
1489022716
1506078332
1539700317
1514599263
1515647806
1515647278
2052436006
4200443942
4200444950
4182619142
4165838086
4165973326
3628520782
3695626078
2630211438
3162895983
3164067565
3180711532
3184544380
3218135676
2672876412
2654001516
2654199132
2652033356
2518049612
2522247757
2547151599
2543014830
2544915366
3048265134
3052461486
3027290302
3027425438
3027433678
3044207694
3044140046
3077623870
3072380959
3072516111
3039978525
3178425469
3170360676
3168127460
3163938788
3184875476
4250170308
4279525828
4262944964
4262928621
4262932975
4266868207
4291967967
4291979982
4254296782
4254169806
4254162894
4258318334
4115976622
4118049190
4118110646
4099301782
4099339158
4107794103
4107597543
4107597687
4059103063
4051033943
4083515223
4083515381
4083488437
4083618453
4050006669
4050072221
4059369901
3504607405
3504604271
1357125662
1356883982
1365305358
1398860046
1122490638
1122419975
1122418693
1122422852
1114034388
1110364308
1093587076
1144964564
1147637621
1424263717
1420077607
1424796198
1424797238
3614418454
3597596422
3597649686
3598566694
3614762342
3614826870
3581407478
3579236854
4116157814
4258633014
4157914422
4141137206
4141136919
4133338117
4129203205
4148088900
4114530516
4114498020
4101915620
4110239460
4106045156
4103943764
4124321348
4115949125
4116018773
4116010869
4107622263
4107565031
4103372775
4124368375
4124433879
3611817415
3607623111
4149732806
4149736918
4160669670
3086993382
3053313766
3053321943
3028149959
3028116167
3027595991
3027530727
3027530215
3044307431
3052762351
3086440703
3086473311
3086481503
3069704525
3070230349
3070096205
3060592925
3060584748
3060584492
3077427244
3043841132
3022943700
3023990469
3027664581
4099299015
4107564758
4107593462
4099001718
4099132470
4101102646
4118080566
4160021559
4159037445
4150718469
4147527685
4282254359
4248702055
4246677990
4250872806
4288634598
4137502398
4137468575
4137480844
3063734668
3059540412
3072127148
3040789924
3024024996
3022979044
3035586533
3034873685
3051646469
3043354117
3043415573
3085353495
3085169207
3047219750
3051417894
3084964902
3076572198
3073819654
3073831942
3073828103
3073824279
4118148647
4118079015
4118673175
4124952391
4116563399
4149566935
3070582166
3070655894
3074911663
3084221871
3080017151
3080012957
3084210333
3084153245
3050594749
3050660845
3168232431
3170334702
3169869806
3161513854
3156277582
3156732238
4247170382
4251319647
4251243869
4252356957
4252365149
4248297855
4248298799
4252464446
4252325174
3179246902
3187566390
3187570486
3187627799
3053246213
3053246213
3053319540
3053320036
3053279076
3042788317
2539602909
2501777375
3575584127
3713867135
3715906815
3707518207
3707600383
3724541405
3722433997
3755987269
3747074373
3747078421
3746947125
3746952228
3679741028
3675548788
4216810868
4215692644
4215721852
4224173852
4207200028
4208259869
4208238911
4208238974
4275347822
2681598446
2672154606
2638726830
2617691830
2622414486
3176070855
3210739653
3219117508
3204306036
3070096500
3061706869
3074289749
4114609237
4097758295
4097766743
4236140406
4236205678
4236072574
4252776062
4286330486
4286411646
4294725918
4294725662
4292670494
4292733983
4292865311
4292868895
4291811967
4283424383
4249220695
4244927063
4233614174
3159802198
3168190966
3168261606
3167022582
3183799798
4257508854
4291065079
3754250343
3712372853
3713470549
3696693585
3696645489
3562436593
3570851793
3587563473
3595894212
3595038084
3590774212
3730228676
3730233204
3739080548
3741087525
3741083439
2667345182
2684253502
2650789230
2625492974
3160917982
3160852430
3170366159
3168069277
3168069541
3159680935
3155556326
3155674598
3021424118
3021435222
3027657046
4126568502
4155900982
4154919959
3622111317
3613681909
3613682149
3609722357
3715549060
4250850181
4284326853
4284261173
4269646117
4269712433
4264473601
4264270849
4264549681
4268743973
4269661477
4269657381
4284317029
4284314997
4250883543
4250866119
4234088855
4234090407
4235665062
4244053670
4241955478
4237770370
4287965062
4287898054
3738181910
3731894326
3731910702
3747638574
3572722991
3572922893
3707133453
3570912780
3570714116
3562861076
3562861108
3562861348
3562927396
3579827508
3613314117
3613314375
3613314503
3613318646
3613251046
3613259238
2539508214
2548027862
2548027862
2684215798
2684217334
2684221302
2684213095
3212637541
3078419829
3078384988
3074260348
4148055404
4151709164
4151709181
4151785413
4118243207
4126634887
3570488215
3570430967
3570426870
3570528630
3570782263
3589588007
3589663799
3623332119
3085347077
3069090564
3077541396
3077408276
3040727636
3040735940
3044963012
3028169653
3053392039
3053192358
3053192422
3053210854
3052297286
3052332358
3052267270
4151111175
4151176759
4152284951
3594503495
4131214678
4131222902
4131328375
4068348279
4076736997
4089385445
4089206197
4093441437
4082494861
4044810637
4044810373
4044815493
4048930007
1903476863
1902432319
1885626399
4100219167
4100334127
4109250095
3568179758
3568126510
3568065070
3589046030
3748527878
2641286470
3723481415
3722826087
3757434213
3738555749
3729839477
3595592021
3595792709
3595727189
3595718901
3612430821
2505111013
2622877181
2631400909
2630328141
2492833359
4124352079
4150115950
3074287214
3073890030
3073820638
3078084094
3044405502
3050688766
3042309246
3042440287
3042438487
3042438517
3075993429
3084384213
3084375765
3076507541
3078571925
3044890039
3028104679
3027574246
3026652662
3160741238
3160483094
3160499990
4259407638
4292993303
4271956279
4273008695
4275081237
4275098677
3729847349
3725616149
3744689429
3711319413
3694534629
4235595765
4244572039
3703506575
3703387871
3569186527
3590092511
3590087263
3615285823
3615351359
3615289901
4118599469
4118603581
4118670717
4116691293
4116617439
4112420047
4111977935
4116039118
4149593038
4149724158
4160123886
4160185318
4126630374
4126635510
4109721047
4109725143
4118146503
3614958935
3614954807
3598176567
3598143767
3598012695
3614732597
3623118119
3589766447
3589692719
3572944255
2513817055
2513829839
2538909647
3075778271
3075843711
3059065471
3059069567
3077948287
3077948271
3040330095
3040301407
3040310623
3042274415
3050663407
3051183599
3080146399
3046465487
3050698447
2513827551
2505373663
3562337767
3562394727
3558331491
3558233091
3577115649
3611190529
3598612241
3598604081
3607024913
3607090433
3741185041
3730632737
3613193315
3579422163
3571383751
3571371399
4099919287
4116512167
4116508071
4150257063
4149724599
4116038615
4115985270
4040553334
4034360118
4034352950
2960610902
2960998006
4034740198
4043120615
4110228983
4110226901
4110251461
3573510469
3589206340
2506608916
2540173092
2540043572
2541025588
2541025589
2522151717
2530602869
2530666311
2531152839
2529116647
2533212583
2533150886
2549403815
3044389111
3044520407
3027674053
3027673669
3040323095
3040189998
3073755694
3072838206
3072817694
3207020062
3173258782
3177460603
3160682873
3169124473
4256628857
4290188409
4273810457
4271729689
4271664155
3739020299
1583146251
1578824011
1578783563
1578779103
1560949213
1548431613
483066972
483067932
483068172
415959325
417208605
417216781
434076933
467419399
986497087
986505519
977592807
977592743
977592743
977580455
977580967
994358191
2042991293
2089260701
2089270941
1552399036
1556527781
1549270005
3560299285
3576028421
3613839623
1449545991
1457930518
1457934390
1474785318
1442214946
1425165618
3564359026
3564162418
3557883218
1410592518
1427300102
3612538630
3614699026
3606576658
3606562611
3623212835
3621122339
3621114149
3621245237
3621115252
3621025124
3612635109
3611582437
4115128229
4232503207
4232241078
4233350610
4249918674
4283477074
4266697778
4266779666
4266778642
4266909714
4275200051
4294341729
4285926513
4252437969
4252372433
4241641425
4258486261
4258395125
4258329557
4249936861
4249936636
4248954476
4249009772
4114784044
4115761452
4115957820
4115963149
4149720329
4149666571
4149670411
4149625371
4150149419
4118742313
4118549545
4118559849
4101778652
4099878349
4108203741
3571386069
3570157269
3570202327
3588024023
3604932551
3596543943
3596538307
3604988371
3606954467
3606859878
3615252582
3573310574
3571278974
3571449214
3571375454
3563048271
3562919711
3562821390
3562817310
3579631406
3722209071
3755962175
3730714383
3730734351
3730724175
3732915711
2665202159
2665006063
2663961055
2680721851
3754467819
2672338411
2672404973
2639968637
2642057565
2642058573
2675606855
2671432007
3745206727
3745206742
3745198582
3745133030
4261287398
4257155046
4257159127
3703406535
3707563973
3705466837
3697061877
4246515557
4284458357
4284395797
4143874309
4160717125
4152348757
4118802789
4248663397
4248075749
4279516655
4279713135
4267056511
4275508487
4277482503
4294276375
4256691478
4239906326
4237817350
4241876486
4233471511
4229813811
4229941105
3156203505
3160266737
3168270321
3180852657
3218593203
3201680787
3193226675
3189036519
3191141605
3195397236
3195527236
3212178436
3212170548
3174522148
3157679924
3161870197
3170312183
3170123766
3182700438
3183293334
3183285174
2516390822
2516325286
2516398518
3590140374
3590136262
3573294279
3573296341
3563940981
3564035316
3564031444
3580806597
3597571909
3597571847
3597567751
3597502246
3596936742
3596935718
3613778471
3581399823
3589784349
3587559725
2515858733
2507468077
3044407613
3044530525
4118208335
4118271823
4118139871
4115943935
4027920831
4028052927
4032763327
4032642479
4057804206
4057804206
4091363230
4074600398
3537696206
3539792222
3539267903
3556046143
3554997535
3521639710
2447815990
2440492326
2440492838
2474112822
2457335582
3539425039
3539427149
4076150236
4067690940
4048817580
4027850156
4027986360
1880502680
1884770712
1893487608
1895617528
1904007000
1937570056
1933359384
1936701752
4088314152
4088314648
4054756872
4042232332
4033643020
4029993501
4030001711
4046742118
4061426278
4065615974
2991878183
3000063031
3012744199
4053199879
4057393223
4040607942
4032743878
2975779254
3042888110
3050818990
3050698174
4126466270
4101300431
4101300319
4097105967
4097164589
4118138149
4117888289
4117888033
4117888048
4111596544
4111594496
4111656272
4149397472
4158047952
4139175552
3069595265
3018673809
3010214563
3011260067
4083953315
4084016786
4092405634
3551273346
3551273138
3551277286
3521909222
3496821110
3496990470
3496931086
3496982798
1357748495
1357756437
3522017333
3547315236
3531469860
3598565412
3592376629
3598603125
3598611413
3615384287
3581833935
3563998927
3572453341
3572321277
3572293609
3572297707
3589072731
3580675931
3581724539
3581801963
3581797882
3565020635
3564631515
3581333983
3581399549
3614962173
3612729853
3604341221
3537237477
3537360373
3537294807
3531003335
3531076055
3543658967
3510096375
3493283191
3564586359
4109717335
4109663095
1962158975
1962684223
1962747711
1975464231
2009010215
2143031335
2147225661
2101108749
2101142541
2101210412
2098638380
2135342620
2126941773
1992787661
1994163853
1983678379
4131164075
4129984410
4150984650
4159371258
4156220910
4156089839
4160283901
4152156365
4148097228
4146000380
4280283492
4280152357
4284477735
4284313910
4150223126
4112459030
4116591926
4101900086
4110290646
1956581015
1956601477
1977375621
4123848085
4115459221
4149187767
4149183670
4081881590
4082938710
4082479958
4080530262
4147439462
4147406182
2808366439
2816886125
2784367101
3048616796
3031790428
3031724572
3035919132
3033818396
4099173660
4095048732
4097801245
4101930269
4118705503
4127147983
4059907022
4059874014
4057778158
4057987070
2975854558
3009408463
2988309855
3054894447
3059083117
3061310333
3069629260
3061793612
3078444029
3044828141
3036492271
3036612071
3036546518
2499618270
2515805694
2507418862
3579256062
3587591630
3587595726
3587565006
3572818894
3572818911
3587691005
3562390893
3562327341
3558140197
3558205749
3560372501
1417075989
1417138449
1417662737
1417597265
1417564609
1417564609
1415406001
1465704865
1457481121
3604897169
3606465923
3606530498
1458920402
1458858850
1457809958
1457811062
1457809399
1458397653
1458401749
1584353748
1563312596
1546536276
1546538769
1550798643
1558740258
1558735910
1558735910
1499997222
1501260823
1482320967
1490739157
1485491893
1485364901
1486397173
1507373011
1540924882
1534768594
1517983090
1585180770
1583083618
3730568546
3730527570
3747306822
3755663190
3621453655
3617248853
3619309124
3589849668
3589861980
3573084924
3573151724
3495721964
3491514861
3491514863
3508455871
3541499791
3612795853
3598046156
3614819276
3614831612
3579175788
3570460460
3570525740
3570593343
3572688446
2499008062
2624640814
2641421614
2641425726
2673005918
2681396558
2673006926
2673068495
2672950751
2681271678
2683359615
2683617647
2682765677
2658591101
2658558461
2654167549
2670818797
2668754093
2673081517
3712347359
3586452679
3561286855
3562339831
3562471399
3565092597
3615377109
2456438481
2456474432
2456474433
2456470337
2481701459
2444096370
2427250546
2431448422
2423051366
2422555750
2489799767
2506519637
2507629908
3547686748
3547690716
3514136284
3522557660
3523082237
4059944367
4116575471
4152145134
4152201342
4135555102
4135563527
4148158727
3611292951
4113552695
4113552679
4117718310
4117652790
4126032214
4126032774
4126098310
4125999750
1953879702
1953888950
1970662054
4160023015
4143245543
4142984397
4134781005
4130554060
1983320269
1915105533
1919296493
1927688943
1924597423
1924404911
1941188319
1371287247
1358786511
1349508943
1349502287
1349502295
1349484855
3513749815
4050498599
4051481911
4034706743
4034697493
4034890709
4034846421
4034852501
4110414517
3035952037
3035951527
3052728807
3052720487
3044372853
4150748437
4150600965
4150535453
4150607165
4150664573
4117106045
4125495261
4125581277
3588519901
3623121868
3614761804
3614761800
3614896409
3581336893
3564624175
3571960110
3571898686
3571973398
3571766550
2548351350
2523251158
2519122902
2520175510
2520146870
2524407714
2524411827
2541057431
2514249111
2497471957
2499666293
2495082805
3030774068
4108645684
3580163365
3609525541
3610635541
4147637509
4111986439
4095104855
4095168501
4099362293
4099366389
4107787476
4124562628
4124571076
4158124484
4149736276
4149605220
4149532517
4149539621
4149535013
4149502231
4149571862
4116074806
4116075822
4124499246
4124429615
4124433759
4149542223
4145311055
4149569359
4116072399
4124461039
4105569775
4239660527
4243863023
3186913742
2641785806
3715552199
3715625943
4252366327
4250183031
4250182967
4258636831
4258767887
4292343055
4283946303
4269266287
4262810991
4262806511
4262811631
4267014141
4149569501
3084353501
3084312524
3046559692
3050753868
3052787548
3052728924
3044336237
3042206319
3042271850
3042383614
2488737774
2490699246
2499087598
2499106014
2492817614
2492850383
2497179853
2497107165
2505496061
2507659261
2508060669
2503997149
2537518813
2537510909
3611116909
3597933935
3530828911
3539217791
3539283423
3539350991
3556131279
3556131287
3522675191
3522478581
3522490869
3514082644
3547639572
3548229428
4085095732
4064120116
2994576757
3011362685
3019880191
2986006254
3791308462
3782832830
3778553774
3778553262
3777508526
3811259630
3815384286
3790283854
3786089807
1638487311
1890404111
1890373389
1895620365
1904009037
1903689565
1903689053
1903613311
4051096959
4051162239
4051035191
4051035191
4051153943
4084636679
4084644887
4143361303
3069685527
3069638167
3086407191
3052913207
3027583527
3023323686
3021231718
3021219686
3159631222
3168101623
3080672471
3080602821
3068085701
2531096005
2522637813
3592218087
3608503783
3612767351
3612755030
3621143638
4158117079
4157994199
4116182213
4116110797
4116631519
4150255599
4116510703
4116506094
4116506078
4116538846
4116181503
4124570095
4124569965
4124406653
4115952477
4115953437
4095082303
4095138599
4032223542
4040547654
4057259342
4091335886
4074750159
4074684823
4066301365
4085175733
4051522996
4050937764
4042548900
4042613492
4042740436
4050981596
4050941684
4147406692
4150652196
4150787381
4159036679
4158979335
4126463238
4126528790
4126667070
4118274350
4116116782
3075923254
3078016278
3078573847
3070057781
2524734837
2675761493
2673726293
3219117013
3185497077
4258714581
4250261493
4115980279
4118085607
4114083815
4114018247
4114007495
4114073047
4118140263
4101305701
4101301557
4101369111
4101438742
4118201398
4160208950
4141203510
4141170710
4141175126
4140130806
4148651494
4098355175
4106681255
4106738582
4107664774
4124173702
4157862343
4141072855
4134650215
4134596973
4134597997
4134660077
4134791148
4157863900
4124170189
4115715533
4114932989
4114932861
4111856765
4116108575
4116108607
4059452735
4126627135
4126627163
4160051035
4149547899
4115927659
1968452331
1616196347
1616209627
1616213977
1641404377
1674960793
1658166681
1649718488
1645518920
1628479496
1611825161
1613942825
1612898601
1617094189
1684207151
1684194847
1684260367
1819395599
1819385607
1836290007
1869848023
1852939735
1850840533
3994138069
3994137045
3996234237
3996234733
3996251119
4000445294
4000445806
4000445806
4000439662
4000439406
3999325294
4007779454
4007918975
4025677661
3983734476
3983730380
3979470588
3983603436
3982542828
3990932968
3990936697
3991010393
3965938779
3965873275
3965877627
3982654843
3982704123
3881900443
3873520571
3874569146
3874569146
3874570138
1724983194
1720787354
1719738522
1720725690
1857097818
1872892939
1843536907
744565771
744963337
744889913
686710329
682249785
683269659
699985690
735636746
723057738
722201818
722140346
1801115050
1792693690
1805207483
2073613209
2040067001
2027807676
2026759100
4173719228
4240570012
4236500668
4253211309
3753990893
3738192615
3729877783
3729940231
1582438151
1450381574
1450250502
1446056247
1450382375
1450329139
376622083
401786883
536054019
493980931
493993299
473150786
339183058
875005426
1948747234
1948753378
1680326114
1680325107
1680325107
1681369459
1698146609
1731586337
1735785504
1735711776
1635054624
1614079269
1614083885
1616367213
3763850991
3772108527
3788824254
3822386910
3813998286
3813994190
3876974334
3877043950
2807484266
2776069994
2776442362
2909742586
2909091290
3991215546
3991211450
3991341498
3921090970
3918870666
3918801099
3900976331
3917554761
3917734217
3951141193
3951076169
3930105673
3925917565
3925908845
3942882797
3913463277
3909530061
3892769229
3976655069
3977663725
3960888551
3965126887
3973515495
3971419383
3971372487
3837163463
3841348293
3857076933
3882349253
3882350293
3873822692
3874807140
3874813284
3874808956
3866419272
3866353928
3878867272
3845310297
3849506793
3832667113
3840997865
3840989675
3832597883
3845149515
3978392139
3978523163
3982717482
3982586410
3990909738
4025509178
3958401306
3956402458
3956538138
3956398858
3946872586
3943720714
3943788810
3948036394
3956687146
3935785258
3936182586
3952960314
3952960283
3906742027
3898354443
3894377291
3961412443
3965110779
4023896537
4004826317
4004823244
4008939724
4269207756
2117525700
2115395796
2132173281
4279710178
4250211170
4258533986
4240189026
4240385606
4240342982
4240400326
4244623303
4108967557
3563708052
3573108404
4109977268
4126685092
4059572140
4051182508
4084806573
4085126591
3548321199
3556578726
1409037494
1409033350
1400643726
1367204302
1375121670
1374062358
1906675511
1889844005
1894033701
1902422053
1965472821
1999025159
1998749767
1999749334
1997586662
1964242402
1699999074
1842474338
3985960290
4290096467
4273382657
4278105345
4269704449
4265592065
4264424225
4264425249
4264547873
4117743143
4100902423
4109258501
4235091781
4235157317
4236199761
4236080929
4235994913
4235474737
4244058897
4110299409
4106092881
4106043767
4159455703
4143801799
4143967686
4143971238
4143770542
4141672878
4267507166
4128541770
4128605194
4128613402
4128759838
4135514142
4135481407
4160647213
4261351468
4235989100
4231864797
4231934925
4236140189
4244556463
4240231087
4106025662
4122782351
3053227917
3086911373
3078530764
3078005340
3078087212
3077890596
3077857829
3220529701
3220662071
3215283494
3219393830
3212053862
2654277078
3726052678
3725999190
3729734675
1590508563
1590651921
2060446721
2061478912
2061476864
2052764688
2121962496
4280976384
4230645056
4230710992
4230565601
3089709794
3089705698
3093834338
2829855334
2829846822
2829846582
2880986134
3132681221
3130567748
3122183620
2585312964
2585308868
2584309380
2601134772
2601135079
2613979366
2576287846
2559903782
2562066486
2292582406
2292329478
2292198406
2296397078
2289065750
2301660998
2299566031
2298519948
3405881740
3678511496
3644957852
3695291540
3695295668
3691232436
4228095396
4228030180
4228038372
4279430756
4128435749
4132851222
4141174022
4141730822
4141872198
4141868231
4116182215
4099405215
4098814367
4098880447
3830305711
3846984111
3863241135
3863224554
3864863978
3873316075
3890105851
3858124233
3858063177
4125155081
4116763929
1969279257
1969352989
1970463517
1970430749
1970430549
4111618773
4111681509
4115744229
4124138989
4120075733
4120006596
3568783172
3572784901
3697291047
3697291046
3697288482
3647026466
3689092130
3672245298
3673560066
3673568258
3401462018
3401577218
3686572578
3684213282
2610471653
2610471612
2593694620
2606274492
2602143660
2669579176
2671676328
2669595048
3205949848
3742788809
3612681291
3612815438
3579187294
3587657855
3587658095
3566556527
3587505534
3587489222
3587685830
4158031303
4149642711
4151674343
3178534885
3178735477
4248298868
4248166708
4281626932
4281628468
4265027372
4269159980
4273145453
4270917245
4287657935
4237387727
4241718735
4233285071
4233350367
4099005679
4098942191
4157924607
4141117647
4132729038
4149567998
4149633518
4126560750
4109780990
4110253791
4109659743
4125425279
4117024381
4150578781
4133803853
4133812047
4135036255
4160205181
4160139645
4118196575
4113994079
4114075991
4113953143
4113933671
3849839973
3849781109
2809659349
2809528277
2805264340
2809657332
2809549812
2817999844
3052733429
3035959799
3035964918
3035966822
3026992166
3027048742
3035580694
3052297478
4126106886
4159562502
4160614662
4152119671
4150079863
4145885693
4145886573
4116649325
4125054253
4124925244
4124962569
4107775753
4107778569
3855976985
3881078329
3864307513
3860116233
3860104025
3860300409
2786509549
2805363437
2805359341
2809608173
2817852917
2801010039
2797352055
3216974935
3183355078
3169723590
4243469766
4236187078
4235662806
4243922342
4241767911
4241767909
4258557173
4259081429
4284343493
4284474565
4284347895
4275889638
4275627494
4284085622
4284076886
4279857942
4248662839
4118688615
4127069173
4122871285
4122938805
4122761653
4158409127
4133345431
4068473999
4068455821
4064146829
3542930381
1361957452
1344684620
1344684572
1348875812
1357199141
1369707815
1403264310
1386495038
1458316318
1466855438
1467928846
1434370126
1952420063
1960818173
1960816125
1692253693
1692186488
1700574008
3876881208
3876881176
3876950841
3843555113
3843484457
3856063273
3851864363
2780122443
2817859787
2805211274
2805731466
2805793194
2776500138
2897873578
2897873594
2897951375
3048763087
3047745097
3081282328
3068703257
3060576793
3060573035
3056444783
3191845998
3191721070
3212299358
3176586318
2908138766
2893462815
2893450527
2889325581
2888154141
2905977917
2905978157
2910320429
2941777469
2937550367
2903995926
2903981622
2887073638
2891191782
2900100262
2895975603
3164278961
3164278961
3166377104
2629514688
2628464576
2674609664
2519391744
2523594240
2531982848
3601448512
3601379047
3605589670
3598253742
2537148078
2470102462
3527070910
3531337982
4068335710
4085109774
4085224462
4085232919
4085231397
4085235237
3816660533
3814166077
3881295389
3876970245
1695883015
1679234839
1813188902
1813188902
1813188902
1758671150
1754476590
1754354719
1753274381
1753262348
1753262604
4165122636
4177968844
4211585743
4194685582
3121037982
3125220078
3133473002
3129279722
3197437162
3197443258
2660510906
2660592778
2681695369
3713522824
3709308296
3709242776
4248221096
4248282600
4246970664
4251168824
3982725400
3848319288
3848581432
3844400697
3827691049
3827710700
3828746924
4095150780
4116519820
4082907276
4066122908
4070375612
4069916924
3535159372
3551318028
3500974110
3500974382
3501042990
3496773926
3492579622
3492649270
3492739334
3492740934
3559839558
3564061526
4151275863
3605946839
3605931462
3605933510
3606919639
3598457319
3597933485
3597938605
2540971997
2549445323
2511590222
2243023646
3316704046
3304384294
3304386338
3304453922
3304510738
3305035026
3295659043
3290993761
3559556289
3576333505
3542782144
3526267328
1378845120
1383433184
3530864608
4084526949
4048874469
4032096749
4032227837
4032220061
4057452429
4090973837
4084663951
4083495631
4066649070
4083426286
4091879918
4091621614
4053803246
1906336958
1939924383
1940972940
1934680972
1930740684
1930740188
1899282751
1898255402
1898391594
1952852010
1961240618
1973827898
2107772171
2107835656
1571840264
1576071448
1496367400
1496351528
1496552236
2098373180
2098438749
2097198846
2101384862
2134941342
2135006878
2118303390
2114108863
1979890863
1984355517
2002177229
1970719941
1953944597
1953882149
1948639267
4096094258
4096090386
4117160482
4160149026
4139173378
4139179587
4139245121
4139570768
4154259312
3050633060
3025466213
3025524581
3025655663
3021458799
3038236031
3038206303
2769774813
3876875485
3881069757
2798941372
2794934716
3063301020
3063313052
3067470556
3059013228
3077885484
3077898029
3051679551
3051679006
3051844894
3051831614
4050059566
4083614078
4084618622
4084628830
4051138846
4048910623
4049075471
4049003535
1897328719
1897263439
1627705823
1631896046
3762604014
3771191279
3771653103
3788438399
3781160781
3781027149
3781027149
3781153117
3856650733
3839742445
3839750637
2782753279
3848103295
4150097279
4135540095
4135542143
3867039190
3883890118
3883881926
3848263126
3856520694
3856524775
4116472279
4116013895
4116075077
4116075095
4116149879
3050663527
3050601318
3050600743
3050633575
3050634583
3050820933
3050750149
3026108612
3025584340
3025662112
3025527969
3027762337
3044474291
3212205522
4269149634
4268171074
4263591698
4267716406
4267714086
4276101670
4271907638
4289799127
4289802677
2144358821
2134950309
2097213829
2097193349
2097258885
2101522893
2102572365
2104669501
4118002989
4150376749
3881941309
3877746969
3878133001
3866531097
3866543419
3889676603
3856126267
3847639403
3025556335
3021407231
3025602303
3025473535
4107739135
4120329695
4119145871
4152649167
4292109791
4275397087
4267169247
4267104093
3195469661
3212246301
3212309789
3178624285
3178557821
3178615679
3044398079
3044520942
3075848174
2807348718
2807348590
2807410046
3847601439
3845641503
3846160733
3778986333
3776434429
3809857789
3814016237
3797239213
3805758957
3805763581
3822483405
3788924741
3830932229
3832815893
3761513781
3765778229
4034271015
4042655287
4038460935
4038465031
4059387399
4059363159
4057265495
4057312719
4090342623
4081892597
3813446893
3813442813
3813573885
3813586413
3880691693
3881760501
2808010485
2808076021
2807953063
2791106215
2790549423
2723444142
3797177598
3796964574
3813881055
3790746743
3773986167
3774313751
3774313751
3774182663
3765826823
3774870807
3791576343
3825126727
3808349511
3808282071
3799840247
3799901687
3800032765
3797939709
3797798381
3797732845
3814514557
3783124831
3762186063
3762185039
3765400447
3766317678
3774698350
3841278846
2765362526
2765372734
3050600766
3050662206
3050794270
3050536782
3050395406
3050427150
4124169087
4124307823
3050562791
3083924725
3075527893
3054625924
3054691460
3054662804
3071434660
3042315941
3033990837
3031791285
3031754485
3030706165
3030710133
3051681621
3043283831
3072718631
3056006950
3060168486
4133901598
4133844238
4268059662
4284836927
4284701757
4294136861
4260721949
4258750733
4241978127
4241969695
4233451134
4233492094
4250400510
4258723550
4292867807
4292728541
3747366861
3613152604
3596385324
3596446764
4152196140
4152327197
4160648221
4160115743
3621175678
3621241310
3620074462
3611681758
3611816790
3611791671
4148528445
4115961132
4124355884
4107775868
3033964156
3033960156
3033892573
3025442559
3021273070
3038117374
2769409262
2773734638
2775797998
3847450846
4115739086
4098892254
4098957671
4099089767
4099030390
4243994882
4243986690
4256653075
4273340163
4143310402
3606573634
3598107330
3598107330
3598598882
3613225634
3587974050
3587973607
3583779317
3583860948
3583865076
3590190332
3589659772
4118140988
4118124605
4113926157
4147546125
4147624975
4280656927
4011896861
4013130041
4000485672
4015239468
4015120428
4010926108
3977469964
3979751541
3979739367
3981902311
3990161318
3851763382
3834982038
4237766294
4237770374
4258610822
4124403334
4115953623
4149508087
4151588725
4134877013
4143261557
4277351797
3740415319
1609766007
1599079655
1561345143
1548823634
1548889346
2094169858
2094159619
2094125843
2110845811
2102452577
2135994853
2134946277
2134946733
2134949805
2134948861
4282432351
4291017087
4283611439
4285700382
4284974350
4284859150
3174421022
3174462014
3156111910
3160289894
3168539495
3168536037
3030135925
3046995029
3080680517
3084834117
3076445509
3076511047
3076379742
3076381822
3042967007
3038707167
3041853439
3041908351
3051210333
3185431069
3187536445
3183272749
3170690343
3170678055
3179060327
3179121767
3206530263
3055481029
4131315845
4130791557
4134944949
4147576997
4113634741
4096998837
4101193727
4109721327
4122287726
4122224142
4155778574
4155778574
2012485422
2004104495
2004297007
2136355133
2102788381
2086027293
2096492572
2096405533
2096400413
2113177694
2137295038
2116849086
2117063310
2116965006
2133742222
2112254655
4255545253
4239718564
4239718564
4258572485
4279544004
4262896837
4262650311
4147299270
4159882086
4154900838
4121195878
4125388134
4118048071
4147572551
4151760727
4135045109
4275552725
4275499461
4292276549
2648143125
2641722678
2624616742
2624608550
2624653606
2633055542
2649826566
2649764166
2643661254
2643620311
2643612405
2630894325
2622539508
2635136756
2634279892
2671962565
2680416341
2680220773
2680480869
2680549589
2673328341
2639708661
2647835556
2649945781
2647785141
2647711397
2672876261
2668690423
3725819735
3728107334
3728093974
3731230999
3748008215
3715445015
3699122293
3699123429
3707514084
3703450004
3702930308
3702918788
1572292293
1609844309
1600443175
1600446759
1566630190
1545855022
1546817630
1546880222
2098433230
2136190158
2118233294
2114057678
4265857887
4266840621
4275225132
4273160744
4289745448
4292112936
4250150456
3713281849
3695458619
3695654954
3722328154
3688762442
3690856522
1526268234
1526202714
1526206842
1543057787
1534796155
1494937083
1478158843
3624516587
3628637179
3638079435
4170753481
4174938568
4177232248
3095036712
3111826216
3145376300
3128599084
2855974436
2860156516
2927330148
2927153525
2922967415
2939703679
2805674494
2772057598
3845798910
3850058686
3791199146
3791456698
3820815514
3820761226
1673273482
1939611851
1905524937
1909735672
1901356408
1968532344
1969187672
1977514841
1977572315
2111822794
2113339082
2113385162
4252279514
3984368362
3982275562
3990659434
3990659434
3990857081
3883902808
3862804056
3862943352
3862852456
3862828904
3862828393
2725186922
3014592810
2965244190
2965245710
2965310982
2428306950
2428051750
2428051554
2426953827
2494386291
2246983745
2272153920
2272187712
2255486400
2523725284
2523721124
2523266236
2523301020
3597047181
4135040905
4134840025
4279545577
4281658987
3207917098
3206836010
2670015786
2674263098
3211657274
3221094458
2679963706
2677817407
2677596541
2679760349
2679762877
2675493797
2671299493
2669252021
2518588821
3055461525
4132873461
4141254133
4143416577
4134659841
4129547777
4146230787
4112913939
4096198438
4100261158
4104586535
4104260615
4238560263
4242603031
4235242807
4252020021
4279346973
4010979853
3998384652
3864035896
3891315240
3052433960
3027445288
3027375657
3026519403
3026455786
3035892986
3170175178
2495486154
2495506634
2512317642
2512315802
2545922490
2528936350
2533134745
3061690780
3057426876
4131185836
4131185836
4147573996
4147574124
4118201645
3841180981
3839944453
4108379908
4101238276
4096982580
4111693556
4111935425
4246086081
4283826419
4292149350
4256501798
4256511030
3701810438
3701942022
1554392583
1558607367
1559582229
1567938093
1565849453
3746952557
3730308477
3729063293
3729044959
3729044959
3745812959
3745812991
3745829375
3755459055
3755393519
3738620415
3740688735
3732365663
3749147999
3709171071
3696580415
3696590639
3705106271
3705110351
3704966607
3704903135
3721688567
3746911735
3747050485
3730306037
3596088309
3596087796
3595940340
3595875700
3597974836
3597983029
3614230837
3614428467
3580810547
3564036403
3565052211
3564794643
3589956419
2516219843
2515195843
2548746115
2549728691
2549675427
2683889122
2683891046
2675502374
3212373814
3078419766
3078485366
3078616446
3078538750
3076507103
3076510173
3076387325
3075864556
3042277372
3042731868
3025954140
3034541405
3034479997
3034533229
3034402167
3042727799
3042801495
3076486999
3084342615
4157961591
4283789559
4283953399
4283879639
4283879879
4250313157
4250380277
3175460853
3175398389
3175397885
3175397853
3204754943
3204840959
3205952879
3210101614
3212198446
3219591726
3219477038
3215282998
3215217974
3185859623
3185892471
3177503831
3174493383
3174493383
3172398535
4285986183
4286047639
2943743415
2952119783
2775897591
2775934935
3044500479
3044487789
3052732973
4125364781
4125372972
4108661564
4108653368
4104586552
4104984856
4110186760
4127058377
4152273289
4134443403
4134307723
4134306714
4131160490
4152144299
4152287403
4151763179
4151762987
4151670079
4160026431
4125421375
4125613615
4125607470
4125476670
3051669278
3044397391
4118270415
4116607447
4116668919
4116521959
4116657127
4116648951
4116649943
4124931535
4124929487
4125097423
4127186399
4127170015
4127047039
4118590781
4114396189
4114395165
4113932349
3879202877
3879129133
3878044461
4151710247
4151715431
4294389485
4294385325
4256435116
4254338461
3218349197
3218093197
2681431247
3750949086
3751014430
3755012158
3757106222
2674976046
2675094822
2641534774
3176304150
3176238678
3176185431
3209803479
3209934549
3209933813
3205558772
3205558516
3172037844
3172146388
3021094388
3025287653
3029474151
3031519079
3048228439
3048239623
3048727111
3086480215
3077886326
3059021031
4128570599
4128537831
4128730335
4128665039
4149636559
4099299294
4107716446
4107716366
4109866526
3035928119
3035932215
3027543573
3044323861
3044381493
3044524325
3078014245
3071694165
3071702469
3071763959
3075814887
3076328935
3218934871
3218933767
3218938135
3218942255
2682070847
2677613342
2677748238
2677756446
2677592638
2644038638
2627249647
2631445669
2484635813
2484833461
2484782213
2484782477
3575567757
3609130909
4133384151
4132859222
4132723798
4132760678
4151633006
3078088030
3050755918
3050751566
4254582367
4286903917
3218401005
3218400748
3193203948
3056866556
3057583340
3071677932
3042318316
3184920316
3164427980
3164368589
3181145806
3181145838
2643746798
2681474542
2675180782
2637168894
4246929630
4247924958
4247920846
4252131659
4184928073
4182817545
4249918217
4283472649
4292066057
4292001545
4275222285
4275278621
4275278205
4283601389
3205683181
3172093935
3155560943
3157670391
4101384663
4109843927
4109635799
4105441495
4103348693
4120011125
3587371892
3587298132
3612407317
3612409629
3595697949
3595754781
3604471103
4132822399
4151702911
4118271455
4118267359
4235707903
4099397103
3050694119
3050677751
3050808135
3084235607
3077952375
3061183351
3057120119
3057021815
3074312039
4118744934
4101840742
4101254487
4101254479
4101322061
4126606413
4158063709
4157957213
4141180253
4156843381
4148450679
4114960727
4115091799
1439060439
3586552319
3620565503
3620599263
3612859871
3579313663
4116168157
4158103005
4157969885
4132746751
4132745599
4132754303
4128756607
4145469311
4116113279
4099303295
4108220375
4108272597
4109714421
4109751293
4126529533
4160223101
4143312767
4143316279
4134853911
4147436566
4147411990
4114031638
4113969495
4118155767
4126544871
4120314855
4120332279
4120201175
4253345734
4257539414
4250199318
4250264894
4250402110
4253023534
4252851502
4126957439
4108077013
4124919796
4124931572
4124930548
3613225428
3609162965
3596547317
3598646741
3614932423
3622133207
3622047607
3613724471
3580305207
2514888503
2510694199
2545366871
2545226711
2482250678
2171872166
2169794982
2170311086
2447164863
2430455183
2428485005
2431625693
2431494461
2439883053
2439621917
2473571589
2469376773
2452591159
2536428071
3039707685
3022934629
3027122021
3035577829
3187612117
3187104197
3220666823
3194420679
4268225990
4133868918
4160000358
4160004462
4117816175
4098909053
4094714845
4094767612
4099019244
3578922348
3587313012
1439894805
1441866757
1374888215
1374028038
1357250822
275185926
6649166
73858894
342276942
359041999
400920061
384085357
1457824829
1382842428
1382842428
1982636076
4130251821
4147029373
4150957925
4150982247
3187405431
3178828310
3179086390
2650276390
2650289702
2633512486
2646087206
2646087270
2679640574
2679660766
2610487438
2610750622
2682043551
2640165023
2636101773
2636044493
2636040397
3709787596
3711856116
3715786724
3581637620
3579663248
3579376528
3612926896
3612926385
3596411315
3605000599
3621704663
3621700567
3590244151
3572288303
3563903791
3563907903
3563907903
3576490271
3711886671
3716084175
3713450455
3713450103
3715354663
3723751735
3623091505
1456536881
1448143921
1448141873
1444081749
1446170693
3593650373
3576874453
3562524663
3570793191
4107660006
4107664126
4109762270
4110218958
4127060686
4118770399
4117713661
4117574381
4125894380
3051628396
3044280173
3044279581
4113847565
4113917193
4118113547
4126506267
4120202523
3583462683
3616955663
3621152031
2538960190
2538885422
2504348462
2437239598
2437181998
2428793406
2424591190
2491793750
2491799031
2496003303
2487539943
2487601623
2487654855
2487663559
2497095621
2513871301
2549584325
2541060308
2520051812
2520047716
3593986148
4131288420
4131288404
4131288525
4135474639
4150089183
4149769710
4116243950
4099471358
4107065342
4107130830
4108244814
4099856206
3565156190
3581372271
3614926831
3606476247
4143399381
4141171189
4141109741
4136919405
4141180285
4090848607
4082464767
4048901999
4044736367
4044735471
4044645343
4081344991
1933866463
1933921791
1925663199
1917262303
1934047709
1934498269
1935547869
1935544796
1902055900
1902063964
836531005
828134205
811390765
819224367
819231543
819419958
810965814
811006775
818409271
1892019991
1908733703
1900381447
1934000390
1934013238
1934075494
1933874918
1912901366
1933872790
1934003895
4047943079
4115063973
4098745509
4098876597
4098813319
4115594631
4149136791
4148981174
4148979158
4132263366
4291776983
4291261943
2648073701
2648145381
2648014197
2641657173
2675211605
2541221333
2541155269
2549543877
2547512277
2547315573
2547311461
2513757989
2505432869
2507557693
2440973087
2441034015
2440903967
2482838655
2482832638
2482962686
2547994879
2547896831
2547316223
2546251263
2537862239
2521074719
2521140255
3596074047
3591810109
4262896693
4262913045
4262913045
4262917141
4262876279
4250293607
4234036598
4234037078
4233840454
4235951814
4244205270
4244205302
4239994615
3703119509
3707248277
3573030805
3564642229
3564969653
3563026103
3562502071
3587561462
3620782422
3622940934
3605045255
3596657685
3613434917
4116831589
4033006949
4034023381
4034027141
4040375957
3520151221
3520083621
3511694245
3513790951
1366372847
1375154287
1408716847
1387568187
1928632331
1920251915
1915000847
1915521055
1915722767
1915138063
1965457743
1948697311
4234560175
4235334319
4235207398
4235207398
3167756910
3167758110
4236525326
4236520222
3632540446
3633129750
3633264951
3705478181
3705602085
3705552980
3713417412
3708154308
3472941508
3472926708
3473125296
3712135088
3720527265
3716390305
3716468135
3754220950
3737441686
3729672086
3729655750
3462274838
3464109366
3480952102
3723050294
3655875615
3639108621
3648578845
3677921597
3390673181
3394871301
3403194391
3399004199
3403191335
3394952295
3373947367
2285526006
2352631494
2633911943
2629715597
2629653389
2629628829
2633806764
2623317996
2568794088
2568925016
3676286728
3659311880
4200458552
4200586281
4200483881
4200465533
4198372447
2134835455
2099187886
2082354094
2094932671
1015489183
1015292597
1015292596
499409556
1564795340
1560584524
1544597773
1548858655
1425121051
1421052474
1420986938
3583433226
3621186058
3352611658
3336359402
3606897898
3606896874
3602772123
3619680665
3586015737
2248032744
2222784808
2218526008
2218605336
2218732056
2217683512
2238659128
2411683592
2394800392
2394730825
2394194427
2259976619
2272561067
2234813355
2484444074
3575032202
3574001034
3506889866
4081508506
4081496298
4081488110
4081418286
4082402318
4078220558
4044859142
4111918606
4095108622
1947612702
1951798846
2085949231
2094271599
2105803887
4287365247
4291579983
3754610767
3712655437
3645482077
4182288749
4165511725
4190747196
4221213196
4271808012
4271277837
4266688557
4261445679
3187720238
3187728494
3188089070
4245053934
4232447662
4241361550
3163425422
3028896399
3029887679
3029921439
3051157391
3042760607
3042763197
3042304429
3042370493
4116079500
4116133772
4111808412
4111808444
4111810541
4101455341
4101444863
4126414079
4126942431
4156318927
4154250703
3600270813
3621180765
3623347525
3581207829
3715429685
3715554591
3723943191
2650200886
2650135334
2683631910
2683632934
2683593750
2641719318
2635534614
2619146534
2623279911
2627543783
2626564775
2626489255
2644249494
2673346950
2266745222
2249902470
3323911622
3592349134
3730170318
3738497503
3738493935
3746849773
1598038889
3678481785
3712171384
3712383272
3696130360
3713948984
3579436360
1431877576
1465427592
1465431704
3612933800
3612925608
3608934312
3608868328
3608863212
3546267708
3516710940
3516694557
3550449693
1402926142
1373072422
1159014438
1142364194
1142294562
1142295810
1144397570
70723074
91582978
133644802
132530434
258883587
258933761
154078321
137304417
141507297
166406881
195653361
178910849
1252558465
1256752001
1256822193
1256760737
3421021667
3383273443
3367544679
2629482039
2358965815
2363094567
2353856039
2370653799
2537967591
2529578998
2529251286
2525021655
2525025783
2529219045
2546004196
2436953172
2415983700
2416045140
2416080948
2416081204
2416336181
2437306119
2471450438
2479706950
2463060566
2463060582
2207052647
3502826471
3569939959
3561540823
3557412051
3557743826
3557735638
3574508758
3596528774
3596530822
3592393862
3726492806
3726636454
3726468518
3746916262
3721881318
3721877238
3719680758
3757372406
3623149942
3077874006
3075970310
4149708038
4116047671
4124370725
4126533156
4160181796
3078046500
3077832996
3040097636
3023519189
3021347285
3027635077
2499173255
3566689927
3566524053
2513761173
2547315605
2547380695
2538989030
2547314022
3044337958
3044399398
3043416326
3076713799
3076712261
3086152565
3086078820
3209744997
3205518193
3205526323
3205702962
3211930658
3211999266
3178367058
3185723586
3186773442
3182874050
3214268373
3214205924
2677335012
2681529188
2675241524
2637545988
2637583925
2637573733
2507484007
2515802599
2515814567
2511815831
2509652103
2515988871
2515985351
2514871277
2506421229
2506421613
3022312765
3022520091
3022417739
3039260491
3043323258
3044373866
3086304362
3077653626
4151342154
4147143755
4151571723
3587364155
4120048939
3583108415
3587237150
3622888734
3597812798
3598074910
3595961422
3612816598
3612681462
3310368230
3304264422
3300005606
3297973875
3297777171
3301977617
1154493968
1154494256
1146300208
1163327232
1091995392
1126074176
1126074304
1127911296
1127911296
1127980944
1126940593
1127071667
1132330979
1132289506
1140276578
1138044259
1104423203
1087727891
1079508225
5747969
1421585
1421681
1552849
23040449
20939139
322798995
321750419
321887667
1395567011
1932503458
1936584098
1944976866
1991103954
1995305426
1986912595
1982719315
4130202999
4131356005
4135411045
4143275877
4139013997
4139063165
4139079005
4139021659
4076102763
4076201211
4092982491
4093105375
4057449693
4049060093
4034384237
4034392941
4030067263
4101493263
4101502479
4118150943
4115955502
4115953966
4116176190
4116109182
4099363679
4099232591
4098126415
4106576415
4106647087
3569825581
3570745125
3562290455
3562288391
3561304135
3561423063
1414987959
1423835543
1419645319
1151218573
1168062157
1205679644
1182537276
1182539320
1181498936
1173644840
1152706361
1152700699
1152696602
1152680442
1146585262
1142063294
1158853790
1191357582
1174584718
1174584710
1174648198
1187108247
1182912959
1184227759
3331711405
3333906861
3338101165
3337974191
3330045414
3345774054
3245106534
3244942614
3236684046
3236669198
3253450510
3253442335
3286996765
3286865693
3261699388
3542713660
3542975805
3510621501
3508535101
3491749693
3494891039
3494891039
4056913757
4048008157
4049056221
4047868381
4048327101
4077703597
4077704621
4077768109
4077833613
4082036111
4150194127
4150257663
4127160191
4127020863
4043130655
4059848463
4059950367
3815763231
3798727967
3798719807
3799618877
3808006444
3808014636
3814306604
3808989756
2735247948
2735243996
2735457964
2735394732
2706034604
2710195629
2777632181
2761850247
2766040454
2759814614
2776458742
2776462838
2910270934
2943751494
2952148294
3203869782
3203689574
3203693670
3201588294
3218566598
4292241350
4292273751
4288074325
4288102933
4275306772
3726385204
3742638116
3692306468
1410743332
1410734101
1425414917
1421756993
1421855425
1470992003
1454150035
1449963703
1445765298
1445900434
1445908914
1429107682
1417622370
1417487155
1417421619
1417421617
1417619249
1425946133
1426001429
1425886725
1425924037
1425907655
1442684807
1442682774
1467783062
1467847318
3596456887
3596460983
3596477351
3596477927
3084690919
3080512997
3080519149
3080492527
3067916799
3067913087
3059589999
3059733359
3072312191
3040298847
3023466359
3023453031
3161922423
3170310615
3187088582
3220509894
4285862086
3746902214
3747029494
3721818598
3583498103
3566524247
2492788503
2513760005
2505568005
2541147477
2541078005
2538919399
2538927591
2538952119
2513950119
2497107431
2497168887
2496971029
2488594437
2486296581
2486297877
2507275557
2547117861
2526277477
3600211525
3604465221
3595944773
3593749333
3593827189
3593871743
3610649982
3610656126
3581360382
3565042142
3573489098
3569163723
3569113051
3568588779
3568596971
3583272939
3717522427
3751080411
3755266555
3730272622
3742855278
3743379775
3743338783
3747537695
3755664141
3751343885
3738758925
3730369309
3730368829
1444609341
1444597119
1444595063
1448952277
1448960453
1465901445
1465835925
1465840021
1432274325
1415497093
3564619205
3564492757
3563454309
3563454053
3571838503
3571771191
3571775286
3589601078
2515853670
3084165478
3210056998
3210184503
3210206999
3212308021
3212111397
3212107317
3174418005
3172452181
3176650741
3176526821
3184883685
3184883687
3218437622
3201658230
3193273718
3056950390
3056946294
3061150838
3078055126
3036050631
3036037575
2499691461
2499757781
2499573348
2499600996
2499602020
2499077685
2499044917
2507963959
2537512455
2537426695
2520734999
2524795943
2532070455
2528072709
2528015428
3622728772
3589266805
3580874597
3614951201
3614787411
3610603843
3325387074
1178018002
1182740722
1602163875
1566512563
1549671809
1557532609
1557597888
1492465232
1492133428
1508976180
1542534676
460328500
441465645
440412975
994061614
994063658
960565562
960565530
968905034
968937946
1002484154
1002485178
1002545082
994164666
994295706
994295242
1002681802
1070060875
1070026009
1029572920
1029577016
1029582136
1012802872
1011622200
894185753
902582617
902152537
927322489
927239529
928287209
863275515
863472091
872397275
872398299
872275419
869752315
869676395
869676331
869688107
827745083
827810667
827615099
827643865
827641817
826576345
826644955
860208607
860208607
1942459743
1942401407
1942397311
1934008703
1900537343
1900346879
1896172543
1900436479
1900444654
1908830190
1938744830
4086100430
4090294734
3545010654
3545010686
3507262959
3511590399
3578723837
2513367005
2513367007
2509237855
2509110879
2513303167
2648569390
2648504110
2640106799
2640081981
2636079197
2635997277
2636001405
2572554733
2572551039
2580964959
2580966982
2579816278
2571422998
2571418903
2571414855
2571543877
2672211909
2672199636
2664875940
2664941476
2664789412
2664775588
3746832309
3742711733
3709286133
3709285095
4233311207
2094076278
2096189790
2092097870
2111021386
2102438218
2130749787
2113973115
2113977339
2131999179
2001974731
1701953739
3857826009
3841114217
4109553768
4124500264
4124501548
4116047420
4151600668
4151596620
4151330509
4151530925
4159861935
4140979375
4136813758
4136883406
4140953678
4132762894
4134860094
4147440942
4113689902
3027429678
3161618735
3161607485
3167964636
3167963084
3162732253
3179361013
3212849893
3218088679
2681234094
2681234414
2683360750
2683358446
2683357438
2672949326
2672946190
2673077258
2675176474
2539865114
2506245146
2506241147
2514629867
2515731641
2513652888
2547219864
3620829592
3547417496
3543227784
3543231944
3509675468
3509674316
3491950877
3496146741
3504781095
3500654389
2426781445
2444530944
2446690048
2480308737
2471932528
3008815716
2977425125
3043456743
3043233702
3043233190
3043232942
3076791454
3076928718
3076924494
2540070174
2678417198
3181700670
3181702687
3164925471
2632248895
2623921983
2552612663
2570307383
2603794998
2601677318
2584897030
2588108370
2587916130
2596295779
2613134451
2609038407
2609038405
2613507141
2579885525
2571431893
2571631317
2638674653
2640207548
2640054188
2668888492
3071545516
4145361068
4149621948
4158006428
3620154509
3619957901
1464167583
1431731655
1434375494
1416614150
1349382966
1374483238
1374475047
3521958709
3589268253
3589202188
3581342044
4118201624
4118104888
4118039353
4118112809
4117064491
4150296363
2011186458
1994408202
1995489306
2129776763
2119356523
1578360955
3725847643
3724781659
3728914810
3754072922
3754073870
3716400654
3583038222
3570684798
3562418542
3564515566
2491285734
2499675574
2499478951
2495158177
2495362736
2511103636
3614238340
3324835524
3324499652
3324433988
3324434245
3613914935
3588580654
3722798382
3706549550
3698185514
3699164458
2650340650
2648243482
3721979146
3721978123
3713790233
3713716569
3697230205
3697086829
3697227117
3697229295
3697162751
3697244639
3613383135
3596344783
2533070285
2533065036
2532933980
2524488556
2522391148
2539168300
2514068012
2513404524
2496644716
2489304685
2489186159
2489116015
3187467366
3187659862
3187602630
3179111638
2641917414
2637944310
2642335062
3179175239
3162463557
3178528069
3178589652
3212307956
3218538484
3201750676
3193165445
3193042565
3058742711
3058742502
3067409638
3059020006
3054887126
3073859798
3040228855
4096133079
4100329093
4108722049
4104601009
4104396193
4104393973
3567527127
3571459543
4116964823
4116888919
4116881223
4116815685
4116754245
4150308629
4150308629
4133730111
4133737774
4129412390
4133541158
4133733670
4158817574
4154625334
4121009414
4125145350
3043076423
3038965063
3038930133
3038905813
3039887861
3039892453
3035837157
3031565925
4239394359
4238354183
3701484807
3701484823
3722861590
3722890263
3714485511
3747978501
3728059652
3727994132
3725897012
4261719332
4261456932
4265653300
4265771028
3192033328
3209856288
3161704224
3161575009
3161706099
3168001778
3184785010
3176199474
3171968050
3171968082
3172084802
3023186162
4109502882
4105374626
4103147442
4103092103
4103086983
4107494277
4107457493
4101474085
4235500837
4235508021
4236032277
4236027909
4286284807
4265263127
4265213975
4197068919
4197065191
4219085807
4223346415
4223470319
4221311631
4259080839
3722342277
3716075397
3715876741
3715691461
3715916789
3615434725
3615369063
3623748979
3623687538
3623645666
3623740386
3623216082
3755324290
3751065490
3750018979
3754204135
4282682341
3204746213
3205881541
3205949125
3205916372
3210105572
3218162341
3218096805
3218100901
4248855253
4248855245
4248855503
4098978943
4124276782
3050526766
3052554302
3086108686
2540075022
2540076367
2540127055
2548499151
3618505375
3619632047
2545770919
2650563045
2650596453
2642277429
2642258949
2638064901
2503912709
2537471751
2541651783
2522322902
3075838966
3076387815
3051213799
3034563493
3034530797
3026015229
3044816381
3040620013
4147919101
4152178941
4152236287
4160100575
4126553551
4109841167
1425232647
1415659783
1411453205
1411391797
1411653925
1416913253
1423402981
1452723957
1452723783
3602828878
3605909070
3605847870
3605851946
3597465386
3614229866
3590247914
4110345643
4244104361
4241813688
4258582936
3746886104
3742757368
3742790525
3742529343
3748816686
3757270830
3757176622
3752908606
2645677839
2643851023
2648045341
2622881045
2640182580
2640313652
2640313652
2640313652
2682165044
3219031828
3218507332
3218593396
3210004068
3210004197
3210007279
3176489982
3176620990
3176616382
3159703982
3159639214
3159706798
3159750907
3176524105
3176524040
3212159752
3212230412
3220604428
3187050013
2918684223
2918561326
2918487598
2910619182
2906440230
2906636822
2904449606
2904498902
2906399206
2910584998
2917662950
2913665278
3215601790
3216647246
3216647246
2677615626
2677550091
2681761097
2371472713
2367342281
3424294473
3428484683
3369830235
3371798314
3371822378
2314988862
2306563102
2339965982
2319127582
2319127614
2317037886
2321228078
2325422382
2324193391
2324226285
2324209837
2391314604
2391507116
2395636908
2248904116
2265811380
3557788564
3557219204
3557223300
3558240197
3558288727
3564381462
3564385558
3564451126
3572594470
3583071782
3616657174
3599027462
3599010839
3599078453
3603805237
3596588053
3592324101
3608841221
3575306501
3558599447
3558435383
3562760743
3562749479
3495626295
3503882807
3503034935
3503031079
3503031142
3503030695
3503042991
3498862013
3498900413
3498892220
3502563004
3557088924
3557088908
3556966284
3556961740
3558009148
3560302636
2623858724
2649024772
2665928453
2661728773
2662777367
2660553254
2325013030
2325013286
2329211687
2329233199
2329363949
2329365645
2328177807
2319722639
2404858047
2350778542
2350778558
2350537678
2350534478
2237224462
2270716430
2270716686
2279104862
3319484667
3301851371
3301852329
3292940729
3225897865
3225901705
3221608073
3221541787
3238310363
3271860443
3608654922
3612843082
3578243418
3578767738
3578702682
3579748298
3579807690
3621749706
3086910458
3070141422
3061752559
3061557101
3061430061
3061355813
3057165613
2788746559
2805752111
2805932334
2772312366
2768114031
2763981231
2761228733
2761688988
3168558988
3159117708
3159158684
3176001468
3210735100
3210607948
3210601484
3208635405
3208013069
3174446343
4248188230
4243985238
4239786982
4239721446
4239655910
3700691550
3721671502
3713278735
1563763467
1567958297
1442133368
1442589816
1440491736
366770264
492619848
487901192
523734281
523666697
522629899
523674138
2104668734
2144567854
2143322734
2143327142
4290819494
4282494375
4261457333
4261455797
4261606292
4278374836
4282569140
4123410852
4124526061
4109715949
4101364095
4100254559
4117621263
4151306767
4146591566
4146578254
4146577750
4150706278
4126556199
4244074791
4239746855
4260638245
4125371941
4150540853
4133838133
3068611669
3068544197
3069362381
3067527375
3067597279
3621122911
3587465775
3570672175
3562808111
3563004190
3562931486
1417545007
1157565487
1157436479
1157112911
1156068431
82384079
132842703
132892111
61441375
28088191
28096382
15573870
3122046
2991102
19771806
54498718
41325982
40275358
1122930110
1122997694
1122873790
1123856830
1123848607
1122272239
1382392685
3530531373
3547193900
3274565420
3274663740
3274589501
2205107519
2213498175
2276388126
2544824094
2528100110
2527892798
2527892783
2666829101
2666827836
2658504732
3188961372
4262572140
4211209452
4160910564
4160896244
4161149397
4165340021
4173675045
4169412135
4169147959
3682674183
3665835525
3732944645
3737136149
2663656500
2663660644
2676391396
2508611253
2509164181
2509037231
3553426094
3527969262
3523774590
3523861518
3523933198
3523911694
3523911710
1380638750
1447817566
1464390111
1430819213
1410192781
3557740428
3557706380
3561904780
3561896637
3570281211
2630692442
2496407050
2514231818
2510037530
2274906922
2274935082
2543371371
2543355117
2547561676
2404953548
2369294156
2636090956
2501295644
2488708668
2505238116
2504114788
2504082148
2504200949
2487428039
2487296390
2487427558
2488472806
2421492974
2155089134
3229424862
3229498574
3229494478
3254662606
1107117519
1107055103
1107059183
1206739181
1198469341
1198456925
1127023645
1093600317
1093549437
53424125
65611741
44574351
44569487
44635039
49877422
54473198
4141374
2953510
2909478
15527206
11316519
10990855
10916165
16154949
1194754501
1176995157
1445172567
1445180535
1445047399
3592530999
3593577783
3593721199
3593881391
3056994095
3061192495
3069252911
3063943471
2996855085
3064062268
3065230108
3062923836
3057685053
3053502077
3070275183
2969829230
2969984366
2957905262
2966031486
2966107374
2966099183
4040758508
4040701388
4032309196
1879647948
1879785164
1883770588
1884032988
1884233213
1883649374
1346778382
1413954830
1413758222
1413753118
1430546750
1464618302
1456194846
1451917582
1384812878
1921753453
1988666732
1737010668
3847797244
3776481788
3775630204
3809119868
3809117788
3809116892
3809067773
3809153711
3809096623
3813290415
3784250543
3784128703
3784063119
3783555215
3783621007
3888568717
3083005917
3074615245
3075663693
3083986701
3067146047
3067129135
4140874790
4275559462
4132887602
4132946962
4111974450
4095131762
4097200339
1953902721
1953903745
1953897857
1953963441
1953832609
1909799585
1943354001
1924611715
1924415171
1928609491
1927554770
1935943666
1937192802
1945523554
1945584994
1945492755
1928658179
1391852803
1459076355
1458482193
1458484225
1450086401
1462685697
1462686033
1429127521
4101948961
4109749793
3572791843
3705956915
2632264211
2625583879
2625575703
2625439527
2633765671
2627277365
2627408405
2627277557
2627229415
2644016551
2381904294
2407057574
2251937974
2520496278
2520429958
2520690886
2524876998
2524745846
2541002806
2539037975
2538796293
2538764037
2668824116
3744663076
3748856356
3757113892
3723760444
3704894284
3696567629
1549675743
1549679839
1549404303
1549277327
475539853
475557277
488136089
521917833
528142795
511611195
1584828718
1593155886
1584439615
3731924287
3731924783
3746608685
3753940525
2613090044
2575533812
2642581157
2642581413
2676137383
2680278435
2672086499
2668938738
2669074386
2669078467
2675369795
3212244753
3212166449
3207912753
3207949649
3211945793
3178390849
2649948627
2630877670
2622502118
2622500070
2629840102
3705027830
3705019719
3717616967
3751236941
3751081805
3739021279
3730636221
3592210861
3592211373
3592413117
3591825309
4141261213
4136993213
4136931837
4141126141
4151629271
4146589143
4112707062
4095892966
4100070887
4100068839
4109566455
1961951607
1961890615
1952457238
1885352478
1365275150
1365271310
1373758730
1373894714
1437710378
1976600634
1975617547
1975695625
4123170249
4156720073
4131619481
4127425213
4127691439
4127576751
4144362158
4144330670
4115628014
4123934206
4124786014
4120470910
4153959807
4139279645
4143543629
4143674700
4135286236
4135278012
4152196524
4118764956
4099298701
4099331981
4099327967
4099262334
4099204926
4101301566
4109673790
4126516518
4160591222
4160718326
4143895511
4133417972
4133483508
4135449588
4134924660
3061306676
3077004324
3043196213
3043129606
3043129614
3027488030
3036008254
3036006206
3048731406
3048727310
3053253438
3051148591
3076314413
3206340396
3206537052
3176595292
3176628188
3176497148
4250222012
4246017437
4279567518
4283766206
4283901358
4292027838
3751227870
3751027038
3753124158
3753140542
3752719646
3752656143
3752389900
3488136460
3446390044
3446309980
3442132172
2637874629
3711882711
3709850998
3692949286
3713920822
3722309398
3755998487
3739208981
3741207828
3732883316
2654799733
2654737893
2636083701
2640208341
3705565639
3701298133
3701232629
3567023076
3298424292
3302618596
3570980324
3562597860
3560500692
3560566212
3560619460
3560611796
3562981205
3563046743
3562402630
3507867922
3507835186
3508491554
3512689954
3512624498
3556699970
3556691778
3556362050
3537405426
3537417699
3529024883
3528306771
3595538519
3596611703
3592413431
3609125111
3560856727
3497938839
3505261239
3505199799
3505139383
3504613015
3521389461
3554948029
3555004909
3555013613
3555026925
3554994047
3546348863
3547372830
3597698334
1467020574
1467146526
1467409166
1568072222
3715519278
3715978030
3715724607
3715757343
3715745053
3715728701
4260935548
4260931320
4260931544
3724064728
2625361368
2625295864
2625261433
2625265467
2625252926
2633637422
2495549294
2512127470
2511884462
2511884478
2549633182
2537058439
2520408199
3594178949
3594442645
3596478453
3606898533
3606898485
3606963997
2523184413
2540027677
2540148509
2515978013
2515978045
2497116029
2497050492
2499073909
2490685285
2486519653
2486654837
2486588759
2508158038
2516414546
2516545618
2550026578
3623244242
3589756887
3581229015
3581161397
3576966549
3742842245
3709213895
3713471575
3723822390
3707007286
3705955126
3437552182
3454394902
3480613638
3480449286
3486699782
3486695766
3486695767
3453141847
3453077333
3713062781
2639314796
2656087404
2663427368
2663427432
2663691768
2663692249
2655495899
2668008091
2634466987
3156133803
3156137455
3160364541
3160241501
3168739612
3170836764
3187613980
3221041469
4294717741
4283708715
4283727146
4284317034
4283424763
4283424715
4258062283
4258039753
4249650649
4246578665
4280213993
4284408031
4276015455
4271817070
4271292910
4292170606
3742660446
3709278030
3692168463
3558214927
3562413341
3570875669
3570738453
3570689301
3562403157
3562852821
3579630037
3579758533
1432274885
1474217669
1474164449
1474062051
1457284066
1457283426
1449095250
1449087058
1461670006
1461678294
1430158534
1417608134
1425984070
1441778247
3589066327
3622631293
3622626093
3622626109
2514997852
2515980921
2513924713
2513724011
2512676459
2546237290
2547375610
2664816122
2666847738
2667371962
2675758523
2675938713
3749630089
3745501576
3745374664
3728598521
3728204909
3728106607
1584882815
1584804934
1601573062
1568018886
1551237590
1551241942
1559638599
3707127303
3433909783
3433884197
3450661669
3488410423
3488612103
2399110670
2398732814
2415641118
2684011375
2684080623
2650386669
2650321133
2650317292
2683941340
2675701708
2671370236
2671365613
2637913581
2637839613
3711640767
3715966110
3716097166
3724416398
3757983230
3753866734
3753698286
3753698270
3757876175
3622609757
3614225276
3610104172
3610244460
3576624428
3564043580
3564100924
3563412252
3580189468
3597139773
3597065493
3597059333
3597582343
3598700615
3598577910
3581800934
3565085606
3564554134
3573008007
3572877015
3572854519
3572788839
2499047207
2515808039
2515812135
2511683383
2494920503
2499106103
2515816759
2540978487
2541080597
2524901381
2533287173
2533358901
2547899175
2539444791
2501696055
2501762678
2489291350
2489299910
2497704903
2505953783
2501890535
2501825905
2501301585
2533750129
3070555495
3074749797
3074942453
3084316629
3084320757
3084377589
3067399669
3058988277
3058988279
3054989527
3073798358
3044487414
4101461238
4109782519
4109787127
4109892241
4243979905
4235589249
4252300995
4281660371
4281644002
4264928738
4269188466
4294356306
3220675954
2909052274
2909056866
2905990706
2906121778
2906117682
2939504434
3212072306
2925868402
3194426866
3194421746
3203338738
3215791075
3165485041
3165618112
3165618112
3169680192
3698096448
3698075936
3580177440
3613865009
3605464147
3605333203
3605999859
3605951923
3605951891
3622721409
3622262657
3589633985
3581179363
3581181282
3581177186
3581177122
3572989218
3589723410
3585529090
3586036994
3586035971
3590227201
3590292784
3580466992
3576280880
3610882320
3611291920
3611226421
4148121893
4114419749
4114422893
4118755823
1969166847
1977555359
2010978703
2010480527
1473533839
1456751503
1448363007
1448375023
1465148134
1465213542
3579258418
3579277074
3302382866
3304475922
3304510722
3300324610
3299857730
3317552595
3321419232
3321402848
3319322592
3310933984
3309033152
3577667264
3615420112
3614420833
3605379939
3605380451
2531638546
2524298259
2524288019
2671105043
2637558067
2637521187
2620748067
2625049378
3159824246
3168214902
3164543446
2627672534
2648250870
2648194550
2641898878
2641900895
2641899869
2641899837
2683844396
2415400748
2411267644
2409332236
2409262924
2258370381
2279133055
2279130479
2279196135
2239362535
2239358439
2239292901
2239364593
2273017280
2199600448
2201623808
2201881857
2206076161
2206088515
2180984274
2180984210
2164202899
2157907346
2157790643
2157237667
2157245859
2161440163
2155134435
2171911459
2200284467
2204609811
2187765505
2187765505
2456270609
2535949089
2503444257
2484570069
2484508615
2483486679
2483478455
3037126071
3041328567
3076451735
3210669527
3193960415
4292732637
4294829789
4294764117
4252825365
4252824885
4236104741
4251800625
4251382801
4117164113
4150710353
4160144577
3623273921
3623274433
3595958001
3595888227
3598476899
4135413351
4135417463
4143739703
4160541047
4160606589
4261400925
4241872221
4233492319
4233494495
4229430778
4233485802
4235517162
4252292222
4252300622
4252427598
4286506271
4286575935
4286575935
4152358175
4152250647
4118696279
4118762487
4101977015
4101976759
4110358199
4110354101
4127002549
4160576916
4076699012
4068302285
3531347293
3547083133
4083966269
4058865711
4126105643
4126139435
4127055163
4160543003
4160551707
3606543195
3530981338
1379342222
1377109406
3545498046
3520397742
4040585647
4036387311
4107657557
4109673236
3581190676
3581190676
3614741052
3623716413
3581791805
3562724911
2488958254
2488957998
2631619646
2633700430
2650350670
3724092894
3757712862
3749347295
3749334983
3749334983
3715844039
3715745231
3749238110
3747124590
3730420782
3730415678
3730350142
3730350206
3730350206
3730546799
4275754473
3143290345
2606489576
2673564396
2640268028
2640141020
3714023117
3709564621
3713757901
4261110269
4261277925
4240294053
4244423844
4235574660
3155537860
2618665924
3155668820
3172384020
3212215605
3203892261
3199501349
3216287031
3216811783
3216418318
3220625006
3208070894
3207857838
3205760958
3172414870
3176607158
3184864742
3180690935
3182918855
3216368709
3216368709
3212300289
3208007681
2671136771
2671121778
3744864098
4285998690
4254545506
4254422642
3717486402
3704903491
2631689537
3697272133
3697210740
3705587060
3705488884
3713877492
3749541364
3757958644
3757962741
2675834325
2675310039
2675433335
2541213686
2541213686
3623212758
3621254854
2547512262
2513687510
2505101798
2505111014
2505106791
2505176439
2505307607
2505310149
3578884053
3562373073
3562493329
3581363633
3581870513
3581743537
3581751473
3614258323
3614326227
3597548882
3605413650
3336929074
3601130802
3617645874
3588547891
3723883575
3713514789
3713506609
3720515376
3754071808
3746731840
3746988864
2635170288
2635122148
2634077604
2621500900
3183538148
3183996637
3213295191
3213284951
3084240438
2547304230
2507457830
2505327910
2635416838
2635473926
2635475974
2639686710
2648067111
2677427317
2678017109
2677853637
2682049989
2672645575
2651805655
2651793398
2651662310
2655855462
2665419106
3755934050
3751625153
3722277316
3437094340
3428707780
3424446964
3424643536
3441322321
3479067475
3328069458
3330082626
3330032594
3330110354
3355373970
3320222099
3584459665
3567552432
3571750816
3571496864
3579880928
2502074836
2503401844
2503336229
2486460711
2620730662
2624461094
2632911654
2632547110
2628348758
2678679367
2666263111
2666512965
2667430484
2675767157
2675240821
2640833895
2640772195
2623722594
2649931890
2650247238
2650255686
2650252035
3178739475
3178610225
3174349601
3157567777
3174869281
3107904565
3140902151
3124102407
3124101382
3191276406
3128768358
3137157094
4206630374
4206364135
3669501125
3686278336
3640156352
3631866048
3631935808
3627729472
3627733588
3695113844
3699301909
3716143639
3747412823
3739007350
3739003366
3739004414
2665256286
3065872735
3070198111
2541584765
2537419621
3038765669
3038701173
2971629281
2975811555
2984183267
2984116435
2514359490
2514433218
3562874066
3562876114
3495902707
3503754227
3587657395
2543148755
2526406339
2526143299
2526064915
2530255155
2530533683
2673140007
2639585575
2639754535
2618772837
2619296229
2623490517
2623437701
2640243653
2648633287
2648561350
2640114646
2640110422
2673664294
2673860902
2684253223
2684242993
2680113264
2684148064
2684153189
2675820373
2640040775
2640048966
2514219878
2514015334
2547567718
2547566694
2673371334
2671258830
2671457486
2670346718
2682929919
2661958397
2661815929
2666032665
2674421273
2636676632
2636808056
2625269628
2633723740
2633588188
2631423444
2362987988
2362995156
2363192272
2363123665
2363389905
2245937107
2279557074
2254292946
2262693202
2262693202
2262610226
2262606134
2547819831
2505880949
2505954812
2619330524
2619334620
2621402580
2621402548
3695130100
3699312116
3699181012
3707700692
3724158421
3757729233
3740952019
1593464259
1585137091
3732784595
3732727154
3749504354
3746866982
3713382182
3713373750
3712333334
3720869398
3721256758
3750547235
2680999715
2680782193
2639095137
2640277984
2640204272
2648593840
2647643632
2512773072
2546266048
2546446273
2546382291
2546173154
2545976550
2547299558
2537876710
3037068470
3037191382
3037089238
3038135934
3042858558
3221186079
3204195855
3204195855
2658938382
2656841562
2656649082
2681886698
2677687802
2646262234
2646131162
2633815135
2625434717
2625432604
2621369364
3695115268
3699299604
3699295540
3715842928
3615060688
3597230800
3598591632
3598587569
3598583473
3606908817
3623108497
3352573939
1198798327
1198794101
1198793077
1433690485
1417011525
1417081863
1417053191
1417053207
1416922151
1366598695
1395958063
1932833086
1930725214
1897369310
1897320126
1901525695
4057393855
4124363709
4153726396
4136948124
4141142476
4134925084
4133839165
4150599983
4117176366
4100338734
3571583022
3705800982
3705805574
3706022406
3707006471
3704944197
3704935109
3755328197
3738616517
3604924373
3604989413
3604806821
2531060901
2531060901
2547967365
2539565445
2539553157
2539618743
2522648807
2541527079
3078463527
3043799095
3022828839
3022907191
3026642711
3026615815
4101918231
3560836727
3611168343
3594395334
3598524102
3606853030
3602658471
3602666663
3602870421
3623809157
3589730692
3497447756
1344783644
1881430316
1881434412
1885628713
1885629227
1625751322
1634648842
1634582858
1932296346
4080828587
4078731435
3813508265
4056858093
2965810045
2961631805
3028740662
3028708886
2630166038
2631149094
2622559010
2557673570
2565997650
2563900530
2576555122
2575395922
2608915522
2608899139
2344722497
2571350208
2571210992
2617348256
2617349536
2617491108
2638461604
3175332532
3204700804
3070417540
3053640325
3055013845
3054884325
4141113573
4143210725
4143390917
3598065863
3598062051
3614901731
3589752674
3572979538
3572979203
3573020163
3573004035
2514986307
3588728145
4160074865
4143223841
4134831137
4132746277
3055006773
2786571301
2786898983
2803694631
2805816366
2772311358
2776502046
2776237598
2784690782
3052933758
3052937950
3048810206
3048746990
3046644206
2509773310
2546482318
2512942478
2513138063
2513073039
3571348381
3571278748
3562825636
3575414180
3610597540
3593951444
3593891012
3598116292
3621188421
3621163797
3589636661
3589575477
3564413733
3562317093
3562315045
3562507573
3562441845
2484530295
3021401203
3027694931
3027752787
3052926583
3052794487
3084251863
3075831495
3075823319
3075823079
3075825127
3086245095
3086318839
3086317781
3086482549
3069697367
2524009735
2658367239
3732087574
3732087094
3748734242
3748672546
3713088546
3453172786
3453369603
3453361411
1305874177
1339512577
1339422465
1339418385
1339553283
1196856898
1205831490
3319629682
3311246818
3296304482
3564739938
3564737874
3698954514
3698962706
3715686706
3713556790
3747165997
3747290988
3755817964
3757849064
3724282280
3699116168
3699129480
3696633224
1557537160
1418126264
1434772408
1468310424
1463857560
1996534264
1896911144
1880196392
1880329513
1886514491
1886596443
1886532699
1884422363
1884422361
1892811097
1892812633
1892879899
904931866
368060954
393243466
376568778
509777866
510821322
1593017290
1590722938
1590734958
1590796334
1590861862
1582474518
1578345750
1515315475
3679646513
3646083364
3654435108
3705094460
3705098012
3707198044
3707693660
3707697868
3724397257
3757885387
3741118875
3741106682
3732717802
3728568810
3728631274
3744868330
3715508170
3698796495
3707179471
3702981085
3700883693
3704960236
3696502012
3579143580
3612567436
1448174237
1456497341
1456501423
1448112810
1443918314
1443905882
1427295242
1949468682
1948428298
1684252682
1684117514
618765578
631476491
1705410569
1710653464
1698136104
1697964136
1680924904
1678995689
1678914989
1683099311
1686179486
1686187726
3834654414
3884985934
4153437774
4136855071
4271044375
4288147733
4294308117
4260753429
4252496901
4116116485
4116110613
4149628279
4149693927
4141157559
4141161623
4143256735
4157936831
4158067135
4115870623
4115882719
4117852799
1970337326
1970339646
1969285406
1969285391
1952692495
1969397005
1970440029
1978844125
4157723101
4149277109
4148195815
4144002023
4110775143
4098316135
4099399478
1960307462
1977018630
2010618118
1725208598
1725283350
1725345798
1717469190
1734246487
1696448743
1679679719
1679781349
1612610405
1616841253
1641876005
1671174973
1671179549
1675371805
1665930525
592250141
592250685
592250413
592252477
600641085
596449821
596384285
596384268
562829836
562830860
562855692
567145788
558740796
554481021
555523549
561810911
561879455
561879967
555728799
1629470622
1628353983
1900459453
4081497516
4064722092
4064738540
2990958956
2990943604
2529570676
2542153333
2492360278
2492364758
2493249014
2499335398
2625160422
2619901046
2636889174
2502601030
4114262279
4114262785
4147878704
3881540897
3067774245
3067856183
3059306806
3055038774
3055035670
3057329958
3057262374
3052015142
2762542694
2762481397
2762501836
2963861132
4041801612
4029190044
4029189548
3760897196
3760909548
3777948780
1664904399
1669074126
1646082462
1918773678
1917729710
1925581742
1921387182
1384520366
1384591262
1367617422
1351354252
1084098444
11903948
2401068
2392876
1345093932
1882170652
1882172732
1882040620
1881979692
1883015724
1879935516
1934264901
1934266054
1909112770
1888156898
1888019682
4039664866
4031262946
4044042450
1930047682
1913528769
1380856772
851706564
851711708
864295544
830831224
814086745
814082923
885303802
626830538
641515722
641581515
641618649
655766248
655500008
633414376
629158633
763364043
1015022026
1019355294
1010967742
482421950
482614430
344736926
345620703
345669705
364548361
230335752
226209033
1295558955
1597548907
1580771818
1450876810
1459259274
3602547610
3602903739
3334333163
3338429291
3338430249
3355258157
3338632492
3338490932
3330135076
3330135076
3342848116
3308949953
3304751747
3501885058
3501950642
3505961698
4034439714
4047022370
4063799330
3799755794
3795497985
3795554308
1645842436
1645056100
1661912292
1661912544
1674530785
1674532563
3889047494
3847172054
3846516630
3846576774
2782288518
3181268630
3181201106
3181171399
3181175365
3168592420
3160262436
3162133796
3027919924
3027919956
4101649620
4101637252
4114220165
4147776903
4134149038
4134157038
4075358974
4071370318
1388061262
1388077582
1386013534
3533484927
3533472237
3537736173
3596588461
3592392173
3592342461
3609123807
3575574270
3565088330
2499704587
2498708793
2628543784
2628545576
2628545916
3706481404
3699130068
3699195540
3711850132
2637578933
3715125666
3715133666
3748806866
3748814914
3748749314
3748667398
1576018198
1425089838
1424177455
1424103721
1348868393
1349912841
1375588233
1383903113
1920962441
1915653561
1915592105
1916583849
1916056233
1916072633
1998590539
1965171210
1415717418
1424105514
3500289066
3500410926
3518285886
1922865230
1922861262
1923065039
3532366028
3533283436
3524821036
3492512812
4029336580
4029312836
1881810548
1887053540
1889075879
1636647590
3884729766
4158455014
4147965174
4148078790
4148079950
4112428614
4116571718
4250920534
4259247726
3185497455
3048588591
3048588607
3048731935
3086480647
3077945103
3073750623
3073898111
3073832558
3078092526
3075799022
3084178927
3084178669
3076342877
3038590157
3040683213
4114558429
4118687213
4127067629
4122871263
4122936655
4160516431
4160512269
4152123677
4151795997
4118243133
4118279997
4235712381
4243965823
4241802751
4250197471
4250267103
4292259807
4292263935
4275558399
4292204543
4283758575
4279531007
4111754751
4111933951
3843170799
3847370222
3889305086
1737688414
1972372815
1976581471
1976577375
1968254815
1968273231
1968265055
1976681327
2010235887
2010239486
2010182094
2010182095
2010174943
1976686079
1968369145
1968336377
1897020761
1897012569
1901272392
1901272408
1901272952
827529016
835729209
835727641
869294361
869294457
315683707
323011547
289523679
272746431
273010599
281399270
281447911
281460215
282504469
282504193
290890753
292979713
1362460689
1396023345
1396023331
1396172003
1920395171
1995853475
1989627571
1989609091
1926722179
1928815282
1391944102
1366577638
1348735302
1348739334
1357195015
1357200949
1357191717
1357126183
1349257767
1349258039
1349386182
1399313798
1457947014
1453752710
1453752710
3602088342
3603992807
3606094951
4134579493
3077684541
3076767004
3076962076
3076970012
3043410492
3022471740
3023508285
3027580269
4118095215
4151653614
4143406334
4143336670
4143369423
4143439311
4160001487
4118124493
4101420637
4097226269
4097308461
4150583597
4150550821
3592695845
4129685540
4148035636
1966997777
1954423569
1425954609
1421788947
1421266882
1425460162
1416089026
354799042
354768082
354758754
358953059
392966179
401421363
401484801
384710913
384719107
514841875
514696467
518824019
510431315
372019411
388403441
354861297
354927073
342348512
350704241
350582385
350567987
350566963
350567219
82122802
98901042
99431443
132984835
124588355
120526834
107902882
250573730
246247826
250442114
250425474
267325842
149754802
145036006
145062446
1488808490
1492970026
1490610731
3638079035
3654853145
3650654729
4221084232
4223173256
4227434152
4227579560
3212492713
3193608105
3193606809
4129014411
4146004619
4145947627
4097712617
4030600377
4042656955
4038527163
4038491279
4036423119
4036270030
4057236302
4090802974
4135362862
4131250222
4130758702
4269175838
4285944862
4285924414
4284421438
4284431678
4250877242
4259004219
4254826027
4254659193
4258820808
4250407560
4229460616
3558532008
4106939816
4119525864
4153002216
4136160332
3599291468
3603619913
3604668635
3596234986
3608740266
3575121322
3558477754
3558475706
3562682266
3570934730
1442341195
1442373897
1442488584
1442489096
1442770441
1417468473
1413270057
1547688489
1568602889
1568595215
1568457998
1501315102
1261240382
1228738870
1228542262
1215963410
1220157698
1220150019
1219035505
1218983392
1223173536
1214836128
1210629536
1210760576
1227528576
1328187840
1592495568
1592769904
3740116848
3731727216
3728581489
3728598003
3728700338
4265546658
4269541282
3220979106
3164356006
3164350870
4237568391
4260720069
4294370757
3749115205
3744518405
3742425381
3742425383
4279362855
4279694694
4292279654
4288077174
3214331719
3180842823
3185430087
2642204183
2642273847
2642277951
2675799591
3212654439
3212645863
3176994295
4250735799
4250865847
4250337431
4250357975
4258721991
4250399815
4283475031
4283475245
4283477293
4283678492
3218247436
3210186524
3210059580
3210196780
3206468412
3206435709
3206480383
3038577134
3025933742
3034383790
3034514878
3030327182
3047112654
3050663887
3084381517
3086482709
2549601557
2541090069
2541090077
2537419039
2537551135
2541671807
3210728943
3202209255
3202217829
3218995045
3218994036
3051202308
3042948868
4116552980
4116552757
3042808885
4146066519
4145967190
4064153846
4080926902
4080730558
1903825855
1912214207
1895502559
1891447519
1354507898
1354510122
3501992218
3500087562
3235858698
3235761418
3231495946
1100779802
3315388799
3298574701
3298300260
3301451044
3293146400
3293216545
3294287635
3344619266
3323638594
2249896258
2256175170
2264563778
2264649810
2262528114
2279157794
2245539110
2228760358
2358782831
2362981099
2362973931
2245543641
2270741128
2279248520
2245702280
2237194888
3313041048
3275250616
3274402728
3275385769
3258591915
3258592922
2201682570
3239789450
3252306314
3231375582
2157699311
2159603943
2159571047
2176606575
2247898927
2239500079
2222926126
2221807662
2230204478
2226071558
2225875974
2230074626
2230144259
2231095089
2222690081
2239466865
2255199681
2250939841
2255127745
2256180419
2256187587
2262561011
2245652579
2228770146
2228780902
2228779878
2230926311
2356689903
2373462495
2407013199
2390384461
2396673869
2396616221
2396546621
2413323812
2413426533
2279200613
2270776805
2270776823
2269732278
2269862326
2269723574
2269719550
2269723646
2236308991
2236210511
2371478797
2379854156
2381943132
2381877628
2365108596
2365175140
2363202912
2354825568
2350598449
2350606609
2352642833
2352642819
2369453826
2386224450
2390421954
2398781634
2394587330
2394652882
2394469602
2398659810
2256053731
2272830945
2272896485
2273033380
2270739620
2266561716
2232999092
2484788404
2417679856
2417662832
2958735888
2967185936
2962860561
2962861585
3017323025
2451157504
2518340096
2518287041
2518352369
3073916129
3027769569
3031238883
3031304402
3031329986
2494490050
2511266690
2550121106
2549400482
2532632482
2530504098
2455005351
2450794663
2450798759
2455182471
2463503759
2478203807
2478142127
2443465455
2447651567
2435069502
2468618030
2468694318
2473490478
2477681695
2477679629
2477748236
2179842316
2171453764
2167325636
2167305924
3492736724
3492671460
3492593125
3492658663
4096693703
1948683719
1948683719
1966390743
1999941095
1983177958
4130791678
4130754638
4142285086
4071047470
4070846766
4070843694
4087620923
4054132537
4059174696
4042655352
4034217560
4033959512
4033935192
4033931096
4033979849
4048664011
4044670938
4110731226
4144240346
4144436986
4150147050
4160627178
4156498410
3584897275
3584823385
3567533065
3571776776
3563362584
3559242552
4113673480
4147356936
4132614156
4132601949
4127293677
4144033965
4043592879
4043574687
4031122351
4039510703
4103482031
4105514750
3569102542
2495407886
3568104719
3589051399
3588792373
3555237925
3555435812
3555382576
3556394256
3547923765
3543930151
3543933222
3544064806
1367216910
1358823950
1086260942
3231456926
3235650462
3235650447
3226782601
3302460297
3331764169
2260115981
2260115981
2260050495
2259985199
2191827822
2196537838
2188150190
2168030639
2151345567
2151345549
2151574917
2149461141
3223141557
3223141552
3223137489
3225238721
1077361729
1077292865
1094073857
1126585857
1114035777
1122490051
48625603
44547474
1119329714
1123402914
1123337442
1114927334
1362387239
1345642799
1412953919
1425471275
1421147947
1421127481
1421131549
1425456412
1412889884
1410658060
1409576780
1409625949
1426470509
1464219503
1405485886
1384514318
1384595790
1388630350
1405392254
1363973486
1900842350
1909427326
1900971102
1901047871
1934471225
1930424377
1930391832
1930375960
3511554616
3519940200
3515751016
3515693800
3515644633
2446088907
2237451210
2271008714
2271080906
2264920346
2415845690
2243879226
2227101999
2227151149
2229048805
2489093540
2485111732
2501823124
2517555844
3590745733
3527763589
4072960933
4065644967
4063556007
4063551999
4063617055
4129349695
4129352750
4150327342
4158703882
4116859658
4117106186
3581285898
3564574490
3571324186
3566613562
3566607482
3566541050
3314822362
3353111946
3335845259
3331637661
3331641789
3330335151
3342922927
3306259630
3306325502
3510011214
3508986118
3513114886
1353031989
1353164084
1353184308
1348762740
1344556252
1345275356
1362513308
1932980124
1926688509
1926549087
1943326303
1937018463
1937225307
1936171611
1902420571
1903215227
1903216490
1901196650
1901325418
1903357038
1911747630
1911739422
1911747854
1911797007
1911788831
1936766269
1932588317
1932584205
1930613021
1897316653
1900462445
4039525863
4039493079
4039429318
4039417078
4123504102
4152798583
4156993351
4158043655
4149708311
3071641143
3071596343
3071566711
3004507127
2991989733
3000382375
3063350181
3079931301
2979022773
2979266437
2979262341
3016798149
2993733077
2993728629
2989554791
2989552679
3056791590
3039973398
3026341894
3034714886
3034714642
3034658355
2497787447
2497789493
2515996183
2545158711
2545171238
2679389494
2377395230
2415141918
2413047850
2409365546
2409567258
2412342601
3487358424
3478966168
3474755480
3474227608
3456610712
3724714396
3724714892
3741557388
3712197276
3695359741
3703758439
3569547879
3570563958
3570563414
3293711670
3293711638
3310486790
3310486790
3446891778
3488637202
3471859762
3471925298
3471986690
3482468418
3448947159
3452158389
3435198381
3443578797
3443589049
3477384363
3729058987
3729056954
3729056986
3730814154
3747513466
3724461419
3724530985
3714901785
3698097931
3425525275
3425066539
2351310378
2356617790
2365006414
3298165727
3314942909
3315024316
3281343388
3260305340
3256111100
3256179452
3524783740
1377234744
1377166648
1393881369
1393856521
1394380811
1896842299
1963885675
1968086890
4115652330
4115521258
4258133738
4258035450
4258034266
4224476730
4220380458
2609701935
2609701933
2613699709
2605445341
2571882965
2550907285
3645633461
3679184821
3670665141
3737778165
3730562532
3730496820
3730496516
3615136780
3577674765
3560885261
3560885517
3560885583
4097755131
4101887979
4124866475
4124866475
4124853691
4125029803
4158580201
3084838381
3051348431
3050824655
3042419407
3042423423
3042284399
3038033903
3038101477
3210210293
3210144724
3210149572
3210106820
3077916628
3077902772
4151644589
4151771565
4160032943
4160058543
4159792367
4159792383
4158711007
4125160527
4116774239
4116742010
4116938490
4116856538
4116856542
1969358814
1969227262
2002781438
2011178206
2011243742
1973560399
899822973
882970908
887120140
878829836
874610968
891405112
824215320
824229688
824224552
1885400425
1886514555
1366771018
1365127498
1407083290
1404969754
1404969786
1371350842
1354246634
1358522794
1106930105
1165674888
1161362824
1193853324
1127063708
1395564732
1362010236
1365680428
1374069028
1369547572
1369548596
3584147252
3622877989
3589601581
3579146031
3579212670
3579183998
3562406366
3570860510
1423184366
1423189486
1414802942
1414605006
1410419151
1410582991
1427278159
1360174927
2004000271
1995548190
1993712414
1989517590
1993715766
1985318950
1981059110
1981595878
4129255654
4128653733
3888529828
3884402596
3884144276
4139869892
4131415748
4128272133
3608226582
3541440790
3507882246
3512088838
3495831814
4043234590
4039083806
4039082783
3786769180
2744418844
2727641644
2986639916
2986651180
2986666556
2986695196
3003517549
3003522031
2983075247
2965308607
3030914205
2963879069
2427010205
2426943644
2431187852
2423831260
2448992908
2448993932
2482546333
2474227373
3006961325
3007225519
3006249391
2737608878
2737604718
2737145903
2770795581
2753978381
3827703821
3827769357
3828294701
3832155438
3970566702
3971619550
3971562238
3971512926
4026032654
4265140750
4263043662
4263158730
4267352552
4274714024
4148742568
4148742536
4115323272
4115327880
4111100808
3708366792
3575198603
3579449787
3589931183
3568959662
3567911078
3567780998
3567832454
3563629046
3559631187
3559897361
3023026432
3039275264
3194400000
3194392832
3195371776
3191128320
3191087904
3191218981
3195929574
3215786918
3181907374
3165129150
3181910414
2657888654
3732826574
3732827598
3732758858
3732726091
3726487899
3726620667
4229865467
4231695307
4235889483
4244343643
3970542381
3970477357
3974669373
3983056949
2939723813
2923401252
2789097764
2805859061
2771781313
3828752001
3833011873
2766407331
2762217122
2762224786
2762241222
2763504663
2780211207
2814289925
2801707781
2927603204
2923279876
2923282981
2789032805
2923233775
2923233518
2927559918
2919105758
2898144462
2898144462
3166652878
3170757582
3168594886
3185422166
3185424214
3084686087
3059585807
3059192607
3059208493
3059217709
3061152804
3077838884
3040086052
3022326032
4096139072
4101387969
4109763283
4237574803
4254359955
4258750595
3757502659
1601618115
1601650695
1601441847
1597252653
1601449003
1601448235
1509763882
1488861738
1488783882
1218185738
1218185802
1216958154
1334547135
1317643180
1254662556
1515946380
1513783436
1513783444
2050665700
2047387876
2051581991
977840174
705493038
721962270
722076942
688522590
672802286
685443046
681132022
681127878
681062342
697854934
735603574
718858551
718862645
718927972
719059172
727382212
723187844
706467972
706337188
777640356
786160037
786161046
643428486
639230102
622583990
540701046
543838494
543838987
543904539
543891227
544148251
544147979
552552970
549440218
1639762586
1939656330
1939128970
1907671690
4054110906
4053918634
4091797930
4083409386
4066631786
4066485306
4075007007
4074945613
4075199693
4091976924
4083588348
4045839868
4045852668
4045852284
4045837876
4045927972
4049925668
2976180017
2959402769
3034705713
3034775329
3026377505
3027421697
3159542273
3176319552
3218329552
3214006240
3216045025
3216036849
3220558803
3220566514
3212637410
3212629090
3078376546
3074255986
3074305031
3040487685
3040487940
3044739620
3053211172
2778484284
2778560012
4124926476
4123845132
4123849583
4123836526
3888432238
3881094374
3877096678
3877033158
3876774086
1997693126
1997677006
1968321358
1968313934
1951612478
1960000046
4103416366
4103350846
4103371359
4103390797
3568616015
2515845710
2670969414
2668884598
2650891110
2650808678
3737133154
3716227186
3699519731
3699536100
3699426724
3703627188
2621488004
2617285508
2667756164
3724716740
3725766340
4262628932
3058796132
3058733605
3067126631
3083903335
2815537638
2807480806
2790703598
2787035134
2921222102
2940083158
2910595366
2843486246
2834053166
3102542862
3119124495
3152687373
4209652028
4209651764
3668590932
3668492752
3669534161
3669536723
3669540850
2591727586
2602213346
2635765746
2618984130
3160052419
3162150593
3027879909
3027817956
3027817956
3036542453
3036665343
3035419631
2976150510
2707780606
2703577438
2703605786
2707735611
2774858809
2775050521
2774969097
2804329225
3878066955
3877997850
2939454762
2922692906
2922697018
2855723310
2859885358
2860409390
2868786966
2868709143
2851604245
2834892596
2834900516
2834837028
2834837028
2834837029
3103272791
3096980934
3113757846
3113778358
3114007718
2879372454
2878708903
2857733509
2852226948
2869008004
2869012044
2869145100
2836589116
2838948652
2904975660
2909734956
2943159340
2934637772
2931433628
2929336511
2928541870
3197977774
3193730222
3072117942
3023736262
3027930374
3169758470
4239387910
4239256855
4176340261
4168053541
4163830565
3912172309
3912184596
3913164564
1769879340
2040467437
2072776637
2055742857
2055742601
2055791753
1523168395
1523160219
3683368122
3649805818
3633029118
3638273630
3699020318
3711619615
3711570463
3716022909
3715498861
3715236205
1567692028
1576080636
1607537897
1603280107
1472265418
1455467594
373337162
369144938
385921098
339783882
1413599434
1413665023
1413673965
1413658340
1422298788
3570174596
3587153540
3604919940
1451143812
1451160196
1447023284
1983214245
1983128237
1983128301
1966351977
1684287289
1684306184
1818621960
1827118088
1843891208
4024928008
4016408072
3999569417
3996448363
3994408618
3997562538
4265877930
3201048746
3196850330
4270665881
4271780969
3736998952
3740075068
3731366924
3731431437
3739885583
3472502798
3480883262
3424324718
3424131326
3290118602
3293195210
3297655370
3298692619
3298034201
3229889064
3229626924
3229635372
3229647652
3233841444
3222310181
1074895151
1073977662
1090689286
1376172038
303478790
840336454
840728662
572297453
571257068
571273452
571290348
588125932
592322220
591797940
600120965
818165458
813969890
813981922
813998290
813999298
813997122
814189635
835108163
839296835
839295811
1912774978
1980924226
4111631714
3826314594
3825264998
2755684710
2764126574
3821157326
3868344270
4136698766
4138795934
4138800039
4138742181
3622838692
3576701088
3574609056
3607311584
3590550720
1447286145
1455859073
1455859589
1456904133
3619653589
3585972196
3703355244
3707545384
4236026664
4231848232
3158107417
3157683483
3157665834
3157399594
2622687274
2631075130
2643657034
2675979210
2676236938
2676368042
2676294314
2677801641
2631664537
3697110424
3697076632
3692357832
3692341449
3694438603
3745490074
4265517194
4269711498
2126152074
1455145371
3605578665
3597168553
3576180456
3559538428
3580757629
3589145117
3567583773
3567534621
3571771149
3571904261
3563514629
3564567317
3564633893
3589658597
3623207605
3604284053
3604288141
3594793663
3607364271
3573809642
3562284074
3562285098
3572852746
3572885514
3589646347
1475849227
1475776587
1454801353
3619062233
3621163433
3612780009
2506007912
2503845161
3040720665
3040719369
3078468123
4135563835
4143960634
3069919802
3212329706
3172485098
3155713514
3155909098
3162238427
3166236107
3182978505
3218629449
3218813769
3076129241
2505708009
2516464811
2499613871
2499740847
2516451486
3753783438
3751223754
3621003594
3352580379
3344231723
3311200555
3311397241
3311336395
3321814987
3321485263
3354973070
3472413182
3472540142
3463086126
3458961446
3324878870
3325026311
3309297669
1417606404
1415466308
1415450052
1281170932
1276389220
1276453472
1276256849
1410486787
1414676994
341034498
340839714
364947746
398567762
1455590850
1455587779
1448248259
1985184673
1985192871
1983947175
4148209063
4114668718
4114631919
4110829823
4148570591
4148309471
4140967807
4136961917
3602121565
3601871837
3601867263
3603964399
3578794479
3556836335
3288466255
1141007887
1145267727
1146224453
1146421077
1171643717
1205263693
1188480463
1180075487
3326580094
3328107790
3330200846
3338454334
3354191214
3349997035
3351074281
2247967224
2245870072
2237494264
2245878776
2229139000
2164119080
2159935016
2159865448
2164063993
3237791641
3229074847
3239396798
3239380142
3239388398
3273008254
3273007134
1110847774
1131876622
1102393614
1085563143
1085567764
1085594932
1087686948
1078298916
1074239844
1090956612
1124513089
1175879937
1180156163
106221623
106197030
118841382
85337398
68562183
72747783
72747863
81071861
76551909
76554965
93352525
95666765
99844869
133268277
1204917551
1205183855
1180019950
1175823614
1175834766
1175732618
1175798155
1178027003
1205303017
1436020329
1435823977
1469361145
1473555851
1448379786
1448444298
1175830938
1175962042
1461076395
1459774379
1430381161
1421927981
1418769965
1552983837
1553049359
1553179919
1548977183
1275186222
1292127270
1325872150
3473290247
3473281031
3418755877
3398316580
3398308436
2325628484
2392836036
2409483668
2411527332
2411525284
2407331245
2404698031
2371143343
2371282606
2371052206
3440468726
3423720262
3422802182
3422626054
3288343814
3422562583
3426887991
3318118693
3347466549
3347499269
3330590023
2257359302
2274132370
2278326690
2270003618
2265822626
2248457698
2248519522
2252777266
2277942530
2241260803
2245467136
2215909408
2215905312
2215906336
2216035808
2244354960
2273714816
3347456640
3330790019
3330573954
3334770338
3322186402
3339750050
3339819670
3608342158
3608339854
1460756959
2001740011
1968186603
1970347115
2087934059
2087970923
2087971099
2104730891
2113114382
4294017802
3752956442
3757093422
3748724270
2668640815
2501057085
2499943740
2512524348
2223116348
2223374556
2223313052
2223260844
2223820205
2237450669
2232846781
2266414223
2248322254
2248272910
2249577790
2251650366
2251761438
2264344094
2260149822
2274828838
2241135398
2240086902
2227519830
2220180759
2220195077
2220092676
2220027140
2218976512
2219009792
2214687493
2218873093
2235781399
2378355046
2378364262
2357384550
2374141126
2378596559
3453259983
3411326189
3675563496
3658788840
3658985208
3658985048
3674713672
2013636169
2013553245
2014581630
2081751406
2081886318
2081886446
2090205422
2106983886
2123767246
515268558
515166150
519346126
242541023
238313851
235942201
252776489
219362601
206710061
215098669
209855823
209785165
209716173
211026893
97911501
83260116
74867284
74715732
82068244
82264852
15192373
15065381
31778101
48543029
48598357
48727413
1115002341
1115005173
1114939573
1114943645
1112899997
1112966621
1112966653
1377212221
1377145645
1381294893
1398039337
1398022952
1359230248
1359755560
1359747496
1364003260
1401884044
311362952
311235467
310645642
310432702
314610606
318812590
352366894
336636938
338733066
874555406
606181399
606246935
606242819
606241027
607290115
620856115
654533157
570565141
570565125
570559063
571673583
581962671
582228394
582228106
581177482
581701770
849117386
307007594
319599658
319679530
285993002
1397385578
1401578458
1099571850
1099567754
1166672778
1166749630
1170750383
1162361765
1296571044
1288380068
1285187252
1289250452
1283253908
1277462128
203722288
203664912
69381648
69381632
70508050
74669586
15883058
59922466
42096658
46548993
38668289
34277377
34110579
34137314
34140386
281592038
281838070
281384902
277188310
1887931110
1887935334
1619441712
3817256960
3871779072
3859196736
2919669312
2923398880
2922152675
2787689126
2787775142
2720675494
3823841190
2745703590
2745702566
3819452575
3820497039
3810011279
4077529230
4077529230
1930312110
1636700078
1636634334
1636568653
1619820108
1888792268
1892984516
1679075292
1678808060
620860348
620995560
654483944
654476584
654495019
654522378
655370250
655370250
624064811
636672363
632472873
564167433
564167435
564237066
568566074
556901418
554757178
553650218
553716206
805441454
1892026030
1887842982
1887842966
4035273350
3498369670
3498415750
3519385222
3520040646
3554590294
4093554487
4092438311
4092372261
4083729444
4045979700
4046127140
4046323748
1948647444
1948651780
1411520311
1424170534
1419779622
1437609474
1437607426
1200824834
1200869890
1167294978
1167364641
3314852640
3319046948
3353319188
3344926276
3327100484
3590948436
3590976092
3608801836
2501433133
2488849709
3029922857
3029986313
2493246729
2631659277
2640051837
2652458605
2654537471
2654667263
2658873534
2663063742
3737002150
3734909094
3466530982
3470012599
3439604119
3422892423
1275274125
1275275085
1275079949
205531404
214972700
210770204
210910541
227702221
227688911
265404859
264294890
255910378
218210682
218211642
223388986
231779611
231847195
257144091
521318667
504549643
504807707
504873274
508932394
509453099
1464706875
1968017211
1951174459
1414302555
3578313547
3578379531
3611997451
3604668699
2262446139
2281570413
2512257135
2512257383
2495480679
2495501029
2493379285
2497248963
3575160515
3575290563
3574243009
3607869125
2131288821
2097734373
2097701629
2097705919
1963472302
2001235182
2009688238
1988810910
1988811918
1989076110
2140135630
2105848027
1975816425
1963036777
1946321213
1946322205
1946324253
1677892887
1677894935
1682154967
1816367551
1833091487
1850917261
1850888589
1853030844
1852899756
1852900332
1853109096
1861493544
1839474472
2091132217
2092180539
1018635290
1018635274
477901834
337446170
337512042
400426746
379455115
379197065
110625416
115082120
39613352
46425001
63185899
25433067
8389611
1086343145
1086422521
1103358425
1099098568
1133690312
1123456201
1123516491
1122795546
1122795578
1114144810
1126936878
1076551982
1076552462
1076556302
16503311
12112445
77132589
80277801
122475817
101569833
101700633
370136137
505279561
236745947
236736731
236737018
190657018
148775930
144582362
144582362
144598618
211608186
1285341803
1291616877
1283036029
1142530397
1427743773
1427678253
1460251693
1443802391
1443806470
1376682310
1376747895
3528311015
3528212709
3544973541
3511484628
3243114964
3230009060
3230013164
3230084844
2157195005
2243178313
2243181897
2238733641
2234619225
2233710409
2238947913
2247209673
2213647065
2213778107
2213778346
2205266858
2205397422
3279140350
3279154650
3279023482
3274833210
3526726938
3526858010
1379381274
1377284123
1914015771
1929687103
1896132645
1342484517
3490496565
3490578709
3494510903
3494515495
3502912295
3570022199
3297391110
3448386118
1268257534
1522063099
1522048713
1516813257
1244248265
170637513
170506441
170437705
171450457
171442201
153747512
136983084
146416172
146416236
145374788
145365572
212404929
212388819
132680163
1182316003
1178116579
1176019955
1174971235
1174970979
1158324803
1145745986
1074446914
1074332274
1074266722
1074270562
1078465635
1149770849
1284127809
1301953604
1270561860
1269310532
1252582748
1252587004
1252577769
1252577771
1257034219
3397173739
3409762299
3407734777
3410879993
3394102649
3401966937
3397907787
3397879131
3398795642
3400827242
3401433578
3411931626
3374113258
3356357082
1208906186
1208903131
1208823295
135014895
135015863
202257799
202246023
201720711
68551559
68289491
72504275
89355091
97641267
97640755
97624369
122922289
125015313
120816976
119637456
123835857
124106705
132494227
116765362
1188402870
1180145318
1180153766
1175957414
3327634870
3327634870
3596068278
3604459927
3595940279
3596071335
3595952551
2522210725
2547114469
2505172965
3042306037
3044407285
3044398581
3044341221
3044402549
3044537717
3044463959
3039286551
3039813430
3161415462
3161292326
3169680950
3186437942
3185917718
3186955543
4118025493
4118025525
4115936564
4116133172
4116135220
1976909108
2110006581
2143560789
2144085207
1598895319
1599014038
1599014286
1573650846
1556890527
1552827295
1552868303
1552737241
1552736633
1284301161
1221393787
1280129403
1280260411
1277040922
1545493258
1430178650
1467926346
854377163
849642441
849642392
854885032
840213160
840230568
839197608
839189405
839205307
861913194
565100587
548381753
548186120
547661832
820426760
812038600
807831945
1899201163
1930658506
1915912762
1927455274
2007032618
2007032110
1973451823
1973438471
1416759303
1546784055
1544693605
1548882693
2094162693
2106708255
2110828863
2110825533
2102438973
2080417821
1812047901
2080618607
2080606286
2097403982
4261561354
4262592570
3725992254
3659407678
3671994918
3667595814
3684242150
3684184739
3684196992
3686326912
3413688704
3409608864
3409878448
3374213509
3374197191
3357419974
3646827334
3718216446
3751410414
3753418474
3753412235
3736643209
3740964536
3606745768
3598418856
3598566312
3594342824
3594465768
1965428968
1948652649
1948662843
1961240603
887568395
887372043
820787467
292297035
292425035
325977435
394069275
394019099
402153787
401137979
401449275
368026426
368951082
343706414
1410632558
1409653758
1154400206
1166993358
1334764494
1317917150
1317855534
3466191150
3470369067
3738927401
3621356841
3587737896
3296233848
1144752584
1144711628
1278930316
1276900548
1278898500
1144668436
1149158181
1173287463
1118233142
1118234182
1122471618
1113885634
1109690770
52730290
3651810
272018642
276733970
285048850
870944786
845914130
841719859
841715809
842772705
907649440
621343648
604504740
1678508716
1678511789
1682340585
1691773679
1687644911
1687452347
1687448202
1687449482
1742018442
638915467
639046602
638980590
641077614
654127471
649863469
649855245
1723364616
1989712904
1582864392
1578874940
2115745852
4212766732
4183533836
4172981788
4173247021
4173238830
4172726830
3103015470
3107193646
3107196206
3107327038
3105769502
3118393614
3114200334
4221287758
4221089230
4204299466
3134751883
3141110921
3946556809
3896159676
3896438252
3896438764
3895885684
3893825349
3897567063
1750083365
1749100321
1765947185
1791104785
1787953937
1786843923
2055233859
4202750419
4202734994
4206935474
4206926230
4206934422
3670260182
2659368406
2663578966
2655438102
2673263878
2541111062
2516473718
2499729382
2495600614
2494879655
2499072437
2490691988
2503274900
2501174452
2501373092
2503375076
3044497876
3044374980
3044502469
3078022869
3078021751
3086472054
3086274870
4159754550
4151374135
4113625399
4114083615
4114082637
4117949405
3849780157
3849767325
3849767311
3848521102
3844199310
3844109278
1696609134
1679827758
1679827246
1692411174
1688286246
1688345653
1688343572
1957827844
1955722500
2000721156
4127307012
4127429892
4131884292
4132277556
4132281636
3066609444
3083384364
3184185964
3159020268
3155846908
3155756733
3155705773
3176692909
3214441647
3197850782
3199911054
3199979662
3203985598
3210274238
3174819278
3157978382
3157191982
3161377582
3027197246
3052365078
3186585862
3220041990
3212689718
3212296495
3212300591
3210083645
3176458525
3159730493
2886113565
2890308877
2890315277
2891420172
2908082716
2908542524
2937908780
2937940844
2921093613
2925268455
2935948750
2931687822
2948469646
2948534702
3216773542
3183227046
3187417270
3170836637
3161793692
4231279756
3962571916
3960687004
1813182972
1817373148
1824565583
1841343502
1832952910
1829888070
1828909510
1828869110
755110630
742527715
1749227235
1757509493
1758586164
1775500572
1811135244
1857141260
1861270028
1848683037
1846606399
1846572698
3994030730
4010803883
3979411881
2917138600
2912951464
2914072680
2779916348
3082184716
3082087436
3082069773
2545398318
2544284206
2506981742
2502721774
2502722726
3040709798
3038693526
3037657223
3037653381
3025029508
3025037188
4098253253
4099350997
4107743703
3562476023
3562354151
3579146227
3581110995
3614636739
3620985537
3621117633
4157923267
4091008898
4093040018
4084712866
4083537314
4062537122
4062536098
4062278067
1919111653
1658933733
1658868964
1658879220
1650485445
572549325
572578013
572705007
576900590
602068958
597857102
601989447
1700831493
1700831540
1679941924
1679947556
1679982132
1684159013
1617037925
1625492199
1642076854
1675636358
1658990470
1726088598
1738621366
1738596854
1738580246
1742774550
1734386710
1730196534
1730188598
1864602918
1864564006
1864564022
1868717334
1811041590
4191243558
4191255846
4187225398
4174566662
4174632198
4173452614
4257277303
4257344743
4257283303
4290804967
4290786543
3074495855
3036874094
3042053694
3042057790
3046325823
3046325815
2508217877
2508259076
2445338372
2437191428
2487715348
2483458580
2487652980
2487654116
3032848097
3032780449
3049627059
3083312279
3070467206
3054738582
3054752918
3054695574
3054691510
2786256118
2807293423
2815688575
2781992543
2815555423
2815453023
3891355999
3866185854
2792444143
3876607215
3843118591
3847380830
3847413342
3992115807
3992059487
3992235534
3981747726
2903827727
2769671455
2752959789
2757162285
2759776045
2784908861
2818405980
2807855101
2791069693
2791077293
2798503341
2794308847
2794308863
2815907023
2807456975
3843450063
3843445997
3843509485
3843513821
3960963021
3981930189
3981799165
4243879677
3165935357
3182777039
3182781007
3220534046
3186971446
3178575671
3178700655
3178699647
4109310431
4244453823
4240195005
3719576735
3723768990
3721662654
3746562222
3746853102
3746882654
3755254798
3753157902
3735923982
3735928638
3467231022
2389245742
2401781038
2368405822
3425304870
3438944559
3300532589
3300471276
3300659612
3304856972
3292318092
3291449740
3559831948
3493768140
3510545352
4085034568
4092900952
4143288920
4134900328
4131164777
4064113391
4064154367
4063179246
4067172590
4092330222
1907164395
1891501259
1891511371
1891510281
301754393
293402937
326950201
322737417
322273544
322405192
291476461
1365091053
1407029997
1390314239
1390315214
1381940958
1382018534
1381887206
1381885166
1398797790
3514811726
3514730318
4034311951
4034309919
4042764077
4041522989
2967780909
2967772733
3043333725
3039154911
3073655510
3056865958
3056869798
3061063854
3069444334
3064333566
3081116750
3081137230
3584126031
3571510349
3571694789
3563232708
3563226580
3559113716
3559117813
2485383943
2502058767
2539856702
2539980590
2523211566
2531737390
2544320298
2544311595
2544110907
2544110809
2544110793
3622063497
3312633753
3308409499
3291636379
3291570846
3291833310
3291832702
3295944750
1172583470
1201937463
1185232917
1185294612
1189488916
107354372
103090436
119803148
69469468
69681692
70185484
70246932
120357473
107777507
107591922
103414002
103413875
103381107
103364721
107624769
116014401
116010817
132714304
132734801
124345169
124345201
90823537
90823537
91086707
23982961
23966705
23966705
23966161
7189457
7189461
7206589
7174845
2964155
2964155
7158427
15481786
15481258
300692650
854331562
854331579
854470811
854483371
871326187
837575147
820798955
820803951
812480895
812513663
829291903
829291903
829291903
829290879
829290879
829291007
292403583
57653599
57653535
40746262
40744210
40743186
40874258
40874290
40874290
57589522
24033794
15645186
1088854531
1155959297
1156943649
1307878689
1330946400
1595310144
1580630465
1580630465
1585349105
1602086373
1602088421
1568532863
1567443263
4234956591
4231821099
4236010283
4244431707
4243911131
4239709691
4105489833
4107585961
4099337129
4116114361
4115820189
4149442445
4140848015
4073767359
4067660206
4067602606
4066615398
1918935094
1918936118
1935780919
1898096663
1931913222
1915149318
1982288946
1982230562
1982230566
4134420774
4159570230
4121822031
4105111117
4104981068
3568114280
3572267625
3571739241
3580115529
3731119625
3731117321
3731124253
3732267071
3749044277
3715621141
3707171079
3707159367
3707159511
3707225079
3707102198
3698811862
3715586038
3715450870
3699146734
3699142126
3699142126
3707530751
3703330121
3569108808
3589031896
3597531128
3598116280
3598120348
3598185661
3597989039
3604280751
3604263342
4140994974
4134703566
3526619358
3542212726
3542213671
3508694327
3546447671
3546701366
3555153462
3555161622
3551884118
3556001142
3556033766
3522559223
3522624711
3522090181
3505309141
3580739941
3580687141
3580688180
1433267989
1475145493
1475210549
1451226148
1446985764
1446854676
1463619588
1430129668
1412040708
1416251940
1420458528
1420544528
1571340994
1604895362
1588122546
3731419554
3744002466
3710579122
3693769606
3694820998
3564731038
3570952877
4103629480
4103629480
4120406712
4074270344
4066128520
4066194056
1918763944
1918767531
1918640298
1913921710
1916015854
1931873366
807824390
807595014
811842822
820092678
1889639958
1889569334
1907657278
1941212718
1941221934
1408627246
1406554927
1398173997
1364615468
1415019836
1423276348
1423206676
1423206404
1415575556
1163840516
1193197568
1195036672
1195032576
1193985280
1160416800
1173012000
1470865008
1470661313
3735585410
3739796114
3731460514
3731484834
2674454690
2641091826
2490005702
2490071494
3036277742
3032017645
2964908712
2964875944
4070076088
4074256024
4065866680
4061860264
1914572968
1914646697
1914515629
1933456559
813567118
817266126
816246535
816094727
815840823
1893773095
1893770542
1894819134
1895076158
1909769006
1909867498
1976988650
3587581930
3579260910
3578018782
1431583694
1431579086
1431644623
1442212047
1207323847
1191068871
1182680391
1182716165
1316667651
1311490323
1328144674
1294590242
1277944626
1223332626
1219134258
1488556323
1507369315
1506599139
1498211511
1531902343
1598970255
1560677279
1410796223
1410669215
1347698363
1372858281
1368662953
1921266088
1921257897
1925472425
1380212985
1381298267
1383383067
1361563962
1344708922
1881580314
1885778507
1895141115
1957989353
2006235625
1989454329
1985259609
1981070361
1983230985
1982246920
1931919672
1898337068
1931886124
1383471668
1381243440
1389640240
1388657457
1390365971
1407108098
1366999042
1417314306
1148879106
1148945666
1276706066
1276669746
1293498162
3453621794
3751412258
3751478115
3686274017
3686278116
3724027836
3698863500
1551591816
1411111321
1410980281
1411185081
1947531707
1951718827
1972683179
2006028715
1993466347
1913741674
1930518890
1930650986
1932686702
1941097966
1941097965
1922282940
1922081932
1925227676
1912648956
1913756924
1932786012
1898084684
807541597
820120574
551754750
551566254
1626439597
1643577324
1639423484
3786710284
3789856004
3781473796
3777279492
3777345044
3777467964
3794705965
3798915630
3798878766
3794274350
3794274350
3794274462
1646991514
1651129482
1634352266
552218762
816452235
816517801
816394937
817444505
817375929
821586600
1895361256
1937546200
1920776536
1920840968
4068389640
3539894792
3551429176
1923916328
1923982888
1924049450
4075731754
4067285034
4063021098
4063021306
1915647114
1898586250
1881810058
808064138
812257209
816520872
816395944
548938408
548987576
1638703816
1923916296
1928102424
1919204905
1931848235
1931913771
1915140650
4063136266
4063088394
1915253022
1915228222
1898578046
1885995246
1885995181
1894383804
1894387612
1894407756
1940647432
1923673656
1927849769
1927849003
1919456282
1646824458
1663731978
1969916170
896195034
929754618
912811194
908615834
841748638
841875647
841875903
854472373
850359984
850358960
917336704
933852036
904753543
1416458718
1411718654
1545869802
1550137834
1559048170
1555768938
1555636970
1419256490
1419257498
3566758539
3585665689
3598232248
3594041784
3594107292
3594170828
3598365444
3312091652
3295330848
3295273520
3295371776
3295565315
3354265378
3467378722
3467378722
3740008546
3732742294
1581195406
1293821066
1277045899
1281231241
1549732505
1560104633
1417436890
1415900890
1415884538
1961148330
1944558506
1924639145
1922411960
1925554568
1917292936
4061627288
4061565672
4080460395
4079411754
4066820654
4075209006
4070883374
4070888510
4075086862
4134397962
4114540619
4101929161
4236134857
4233759449
4233694841
3698857531
1551372842
1550586414
1609311022
1589469478
1589403703
3667158021
1254386692
1246230532
1258748676
1225181697
3356936707
3357427266
1224622658
1237140422
1237074407
1268572653
1239179628
1222077724
1213688588
1482029880
1477753128
1477749800
1477751929
1479835849
2067038411
2053539290
2054587834
2060891562
2051319018
2051319022
2047647998
2047783006
2047787118
2048835887
2048839991
2048910599
2069488919
2044583989
1776284773
3906983029
3906852053
3898473941
3897556981
3897024229
3897024229
3964100341
4240924372
4257484372
4291043188
4265880420
4265945893
3200650022
3133541654
3671524358
3679785990
3629985798
3638497286
3636334598
3636069078
3635135159
3702043300
3702040236
3694706356
3441011076
1292609924
1594599812
1594550657
1577773443
1581970723
1591394595
1459274001
1458290945
1458286848
1449828608
1584046080
1567261952
3714747840
3693842420
4231629797
4231589605
4231851749
4236109541
4110275572
4106077180
4105978876
4109662124
3044290221
2994154157
4067826367
4076276366
4076080526
4067706046
4066693294
4067291374
1928241246
1928241158
1928311815
1936505909
1932307493
1932191767
1982520326
1982481462
1999503398
1965949222
1953432566
1961820822
1957102238
1956974271
1958550173
1421621916
1421617820
1425812100
1416915588
1416918404
1430048848
1429008433
1462607923
1462739251
1450090771
1450086657
1450082561
1450098945
1601094912
1601095697
1596966933
1597888885
1568467303
2105306479
2105336687
4244427483
4240265947
4104082073
1956402857
1960582825
4108069545
4116654765
4150214557
1937573263
1920730271
1920815294
1920852142
1919262974
1919194207
1919194143
845458749
845655101
912698397
1986444295
1982764054
1999631414
1999630390
1965977718
1949171894
1949173158
1962806950
1958678183
1958546109
1958574749
1957489349
4125420037
4133808661
3592744247
3593266215
1445782566
1986981927
4134465559
3739939073
3756676865
3723118353
3706277729
3697823201
3697901009
3715841987
3715761987
3757786067
3757658595
3757629921
3724075445
3707758469
3707674244
3707734660
4244605620
3162356452
3161762412
3178539564
3195319852
3191124508
3191206428
3061174844
3061174820
3203789348
3217027877
3221078885
3221014503
3178808822
3158240646
3161389446
3161381078
3169667318
3161213174
3044814262
3040683414
3044943766
3053331094
3053400758
3049063350
2981889430
3018601622
3555474615
3547101303
3547097089
3547326465
3542608896
1395057920
1378275584
1378255632
1382466352
3598107408
3623277316
3589721604
3571960405
3706047085
4242864751
4242860651
4243876714
4260656506
4159963482
4151312858
1936798138
1934762427
1930831291
1917203899
843529663
843333055
851715227
852763785
854865033
313328779
334365834
300836042
275768650
7337530
15699498
11373098
10795546
10791450
10856986
27769211
312972521
317038824
308584680
1378218232
304476376
304541784
305057880
321836824
321838616
334486040
334363144
317323785
48880155
40491578
40492346
40432922
40456218
40517658
40550426
49205562
65984314
133158686
133007183
99452365
367886556
359235836
338264300
338546936
338687224
338650360
338650344
342849000
343741928
274546680
1423732472
1419537145
1419635450
1436277338
1452920410
3604530714
3596145466
3329806714
3346747738
3229251034
3237621178
3300793243
3502181019
1354570681
1404845481
1392271528
1383882920
1379717256
1378873480
1395581128
1362027992
271511288
271310456
275504760
283700856
283700856
283696697
300535611
1399430462
1399438398
1382661166
1378606110
1395317774
1399520526
1399520518
1407868438
1386958390
1453938486
1453875495
1453875492
1453936676
1458062396
1445514252
1445714956
1445657612
372171804
390000732
390058461
1428022169
1415571097
1422827163
1419677339
1421839003
1421707995
3500982267
3500977659
3506236859
3497911739
3565151151
3565048751
4101964718
4101780462
4109640494
4108673839
4108797499
4100262409
2087479817
2083285769
2082826505
2103893257
2137440585
2130084040
2127659480
2127606248
2126554088
2118166376
2118233961
2114038137
1979955579
1981275386
1981105322
1981218986
1920860350
1937641662
1895698590
1962807710
1958679199
1957508697
1957444153
1961650745
1952737849
1952738843
1952802331
2103800091
2103726347
2112143387
2097004665
2097075304
2094984696
4259294168
4284328920
3730685897
3596473803
3598501018
3598041274
3530899626
3548278954
4127089066
4110315962
4110308318
4105171839
4105036349
4109166141
4096585276
4096555545
4096555545
4113514267
4281218331
4293792027
4290200025
4256481737
4254389656
4254379944
4291079144
4265978856
4127702524
4128675020
4128670925
4063723727
1916256415
1915121854
4079362222
4046856366
4101898670
4110353390
4106162735
1956976187
1956919835
1961110027
2086939163
2082745115
2087073051
4251402249
4260675913
4187275721
4187333625
4186285800
4223971049
4207192809
4198804475
4262968282
4262956490
4269114842
4269785578
3194929642
3194905082
3194905086
3194908910
3211620590
3221058799
3187107063
3170331719
3168134151
2631267591
2648143127
2683665686
3757407526
3732363558
3598141798
3598126326
3598654614
3598656654
3623497871
1442452620
1442383020
1416105388
1416116588
338373148
879372828
879311420
887635500
887629356
879244828
879244812
879242780
879243069
627591487
627964279
627964279
627964279
627964279
627964279
627964279
627964279
627964279
627964279
627964279
627964279
627964279
627964279
627964279
627964279
627964279
627964279
627964279
627964279
627964279
627964279
627964279
627964279
627964279
627964279
627964279
627964279
